datetime,open,high,low,close,volume
2026-03-10T19:00:00+00:00,158.97800000000035,159.09600000000034,158.95800000000037,159.09100000000035,6534
2026-03-10T19:30:00+00:00,159.09100000000035,159.23500000000035,159.09000000000034,159.14200000000037,9810
2026-03-10T20:00:00+00:00,159.14200000000037,159.19900000000035,159.08400000000034,159.13800000000035,3116
2026-03-10T20:30:00+00:00,159.13800000000035,159.20000000000036,159.13600000000037,159.14600000000036,1901
2026-03-10T21:00:00+00:00,159.14600000000036,159.20300000000034,159.12400000000036,159.19700000000034,310.0097717997356
2026-03-10T21:30:00+00:00,159.19700000000034,159.20100000000036,159.14800000000034,159.19100000000034,260.8768304806943
2026-03-10T22:00:00+00:00,159.19100000000034,159.24700000000036,159.16200000000035,159.24200000000036,867
2026-03-10T22:30:00+00:00,159.24200000000036,159.29200000000034,159.23200000000034,159.27500000000035,1192
2026-03-10T23:00:00+00:00,159.27500000000035,159.29600000000036,159.19400000000036,159.26000000000036,2233
2026-03-10T23:30:00+00:00,159.26000000000036,159.27000000000035,159.16500000000036,159.21500000000034,3290
2026-03-11T00:00:00+00:00,159.21500000000034,159.29300000000035,159.02700000000036,159.11300000000034,9051
2026-03-11T00:30:00+00:00,159.11300000000034,159.33400000000034,159.09400000000036,159.30300000000034,5764
2026-03-11T01:00:00+00:00,159.30300000000034,159.41500000000036,159.28900000000036,159.37100000000035,8012
2026-03-11T01:30:00+00:00,159.37100000000035,159.44500000000036,159.31600000000034,159.38500000000036,5227
2026-03-11T02:00:00+00:00,159.38500000000036,159.48800000000034,159.35400000000035,159.48700000000034,3197
2026-03-11T02:30:00+00:00,159.48700000000034,159.50000000000034,159.34000000000034,159.40300000000036,4340
2026-03-11T03:00:00+00:00,159.40300000000036,159.41600000000034,159.34300000000036,159.37600000000035,4133
2026-03-11T03:30:00+00:00,159.37600000000035,159.37600000000035,159.27800000000036,159.30600000000035,3827
2026-03-11T04:00:00+00:00,159.30600000000035,159.36400000000035,159.30600000000035,159.34500000000034,3256
2026-03-11T04:30:00+00:00,159.34500000000034,159.34500000000034,159.20700000000036,159.21300000000036,3619
2026-03-11T05:00:00+00:00,159.21300000000036,159.25400000000036,159.17200000000034,159.24300000000034,4078
2026-03-11T05:30:00+00:00,159.24300000000034,159.29100000000034,159.19300000000035,159.28000000000034,4245
2026-03-11T06:00:00+00:00,159.28000000000034,159.28600000000034,159.07200000000034,159.08600000000035,5801
2026-03-11T06:30:00+00:00,159.08600000000035,159.13100000000034,158.97100000000034,159.10600000000036,4228
2026-03-11T07:00:00+00:00,159.10600000000036,159.27900000000034,159.07000000000036,159.23000000000036,8599
2026-03-11T07:30:00+00:00,159.23000000000036,159.38200000000035,159.22800000000035,159.33400000000034,5919
2026-03-11T08:00:00+00:00,159.33400000000034,159.48100000000034,159.30500000000035,159.46400000000034,6346
2026-03-11T08:30:00+00:00,159.46400000000034,159.57500000000033,159.45300000000034,159.53300000000033,5682
2026-03-11T09:00:00+00:00,159.53300000000033,159.61900000000034,159.51300000000035,159.56500000000034,7570
2026-03-11T09:30:00+00:00,159.56500000000034,159.62000000000035,159.48100000000034,159.60400000000035,4701
2026-03-11T10:00:00+00:00,159.60400000000035,159.61800000000034,159.48600000000033,159.52100000000033,4270
2026-03-11T10:30:00+00:00,159.52100000000033,159.54800000000034,159.38500000000033,159.42000000000033,4070
2026-03-11T11:00:00+00:00,159.42000000000033,159.48300000000035,159.38100000000034,159.47900000000035,4282
2026-03-11T11:30:00+00:00,159.47900000000035,159.63300000000035,159.46500000000034,159.63200000000035,7210
2026-03-11T12:00:00+00:00,159.63200000000035,159.67000000000033,159.48600000000033,159.50100000000035,7857
2026-03-11T12:30:00+00:00,159.50100000000035,159.75800000000035,159.42700000000033,159.73900000000035,12501
2026-03-11T13:00:00+00:00,159.73900000000035,159.75200000000035,159.61400000000035,159.65500000000034,9375
2026-03-11T13:30:00+00:00,159.65500000000034,159.77900000000034,159.60700000000034,159.61000000000035,10099
2026-03-11T14:00:00+00:00,159.61000000000035,159.74400000000034,159.43800000000033,159.73100000000034,20004
2026-03-11T14:30:00+00:00,159.73100000000034,159.82600000000033,159.69100000000034,159.81900000000033,6546
2026-03-11T15:00:00+00:00,159.81900000000033,159.91600000000034,159.80300000000034,159.91400000000033,5747
2026-03-11T15:30:00+00:00,159.91400000000033,159.98300000000035,159.89100000000033,159.96200000000033,5177
2026-03-11T16:00:00+00:00,159.96200000000033,159.99500000000035,159.90700000000035,159.95400000000035,7289
2026-03-11T16:30:00+00:00,159.95400000000035,159.99500000000035,159.90000000000035,159.96500000000034,4937
2026-03-11T17:00:00+00:00,159.96500000000034,160.05800000000033,159.94700000000034,160.02200000000033,4549
2026-03-11T17:30:00+00:00,160.02200000000033,160.10500000000033,159.96600000000035,159.97700000000034,5424
2026-03-11T18:00:00+00:00,159.97700000000034,160.07300000000035,159.96900000000034,160.03000000000034,4937
2026-03-11T18:30:00+00:00,160.03000000000034,160.07000000000033,160.02000000000035,160.05700000000033,4482
2026-03-11T19:00:00+00:00,160.05700000000033,160.09800000000035,160.05200000000033,160.08000000000035,3430
2026-03-11T19:30:00+00:00,160.08000000000035,160.09000000000034,160.04100000000034,160.07800000000034,3054
2026-03-11T20:00:00+00:00,160.07800000000034,160.10000000000034,160.05000000000035,160.06700000000035,1908
2026-03-11T20:30:00+00:00,160.06700000000035,160.09800000000035,160.05700000000033,160.07400000000035,1446
2026-03-11T21:00:00+00:00,160.07400000000035,160.07400000000035,160.00700000000035,160.04800000000034,5919.98116112671
2026-03-11T21:30:00+00:00,160.04800000000034,160.04800000000034,159.90100000000035,159.94000000000034,912.2664130535321
2026-03-11T22:00:00+00:00,159.94000000000034,160.08800000000033,159.94000000000034,160.07200000000034,1739
2026-03-11T22:30:00+00:00,160.07200000000034,160.12200000000036,160.07200000000034,160.11400000000035,3337
2026-03-11T23:00:00+00:00,160.11400000000035,160.25600000000034,160.06900000000036,160.22600000000034,3837
2026-03-11T23:30:00+00:00,160.22600000000034,160.25200000000035,160.17300000000034,160.21300000000033,4421
2026-03-12T00:00:00+00:00,160.21300000000033,160.36300000000034,160.20200000000034,160.30100000000036,6508
2026-03-12T00:30:00+00:00,160.30100000000036,160.32800000000034,160.05300000000034,160.10400000000035,6330
2026-03-12T01:00:00+00:00,160.10400000000035,160.11000000000035,159.94600000000034,159.96100000000035,6220
2026-03-12T01:30:00+00:00,159.96100000000035,160.03200000000035,159.90900000000033,159.98300000000035,3818
2026-03-12T02:00:00+00:00,159.98300000000035,160.12000000000035,159.96100000000035,160.11500000000035,2832
2026-03-12T02:30:00+00:00,160.11500000000035,160.23500000000035,160.10300000000035,160.18600000000035,4696
2026-03-12T03:00:00+00:00,160.18600000000035,160.19200000000035,160.12100000000035,160.15500000000034,3451
2026-03-12T03:30:00+00:00,160.15500000000034,160.18800000000036,160.10200000000034,160.15200000000036,2181
2026-03-12T04:00:00+00:00,160.15200000000036,160.17600000000036,160.13400000000036,160.15900000000033,1762
2026-03-12T04:30:00+00:00,160.15900000000033,160.28000000000034,160.15900000000033,160.25000000000034,2174
2026-03-12T05:00:00+00:00,160.25000000000034,160.25100000000035,160.09800000000035,160.14200000000034,5575
2026-03-12T05:30:00+00:00,160.14200000000034,160.24400000000034,160.11300000000034,160.24000000000035,3437
2026-03-12T06:00:00+00:00,160.24000000000035,160.24000000000035,160.08200000000033,160.10200000000034,3810
2026-03-12T06:30:00+00:00,160.10200000000034,160.10900000000035,160.00900000000036,160.02900000000034,2641
2026-03-12T07:00:00+00:00,160.02900000000034,160.09300000000036,159.94900000000035,160.03800000000035,4529
2026-03-12T07:30:00+00:00,160.03800000000035,160.12300000000036,159.91200000000035,159.92800000000034,4951
2026-03-12T08:00:00+00:00,159.92800000000034,159.97400000000036,159.79700000000034,159.97200000000035,5696
2026-03-12T08:30:00+00:00,159.97200000000035,160.06800000000035,159.96000000000035,160.01100000000034,5144
2026-03-12T09:00:00+00:00,160.01100000000034,160.06200000000035,159.96800000000036,159.97900000000035,3661
2026-03-12T09:30:00+00:00,159.97900000000035,159.98700000000034,159.83900000000034,159.87000000000035,3507
2026-03-12T10:00:00+00:00,159.87000000000035,159.94900000000035,159.83600000000035,159.94100000000034,5068
2026-03-12T10:30:00+00:00,159.94100000000034,159.94100000000034,159.81500000000034,159.84400000000034,5522
2026-03-12T11:00:00+00:00,159.84400000000034,159.87000000000035,159.78800000000035,159.80000000000035,4776
2026-03-12T11:30:00+00:00,159.80000000000035,159.84200000000035,159.69600000000034,159.81800000000035,5069
2026-03-12T12:00:00+00:00,159.81800000000035,160.02300000000034,159.80700000000036,160.00100000000035,6382
2026-03-12T12:30:00+00:00,160.00100000000035,160.06100000000035,159.95700000000033,160.01900000000035,5871
2026-03-12T13:00:00+00:00,160.01900000000035,160.17500000000035,159.93300000000033,160.07900000000035,8452
2026-03-12T13:30:00+00:00,160.07900000000035,160.19000000000034,160.04200000000034,160.12300000000036,9485
2026-03-12T14:00:00+00:00,160.12300000000036,160.26400000000035,160.07400000000035,160.26300000000035,8033
2026-03-12T14:30:00+00:00,160.26300000000035,160.32500000000036,160.16200000000035,160.31000000000034,9479
2026-03-12T15:00:00+00:00,160.31000000000034,160.41300000000035,160.30400000000034,160.32700000000034,7556
2026-03-12T15:30:00+00:00,160.32700000000034,160.41300000000035,160.23100000000034,160.33900000000034,12872
2026-03-12T16:00:00+00:00,160.33900000000034,160.41400000000036,160.25900000000036,160.35300000000035,7971
2026-03-12T16:30:00+00:00,160.35300000000035,160.40400000000034,160.27000000000035,160.33600000000035,8335
2026-03-12T17:00:00+00:00,160.33600000000035,160.40800000000036,160.24200000000036,160.40400000000034,7647
2026-03-12T17:30:00+00:00,160.40400000000034,160.47200000000035,160.38400000000036,160.44100000000034,4391
2026-03-12T18:00:00+00:00,160.44100000000034,160.51200000000034,160.40600000000035,160.51100000000034,6794
2026-03-12T18:30:00+00:00,160.51100000000034,160.53900000000036,160.49300000000034,160.52900000000034,4007
2026-03-12T19:00:00+00:00,160.52900000000034,160.55700000000036,160.50900000000036,160.54700000000034,4765
2026-03-12T19:30:00+00:00,160.54700000000034,160.54700000000034,160.43900000000033,160.49900000000034,5434
2026-03-12T20:00:00+00:00,160.49900000000034,160.54300000000035,160.49100000000035,160.52100000000036,2444
2026-03-12T20:30:00+00:00,160.52100000000036,160.52100000000036,160.41700000000034,160.45000000000036,2500
2026-03-12T21:00:00+00:00,160.45000000000036,160.46100000000035,160.37400000000036,160.38200000000035,227.38154723209905
2026-03-12T21:30:00+00:00,160.38200000000035,160.49800000000036,160.38000000000036,160.41900000000035,718.8123657197422
2026-03-12T22:00:00+00:00,160.41900000000035,160.55000000000035,160.41200000000035,160.42400000000035,1456
2026-03-12T22:30:00+00:00,160.42400000000035,160.44600000000037,160.38200000000035,160.40200000000036,19876
2026-03-12T23:00:00+00:00,160.40200000000036,160.49300000000036,160.40200000000036,160.45300000000037,7336
2026-03-12T23:30:00+00:00,160.45300000000037,160.45500000000035,160.31100000000035,160.37200000000036,3577
2026-03-13T00:00:00+00:00,160.37200000000036,160.37200000000036,160.14100000000036,160.16200000000035,7963
2026-03-13T00:30:00+00:00,160.16200000000035,160.36200000000036,160.16200000000035,160.22400000000036,7021
2026-03-13T01:00:00+00:00,160.22400000000036,160.28000000000037,160.16500000000036,160.22000000000037,7066
2026-03-13T01:30:00+00:00,160.22000000000037,160.41300000000035,160.21100000000035,160.40000000000035,4276
2026-03-13T02:00:00+00:00,160.40000000000035,160.47100000000037,160.32400000000035,160.46900000000036,5521
2026-03-13T02:30:00+00:00,160.46900000000036,160.50200000000035,160.37800000000036,160.41100000000037,4878
2026-03-13T03:00:00+00:00,160.41100000000037,160.54600000000036,160.38200000000035,160.53400000000036,4395
2026-03-13T03:30:00+00:00,160.53400000000036,160.54200000000037,160.46000000000035,160.48300000000037,2871
2026-03-13T04:00:00+00:00,160.48300000000037,160.58300000000037,160.47400000000036,160.56200000000035,3331
2026-03-13T04:30:00+00:00,160.56200000000035,160.81300000000036,160.56200000000035,160.63600000000037,8333
2026-03-13T05:00:00+00:00,160.63600000000037,160.63600000000037,160.46300000000036,160.46800000000036,4688
2026-03-13T05:30:00+00:00,160.46800000000036,160.56700000000035,160.44200000000035,160.55800000000036,3283
2026-03-13T06:00:00+00:00,160.55800000000036,160.59200000000035,160.44500000000036,160.53100000000035,7327
2026-03-13T06:30:00+00:00,160.53100000000035,160.57100000000037,160.46600000000035,160.55800000000036,5398
2026-03-13T07:00:00+00:00,160.55800000000036,160.67100000000036,160.47700000000037,160.63300000000035,7958
2026-03-13T07:30:00+00:00,160.63300000000035,160.63500000000036,160.48700000000036,160.56800000000035,8413
2026-03-13T08:00:00+00:00,160.56800000000035,160.66000000000037,160.48200000000037,160.64600000000036,10271
2026-03-13T08:30:00+00:00,160.64600000000036,160.65100000000035,160.46000000000035,160.46300000000036,7730
2026-03-13T09:00:00+00:00,160.46300000000036,160.52000000000035,160.38100000000037,160.48800000000037,6158
2026-03-13T09:30:00+00:00,160.48800000000037,160.62100000000035,160.45700000000036,160.60800000000037,3028
2026-03-13T10:00:00+00:00,160.60800000000037,160.63100000000037,160.52800000000036,160.60700000000037,3330
2026-03-13T10:30:00+00:00,160.60700000000037,160.63100000000037,160.46100000000035,160.52900000000037,5545
2026-03-13T11:00:00+00:00,160.52900000000037,160.57300000000035,160.45400000000035,160.55300000000037,4649
2026-03-13T11:30:00+00:00,160.55300000000037,160.57900000000035,160.41500000000036,160.41600000000037,5534
2026-03-13T12:00:00+00:00,160.41600000000037,160.54200000000037,160.40000000000035,160.52300000000037,5102
2026-03-13T12:30:00+00:00,160.52300000000037,160.54000000000036,160.33500000000035,160.46100000000035,10851
2026-03-13T13:00:00+00:00,160.46100000000035,160.49000000000035,160.39200000000037,160.41500000000036,8440
2026-03-13T13:30:00+00:00,160.41500000000036,160.41700000000037,160.13600000000037,160.22100000000037,7483
2026-03-13T14:00:00+00:00,160.22100000000037,160.33800000000036,160.21900000000036,160.30100000000036,8612
2026-03-13T14:30:00+00:00,160.30100000000036,160.50700000000035,160.23200000000037,160.49800000000036,8568
2026-03-13T15:00:00+00:00,160.49800000000036,160.61200000000036,160.49200000000036,160.58100000000036,8877
2026-03-13T15:30:00+00:00,160.58100000000036,160.72700000000037,160.53600000000037,160.67000000000036,11198
2026-03-13T16:00:00+00:00,160.67000000000036,160.76500000000036,160.64100000000036,160.73300000000037,8875
2026-03-13T16:30:00+00:00,160.73300000000037,160.75300000000036,160.66000000000037,160.74300000000036,5737
2026-03-13T17:00:00+00:00,160.74300000000036,160.81500000000037,160.71300000000036,160.71500000000037,5615
2026-03-13T17:30:00+00:00,160.71500000000037,160.74200000000036,160.67600000000036,160.70400000000035,4201
2026-03-13T18:00:00+00:00,160.70400000000035,160.80600000000035,160.69400000000036,160.78500000000037,4102
2026-03-13T18:30:00+00:00,160.78500000000037,160.79700000000037,160.72600000000037,160.76400000000035,3435
2026-03-13T19:00:00+00:00,160.76400000000035,160.81400000000036,160.72500000000036,160.80600000000035,3050
2026-03-13T19:30:00+00:00,160.80600000000035,160.82200000000037,160.77600000000035,160.80700000000036,2111
2026-03-13T20:00:00+00:00,160.80700000000036,160.84600000000037,160.77600000000035,160.83000000000035,1549
2026-03-13T20:30:00+00:00,160.83000000000035,160.87400000000036,160.82400000000035,160.82600000000036,2179.3962172175097
2026-03-15T21:00:00+00:00,160.82600000000036,160.82800000000037,160.78400000000036,160.78900000000036,178.3560229712902
2026-03-15T21:30:00+00:00,160.78900000000036,160.83700000000036,160.77600000000038,160.82600000000036,678
2026-03-15T22:00:00+00:00,160.82600000000036,161.01900000000037,160.79700000000037,160.93500000000037,2929
2026-03-15T22:30:00+00:00,160.93500000000037,160.97400000000036,160.78600000000037,160.80900000000037,4727
2026-03-15T23:00:00+00:00,160.80900000000037,160.88000000000036,160.78300000000036,160.87700000000038,5818
2026-03-15T23:30:00+00:00,160.87700000000038,160.90200000000038,160.78800000000038,160.83700000000036,4573
2026-03-16T00:00:00+00:00,160.83700000000036,160.83700000000036,160.60700000000037,160.60800000000037,8047
2026-03-16T00:30:00+00:00,160.60800000000037,160.69400000000036,160.53200000000038,160.58000000000038,6825
2026-03-16T01:00:00+00:00,160.58000000000038,160.73500000000038,160.56600000000037,160.69400000000036,5812
2026-03-16T01:30:00+00:00,160.69400000000036,160.78700000000038,160.68100000000038,160.70300000000037,5719
2026-03-16T02:00:00+00:00,160.70300000000037,160.86100000000036,160.68900000000036,160.83700000000036,4207
2026-03-16T02:30:00+00:00,160.83700000000036,160.88500000000036,160.81000000000037,160.87000000000037,4741
2026-03-16T03:00:00+00:00,160.87000000000037,160.92200000000037,160.78900000000036,160.80000000000038,3019
2026-03-16T03:30:00+00:00,160.80000000000038,160.80100000000036,160.75400000000036,160.77900000000037,2120
2026-03-16T04:00:00+00:00,160.77900000000037,160.90100000000038,160.77200000000036,160.88300000000038,2765
2026-03-16T04:30:00+00:00,160.88300000000038,160.89800000000037,160.83800000000036,160.84100000000038,1995
2026-03-16T05:00:00+00:00,160.84100000000038,160.86600000000038,160.68600000000038,160.69000000000037,2766
2026-03-16T05:30:00+00:00,160.69000000000037,160.69200000000038,160.60100000000037,160.62300000000036,4109
2026-03-16T06:00:00+00:00,160.62300000000036,160.65100000000038,160.55900000000037,160.57200000000037,5005
2026-03-16T06:30:00+00:00,160.57200000000037,160.68900000000036,160.55400000000037,160.57100000000037,4026
2026-03-16T07:00:00+00:00,160.57100000000037,160.63100000000037,160.45500000000038,160.61200000000036,6765
2026-03-16T07:30:00+00:00,160.61200000000036,160.66100000000037,160.55600000000038,160.56500000000037,6404
2026-03-16T08:00:00+00:00,160.56500000000037,160.65300000000036,160.50600000000037,160.55300000000037,8194
2026-03-16T08:30:00+00:00,160.55300000000037,160.65200000000038,160.51400000000038,160.62900000000036,6215
2026-03-16T09:00:00+00:00,160.62900000000036,160.66500000000036,160.58900000000037,160.62800000000038,5291
2026-03-16T09:30:00+00:00,160.62800000000038,160.65400000000037,160.52800000000036,160.60400000000038,5810
2026-03-16T10:00:00+00:00,160.60400000000038,160.62600000000037,160.48200000000037,160.54200000000037,5381
2026-03-16T10:30:00+00:00,160.54200000000037,160.56900000000036,160.49100000000038,160.50400000000036,5049
2026-03-16T11:00:00+00:00,160.50400000000036,160.54200000000037,160.45400000000038,160.52600000000038,4229
2026-03-16T11:30:00+00:00,160.52600000000038,160.53700000000038,160.38200000000037,160.40600000000038,4563
2026-03-16T12:00:00+00:00,160.40600000000038,160.42100000000036,160.31300000000036,160.34200000000038,5029
2026-03-16T12:30:00+00:00,160.34200000000038,160.41600000000037,160.24100000000038,160.41400000000036,6718
2026-03-16T13:00:00+00:00,160.41400000000036,160.45400000000038,160.36100000000036,160.41800000000038,5729
2026-03-16T13:30:00+00:00,160.41800000000038,160.42800000000037,160.18300000000036,160.21600000000038,7464
2026-03-16T14:00:00+00:00,160.21600000000038,160.26700000000037,160.12900000000036,160.25300000000038,8018
2026-03-16T14:30:00+00:00,160.25300000000038,160.47100000000037,160.25000000000037,160.42300000000037,7255
2026-03-16T15:00:00+00:00,160.42300000000037,160.49500000000037,160.33200000000036,160.45900000000037,6802
2026-03-16T15:30:00+00:00,160.45900000000037,160.60700000000037,160.38500000000036,160.57300000000038,6219
2026-03-16T16:00:00+00:00,160.57300000000038,160.64000000000038,160.50500000000036,160.58800000000036,6840
2026-03-16T16:30:00+00:00,160.58800000000036,160.61700000000036,160.47400000000036,160.54500000000036,5822
2026-03-16T17:00:00+00:00,160.54500000000036,160.54700000000037,160.41500000000036,160.51200000000037,7100
2026-03-16T17:30:00+00:00,160.51200000000037,160.58100000000036,160.48200000000037,160.54900000000038,4349
2026-03-16T18:00:00+00:00,160.54900000000038,160.54900000000038,160.24300000000036,160.25200000000038,5844
2026-03-16T18:30:00+00:00,160.25200000000038,160.29100000000037,160.19000000000037,160.24400000000037,3986
2026-03-16T19:00:00+00:00,160.24400000000037,160.30800000000036,160.21000000000038,160.27500000000038,4326
2026-03-16T19:30:00+00:00,160.27500000000038,160.46200000000036,160.24600000000038,160.43600000000038,5915
2026-03-16T20:00:00+00:00,160.43600000000038,160.43700000000038,160.37700000000038,160.37700000000038,2057
2026-03-16T20:30:00+00:00,160.37700000000038,160.40200000000038,160.31000000000037,160.33600000000038,2184
2026-03-16T21:00:00+00:00,160.33600000000038,160.42400000000035,160.27700000000038,160.36000000000033,398.3353768702972
2026-03-16T21:30:00+00:00,160.36000000000033,160.41200000000032,160.31600000000032,160.36600000000033,3513
2026-03-16T22:00:00+00:00,160.36600000000033,160.45300000000032,160.34600000000032,160.43700000000032,1513
2026-03-16T22:30:00+00:00,160.43700000000032,160.48000000000033,160.4040000000003,160.45100000000033,1593
2026-03-16T23:00:00+00:00,160.45100000000033,160.5530000000003,160.45100000000033,160.5290000000003,1539
2026-03-16T23:30:00+00:00,160.5290000000003,160.5360000000003,160.41400000000033,160.4690000000003,2293
2026-03-17T00:00:00+00:00,160.4690000000003,160.5880000000003,160.45400000000032,160.57900000000032,5011
2026-03-17T00:30:00+00:00,160.57900000000032,160.68000000000032,160.5110000000003,160.6480000000003,6070
2026-03-17T01:00:00+00:00,160.6480000000003,160.7860000000003,160.63200000000032,160.76400000000032,5800
2026-03-17T01:30:00+00:00,160.76400000000032,160.77700000000033,160.68500000000031,160.7130000000003,3980
2026-03-17T02:00:00+00:00,160.7130000000003,160.76600000000033,160.67400000000032,160.67700000000033,3013
2026-03-17T02:30:00+00:00,160.67700000000033,160.70100000000033,160.65000000000032,160.69900000000032,2189
2026-03-17T03:00:00+00:00,160.69900000000032,160.74100000000033,160.64600000000033,160.64600000000033,2186
2026-03-17T03:30:00+00:00,160.64600000000033,160.6900000000003,160.61100000000033,160.6840000000003,4115
2026-03-17T04:00:00+00:00,160.6840000000003,160.72800000000032,160.6360000000003,160.67500000000032,2886
2026-03-17T04:30:00+00:00,160.67500000000032,160.67700000000033,160.55000000000032,160.56600000000032,2564
2026-03-17T05:00:00+00:00,160.56600000000032,160.62300000000033,160.54300000000032,160.61700000000033,2712
2026-03-17T05:30:00+00:00,160.61700000000033,160.78200000000032,160.61600000000033,160.77700000000033,3586
2026-03-17T06:00:00+00:00,160.77700000000033,160.83100000000033,160.73300000000032,160.76500000000033,4522
2026-03-17T06:30:00+00:00,160.76500000000033,160.77800000000033,160.6780000000003,160.6840000000003,3368
2026-03-17T07:00:00+00:00,160.6840000000003,160.73400000000032,160.56200000000032,160.5710000000003,3774
2026-03-17T07:30:00+00:00,160.5710000000003,160.62000000000032,160.50400000000033,160.56800000000032,4271
2026-03-17T08:00:00+00:00,160.56800000000032,160.5710000000003,160.45700000000033,160.46700000000033,6643
2026-03-17T08:30:00+00:00,160.46700000000033,160.5530000000003,160.3920000000003,160.43900000000033,6725
2026-03-17T09:00:00+00:00,160.43900000000033,160.52800000000033,160.40000000000032,160.4160000000003,6367
2026-03-17T09:30:00+00:00,160.4160000000003,160.51600000000033,160.40600000000032,160.4640000000003,4877
2026-03-17T10:00:00+00:00,160.4640000000003,160.55000000000032,160.41200000000032,160.4220000000003,4836
2026-03-17T10:30:00+00:00,160.4220000000003,160.46600000000032,160.38200000000032,160.45500000000033,4170
2026-03-17T11:00:00+00:00,160.45500000000033,160.4750000000003,160.30200000000033,160.3440000000003,4085
2026-03-17T11:30:00+00:00,160.3440000000003,160.44700000000032,160.30200000000033,160.43600000000032,5206
2026-03-17T12:00:00+00:00,160.43600000000032,160.48900000000032,160.29800000000031,160.3740000000003,6434
2026-03-17T12:30:00+00:00,160.3740000000003,160.40600000000032,160.30700000000033,160.36700000000033,5558
2026-03-17T13:00:00+00:00,160.36700000000033,160.3690000000003,160.16200000000032,160.20900000000032,7593
2026-03-17T13:30:00+00:00,160.20900000000032,160.28800000000032,160.06300000000033,160.21800000000033,8396
2026-03-17T14:00:00+00:00,160.21800000000033,160.33700000000033,160.15700000000032,160.32300000000032,7426
2026-03-17T14:30:00+00:00,160.32300000000032,160.35500000000033,160.18600000000032,160.27600000000032,6504
2026-03-17T15:00:00+00:00,160.27600000000032,160.41200000000032,160.20900000000032,160.37400000000034,8701
2026-03-17T15:30:00+00:00,160.37400000000034,160.45600000000033,160.31900000000033,160.37400000000034,8556
2026-03-17T16:00:00+00:00,160.37400000000034,160.45700000000033,160.2440000000003,160.25100000000032,8490
2026-03-17T16:30:00+00:00,160.25100000000032,160.32600000000033,160.22100000000032,160.28400000000033,4921
2026-03-17T17:00:00+00:00,160.28400000000033,160.35500000000033,160.26500000000033,160.32100000000034,4007
2026-03-17T17:30:00+00:00,160.32100000000034,160.33800000000033,160.26500000000033,160.31100000000032,3810
2026-03-17T18:00:00+00:00,160.31100000000032,160.33400000000032,160.2320000000003,160.33400000000032,3327
2026-03-17T18:30:00+00:00,160.33400000000032,160.39100000000033,160.30500000000032,160.38900000000032,2527
2026-03-17T19:00:00+00:00,160.38900000000032,160.40400000000034,160.32000000000033,160.34700000000032,2573
2026-03-17T19:30:00+00:00,160.34700000000032,160.40200000000033,160.3450000000003,160.38500000000033,2761
2026-03-17T20:00:00+00:00,160.38500000000033,160.3990000000003,160.34400000000034,160.3870000000003,1335
2026-03-17T20:30:00+00:00,160.3870000000003,160.38900000000032,160.32300000000032,160.32500000000033,1898
2026-03-17T21:00:00+00:00,160.32500000000033,160.34300000000033,160.21200000000033,160.33800000000033,419.0197386830631
2026-03-17T21:30:00+00:00,160.33800000000033,160.35800000000035,160.31900000000033,160.35800000000035,1908
2026-03-17T22:00:00+00:00,160.35800000000035,160.37300000000033,160.28600000000034,160.32200000000034,1027.5614851485147
2026-03-17T22:30:00+00:00,160.32200000000034,160.36200000000034,160.32200000000034,160.34200000000033,1243
2026-03-17T23:00:00+00:00,160.34200000000033,160.35600000000034,160.30100000000033,160.31100000000035,1091
2026-03-17T23:30:00+00:00,160.31100000000035,160.31500000000034,160.25900000000033,160.29600000000033,2556
2026-03-18T00:00:00+00:00,160.29600000000033,160.32900000000035,160.18200000000033,160.32900000000035,7855
2026-03-18T00:30:00+00:00,160.32900000000035,160.53400000000033,160.31700000000035,160.45900000000034,9528
2026-03-18T01:00:00+00:00,160.45900000000034,160.48100000000034,160.36900000000034,160.45400000000035,3380
2026-03-18T01:30:00+00:00,160.45400000000035,160.47000000000034,160.36500000000035,160.40600000000035,4198
2026-03-18T02:00:00+00:00,160.40600000000035,160.43100000000035,160.36200000000034,160.36300000000034,2926
2026-03-18T02:30:00+00:00,160.36300000000034,160.36600000000035,160.27200000000033,160.30600000000035,2998
2026-03-18T03:00:00+00:00,160.30600000000035,160.37400000000034,160.30000000000035,160.37200000000036,2599
2026-03-18T03:30:00+00:00,160.37200000000036,160.38000000000034,160.32500000000036,160.32800000000034,2370
2026-03-18T04:00:00+00:00,160.32800000000034,160.32900000000035,160.25900000000036,160.29800000000034,2955
2026-03-18T04:30:00+00:00,160.29800000000034,160.29800000000034,160.14800000000034,160.20600000000036,3639
2026-03-18T05:00:00+00:00,160.20600000000036,160.21000000000035,160.04800000000034,160.12100000000035,3571
2026-03-18T05:30:00+00:00,160.12100000000035,160.15000000000035,160.08700000000036,160.09300000000036,3277
2026-03-18T06:00:00+00:00,160.09300000000036,160.11200000000034,159.96300000000033,160.00000000000034,4338
2026-03-18T06:30:00+00:00,160.00000000000034,160.17400000000035,159.97700000000034,160.13900000000035,3891
2026-03-18T07:00:00+00:00,160.13900000000035,160.27000000000035,160.07600000000033,160.22300000000035,5357
2026-03-18T07:30:00+00:00,160.22300000000035,160.25900000000036,160.13600000000034,160.15300000000033,5566
2026-03-18T08:00:00+00:00,160.15300000000033,160.34500000000034,160.15300000000033,160.33500000000035,5685
2026-03-18T08:30:00+00:00,160.33500000000035,160.38200000000035,160.32400000000035,160.34500000000034,4191
2026-03-18T09:00:00+00:00,160.34500000000034,160.44400000000036,160.33900000000034,160.34500000000034,3873
2026-03-18T09:30:00+00:00,160.34500000000034,160.35800000000035,160.28900000000036,160.30200000000033,2571
2026-03-18T10:00:00+00:00,160.30200000000033,160.42200000000034,160.30200000000033,160.39800000000034,3068
2026-03-18T10:30:00+00:00,160.39800000000034,160.41700000000034,160.36500000000035,160.40700000000035,3908
2026-03-18T11:00:00+00:00,160.40700000000035,160.47700000000034,160.29400000000035,160.47600000000034,5049
2026-03-18T11:30:00+00:00,160.47600000000034,160.50600000000034,160.34600000000034,160.37000000000035,5228
2026-03-18T12:00:00+00:00,160.37000000000035,160.58900000000034,160.35300000000035,160.55200000000033,8910
2026-03-18T12:30:00+00:00,160.55200000000033,160.85700000000034,160.54600000000033,160.83900000000034,10535
2026-03-18T13:00:00+00:00,160.83900000000034,160.98000000000036,160.83000000000035,160.88100000000034,11054
2026-03-18T13:30:00+00:00,160.88100000000034,160.94800000000035,160.86400000000035,160.89200000000034,9530
2026-03-18T14:00:00+00:00,160.89200000000034,160.92800000000034,160.83300000000034,160.89600000000033,7722
2026-03-18T14:30:00+00:00,160.89600000000033,160.92000000000033,160.81500000000034,160.81500000000034,7307
2026-03-18T15:00:00+00:00,160.81500000000034,160.89200000000034,160.76300000000035,160.85900000000035,8565
2026-03-18T15:30:00+00:00,160.85900000000035,160.89000000000033,160.79500000000033,160.87700000000035,5641
2026-03-18T16:00:00+00:00,160.87700000000035,160.90800000000033,160.78900000000033,160.80900000000034,5809
2026-03-18T16:30:00+00:00,160.80900000000034,160.90200000000033,160.80900000000034,160.86200000000034,4895
2026-03-18T17:00:00+00:00,160.86200000000034,160.93700000000032,160.84200000000033,160.88100000000034,5116
2026-03-18T17:30:00+00:00,160.88100000000034,160.88700000000034,160.76200000000034,160.76600000000033,4074
2026-03-18T18:00:00+00:00,160.76600000000033,160.83800000000033,160.64500000000035,160.78400000000033,12679
2026-03-18T18:30:00+00:00,160.78400000000033,161.12700000000035,160.76600000000033,161.12600000000035,12600
2026-03-18T19:00:00+00:00,161.12600000000035,161.18700000000032,161.08100000000033,161.17700000000033,8769
2026-03-18T19:30:00+00:00,161.17700000000033,161.23500000000033,161.12000000000035,161.22200000000035,5281
2026-03-18T20:00:00+00:00,161.22200000000035,161.28900000000033,161.20300000000034,161.28600000000034,3546
2026-03-18T20:30:00+00:00,161.28600000000034,161.29500000000033,161.19700000000034,161.20100000000033,2642
2026-03-18T21:00:00+00:00,161.20100000000033,161.24600000000035,161.13000000000034,161.19600000000034,2194.3643039664817
2026-03-18T21:30:00+00:00,161.19600000000034,161.21700000000033,161.08000000000033,161.08000000000033,889
2026-03-18T22:00:00+00:00,161.08000000000033,161.23900000000035,161.08000000000033,161.22800000000035,2001
2026-03-18T22:30:00+00:00,161.22800000000035,161.23400000000035,161.14700000000033,161.16700000000034,6327
2026-03-18T23:00:00+00:00,161.16700000000034,161.23700000000034,161.15100000000035,161.16000000000034,2904
2026-03-18T23:30:00+00:00,161.16000000000034,161.23100000000034,161.15000000000035,161.20700000000033,4795
2026-03-19T00:00:00+00:00,161.20700000000033,161.24300000000034,161.11300000000034,161.15000000000035,6647
2026-03-19T00:30:00+00:00,161.15000000000035,161.20800000000034,161.07600000000033,161.17100000000033,8843
2026-03-19T01:00:00+00:00,161.17100000000033,161.21000000000035,161.06600000000034,161.06800000000032,5609
2026-03-19T01:30:00+00:00,161.06800000000032,161.06800000000032,160.97600000000034,161.05300000000034,4227
2026-03-19T02:00:00+00:00,161.05300000000034,161.06800000000032,160.93700000000032,160.99200000000033,6841
2026-03-19T02:30:00+00:00,160.99200000000033,161.09900000000033,160.94300000000032,161.05100000000033,4128
2026-03-19T03:00:00+00:00,161.05100000000033,161.09900000000033,161.01100000000034,161.08200000000033,2544
2026-03-19T03:30:00+00:00,161.08200000000033,161.10500000000033,161.00200000000035,161.02100000000033,2335
2026-03-19T04:00:00+00:00,161.02100000000033,161.06000000000034,160.98300000000035,161.05000000000032,2984
2026-03-19T04:30:00+00:00,161.05000000000032,161.06700000000035,161.01700000000034,161.04600000000033,2988
2026-03-19T05:00:00+00:00,161.04600000000033,161.10400000000033,161.03200000000032,161.08000000000033,1688
2026-03-19T05:30:00+00:00,161.08000000000033,161.14100000000033,161.04100000000034,161.10600000000034,3600
2026-03-19T06:00:00+00:00,161.10600000000034,161.14900000000034,161.03900000000033,161.10600000000034,3064
2026-03-19T06:30:00+00:00,161.10600000000034,161.19900000000032,160.99500000000035,161.07600000000033,9777
2026-03-19T07:00:00+00:00,161.07600000000033,161.09400000000034,160.64300000000034,160.79500000000033,18678
2026-03-19T07:30:00+00:00,160.79500000000033,160.92000000000033,160.59000000000034,160.62600000000035,18143
2026-03-19T08:00:00+00:00,160.62600000000035,160.70900000000034,160.43200000000033,160.61900000000034,13407
2026-03-19T08:30:00+00:00,160.61900000000034,160.78100000000035,160.56700000000035,160.57900000000035,10558
2026-03-19T09:00:00+00:00,160.57900000000035,160.67300000000034,160.46200000000033,160.65200000000033,14251
2026-03-19T09:30:00+00:00,160.65200000000033,160.65200000000033,160.47900000000033,160.54700000000034,14990
2026-03-19T10:00:00+00:00,160.54700000000034,160.63200000000035,160.51000000000033,160.60500000000033,6949
2026-03-19T10:30:00+00:00,160.60500000000033,160.64000000000033,160.50400000000033,160.51600000000033,5787
2026-03-19T11:00:00+00:00,160.51600000000033,160.54500000000033,160.47600000000034,160.48600000000033,5092
2026-03-19T11:30:00+00:00,160.48600000000033,160.55600000000032,160.43800000000033,160.45500000000033,4571
2026-03-19T12:00:00+00:00,160.45500000000033,160.64600000000033,160.34000000000034,160.60300000000035,12200
2026-03-19T12:30:00+00:00,160.60300000000035,160.68800000000033,160.24500000000035,160.30100000000033,15842
2026-03-19T13:00:00+00:00,160.30100000000033,160.33500000000035,160.06500000000034,160.17500000000032,14015
2026-03-19T13:30:00+00:00,160.17500000000032,160.20900000000034,159.51600000000033,159.60900000000035,20496
2026-03-19T14:00:00+00:00,159.60900000000035,159.80800000000033,159.45700000000033,159.77500000000035,22854
2026-03-19T14:30:00+00:00,159.77500000000035,159.82000000000033,159.63700000000034,159.76300000000035,13189
2026-03-19T15:00:00+00:00,159.76300000000035,159.91800000000035,159.57800000000034,159.88500000000033,13146
2026-03-19T15:30:00+00:00,159.88500000000033,159.95700000000033,159.53700000000035,159.58700000000033,16154
2026-03-19T16:00:00+00:00,159.58700000000033,159.61700000000033,159.45900000000034,159.47500000000034,15803
2026-03-19T16:30:00+00:00,159.47500000000034,159.55800000000033,159.43600000000035,159.44000000000034,7349
2026-03-19T17:00:00+00:00,159.44000000000034,159.49000000000035,159.25600000000034,159.28100000000035,7103
2026-03-19T17:30:00+00:00,159.28100000000035,159.29600000000033,159.19200000000035,159.20800000000034,5375
2026-03-19T18:00:00+00:00,159.20800000000034,159.29200000000034,159.17300000000034,159.20200000000034,6944
2026-03-19T18:30:00+00:00,159.20200000000034,159.30800000000033,159.08300000000034,159.08700000000033,5699
2026-03-19T19:00:00+00:00,159.08700000000033,159.09300000000033,158.90000000000035,158.99200000000033,22347
2026-03-19T19:30:00+00:00,158.99200000000033,159.09100000000035,158.94800000000035,159.04300000000035,9932
2026-03-19T20:00:00+00:00,159.04300000000035,159.09700000000035,159.00100000000035,159.05300000000034,3726
2026-03-19T20:30:00+00:00,159.05300000000034,159.11500000000035,159.04200000000034,159.08200000000033,2054
2026-03-19T21:00:00+00:00,159.08200000000033,159.1800000000003,158.9700000000003,159.1470000000003,672.9738841774722
2026-03-19T21:30:00+00:00,159.1470000000003,159.1710000000003,159.1160000000003,159.1530000000003,1296
2026-03-19T22:00:00+00:00,159.1530000000003,159.1680000000003,159.0890000000003,159.1470000000003,1748
2026-03-19T22:30:00+00:00,159.1470000000003,159.2840000000003,159.1470000000003,159.2640000000003,2759
2026-03-19T23:00:00+00:00,159.2640000000003,159.3480000000003,159.1940000000003,159.3450000000003,3710
2026-03-19T23:30:00+00:00,159.3450000000003,159.37600000000032,159.2840000000003,159.3150000000003,2550
2026-03-20T00:00:00+00:00,159.3150000000003,159.3710000000003,159.1920000000003,159.2350000000003,5318
2026-03-20T00:30:00+00:00,159.2350000000003,159.3440000000003,159.2240000000003,159.2460000000003,6194
2026-03-20T01:00:00+00:00,159.2460000000003,159.29800000000031,159.1330000000003,159.2480000000003,6141
2026-03-20T01:30:00+00:00,159.2480000000003,159.5230000000003,159.24500000000032,159.4930000000003,4960
2026-03-20T02:00:00+00:00,159.4930000000003,159.6610000000003,159.4930000000003,159.6500000000003,3434
2026-03-20T02:30:00+00:00,159.6500000000003,159.7350000000003,159.64400000000032,159.6950000000003,3315
2026-03-20T03:00:00+00:00,159.6950000000003,159.7380000000003,159.66700000000031,159.6920000000003,3748
2026-03-20T03:30:00+00:00,159.6920000000003,159.7890000000003,159.6890000000003,159.7770000000003,3283
2026-03-20T04:00:00+00:00,159.7770000000003,159.8010000000003,159.7300000000003,159.7670000000003,2525
2026-03-20T04:30:00+00:00,159.7670000000003,159.7880000000003,159.7520000000003,159.7640000000003,2591
2026-03-20T05:00:00+00:00,159.7640000000003,159.7810000000003,159.7310000000003,159.7540000000003,2121
2026-03-20T05:30:00+00:00,159.7540000000003,159.8200000000003,159.7540000000003,159.8140000000003,2332
2026-03-20T06:00:00+00:00,159.8140000000003,159.8190000000003,159.7230000000003,159.7530000000003,2705
2026-03-20T06:30:00+00:00,159.7530000000003,159.8190000000003,159.73300000000032,159.8030000000003,3830
2026-03-20T07:00:00+00:00,159.8030000000003,159.8380000000003,159.6960000000003,159.7520000000003,6751
2026-03-20T07:30:00+00:00,159.7520000000003,159.79800000000031,159.6700000000003,159.6800000000003,5983
2026-03-20T08:00:00+00:00,159.6800000000003,159.7280000000003,159.6450000000003,159.7000000000003,6466
2026-03-20T08:30:00+00:00,159.7000000000003,159.8780000000003,159.6990000000003,159.8740000000003,6408
2026-03-20T09:00:00+00:00,159.8740000000003,160.0470000000003,159.8370000000003,160.0170000000003,6064
2026-03-20T09:30:00+00:00,160.0170000000003,160.25100000000032,160.0120000000003,160.2190000000003,7705
2026-03-20T10:00:00+00:00,160.2190000000003,160.2860000000003,160.1930000000003,160.2010000000003,8597
2026-03-20T10:30:00+00:00,160.2010000000003,160.2190000000003,160.07200000000032,160.1030000000003,7417
2026-03-20T11:00:00+00:00,160.1030000000003,160.11400000000032,159.9070000000003,160.01900000000032,6592
2026-03-20T11:30:00+00:00,160.01900000000032,160.04200000000031,159.91700000000031,159.9670000000003,5594
2026-03-20T12:00:00+00:00,159.9670000000003,160.0550000000003,159.9270000000003,159.9270000000003,8363
2026-03-20T12:30:00+00:00,159.9270000000003,160.0990000000003,159.9070000000003,160.0860000000003,10763
2026-03-20T13:00:00+00:00,160.0860000000003,160.2190000000003,160.06000000000031,160.2020000000003,7494
2026-03-20T13:30:00+00:00,160.2020000000003,160.4090000000003,160.1950000000003,160.4080000000003,11791
2026-03-20T14:00:00+00:00,160.4080000000003,160.5670000000003,160.3930000000003,160.5550000000003,12309
2026-03-20T14:30:00+00:00,160.5550000000003,160.5570000000003,160.4610000000003,160.5150000000003,10302
2026-03-20T15:00:00+00:00,160.5150000000003,160.5220000000003,160.3530000000003,160.4640000000003,12645
2026-03-20T15:30:00+00:00,160.4640000000003,160.6470000000003,160.3950000000003,160.6420000000003,10093
2026-03-20T16:00:00+00:00,160.6420000000003,160.6610000000003,160.5350000000003,160.6120000000003,7590
2026-03-20T16:30:00+00:00,160.6120000000003,160.67300000000031,160.5870000000003,160.6560000000003,4545
2026-03-20T17:00:00+00:00,160.6560000000003,160.7490000000003,160.5440000000003,160.56000000000031,9484
2026-03-20T17:30:00+00:00,160.56000000000031,160.6290000000003,160.5310000000003,160.6090000000003,6188
2026-03-20T18:00:00+00:00,160.6090000000003,160.7080000000003,160.5750000000003,160.6090000000003,8337
2026-03-20T18:30:00+00:00,160.6090000000003,160.7730000000003,160.5830000000003,160.73900000000032,6497
2026-03-20T19:00:00+00:00,160.73900000000032,160.7610000000003,160.6710000000003,160.72100000000032,3401
2026-03-20T19:30:00+00:00,160.72100000000032,160.7290000000003,160.6190000000003,160.6920000000003,4161
2026-03-20T20:00:00+00:00,160.6920000000003,160.7200000000003,160.6640000000003,160.6770000000003,1952
2026-03-20T20:30:00+00:00,160.6770000000003,160.70300000000032,160.5760000000003,160.5880000000003,2469.0116991643454
2026-03-22T21:00:00+00:00,160.5880000000003,160.67300000000034,160.52700000000033,160.67200000000034,200.8696939841067
2026-03-22T21:30:00+00:00,160.67200000000034,160.73300000000032,160.46400000000034,160.61900000000034,855.9628060312368
2026-03-22T22:00:00+00:00,160.61900000000034,160.87100000000032,160.61900000000034,160.69200000000032,2944
2026-03-22T22:30:00+00:00,160.69200000000032,160.78700000000032,160.63100000000034,160.69300000000032,3375
2026-03-22T23:00:00+00:00,160.69300000000032,160.70600000000033,160.50200000000032,160.58100000000033,5739
2026-03-22T23:30:00+00:00,160.58100000000033,160.65700000000032,160.51300000000032,160.54400000000032,7005
2026-03-23T00:00:00+00:00,160.54400000000032,160.62800000000033,160.41000000000034,160.62400000000034,8914
2026-03-23T00:30:00+00:00,160.62400000000034,160.92100000000033,160.62000000000032,160.89900000000034,9621
2026-03-23T01:00:00+00:00,160.89900000000034,160.90000000000032,160.77000000000032,160.81200000000032,8537
2026-03-23T01:30:00+00:00,160.81200000000032,160.92600000000033,160.73600000000033,160.87700000000032,7428
2026-03-23T02:00:00+00:00,160.87700000000032,160.90500000000034,160.81500000000034,160.84300000000033,4969
2026-03-23T02:30:00+00:00,160.84300000000033,160.98500000000033,160.84200000000033,160.92200000000034,4822
2026-03-23T03:00:00+00:00,160.92200000000034,161.01700000000034,160.90300000000033,160.92900000000031,4625
2026-03-23T03:30:00+00:00,160.92900000000031,160.93000000000032,160.72500000000034,160.85500000000033,3993
2026-03-23T04:00:00+00:00,160.85500000000033,160.85800000000032,160.76600000000033,160.80300000000034,3858
2026-03-23T04:30:00+00:00,160.80300000000034,160.84000000000032,160.74300000000034,160.79900000000032,3703
2026-03-23T05:00:00+00:00,160.79900000000032,160.91000000000034,160.75400000000033,160.89600000000033,3806
2026-03-23T05:30:00+00:00,160.89600000000033,160.98500000000033,160.88800000000032,160.96800000000033,3924
2026-03-23T06:00:00+00:00,160.96800000000033,161.05500000000032,160.90100000000032,160.98200000000034,7231
2026-03-23T06:30:00+00:00,160.98200000000034,161.02800000000033,160.86700000000033,160.86900000000034,6408
2026-03-23T07:00:00+00:00,160.86900000000034,160.94900000000032,160.78500000000034,160.93300000000033,7701
2026-03-23T07:30:00+00:00,160.93300000000033,161.02500000000032,160.78200000000032,160.98800000000034,9695
2026-03-23T08:00:00+00:00,160.98800000000034,161.05200000000033,160.80900000000034,160.82200000000032,10748
2026-03-23T08:30:00+00:00,160.82200000000032,160.93300000000033,160.71000000000032,160.83800000000033,9160
2026-03-23T09:00:00+00:00,160.83800000000033,160.88700000000034,160.79900000000032,160.86000000000033,8938
2026-03-23T09:30:00+00:00,160.86000000000033,161.00200000000032,160.84900000000033,160.94200000000032,7825
2026-03-23T10:00:00+00:00,160.94200000000032,161.01100000000034,160.91800000000032,160.97700000000032,6168
2026-03-23T10:30:00+00:00,160.97700000000032,161.02800000000033,160.87700000000032,161.01900000000032,8464
2026-03-23T11:00:00+00:00,161.01900000000032,161.03000000000034,159.64500000000032,160.15600000000032,81469
2026-03-23T11:30:00+00:00,160.15600000000032,160.37700000000032,159.89200000000034,160.32800000000032,57619
2026-03-23T12:00:00+00:00,160.32800000000032,160.43800000000033,160.11400000000032,160.17800000000034,37450
2026-03-23T12:30:00+00:00,160.17800000000034,160.26800000000034,159.88900000000032,159.90600000000032,33703
2026-03-23T13:00:00+00:00,159.90600000000032,160.12200000000033,159.81800000000032,160.02000000000032,24283
2026-03-23T13:30:00+00:00,160.02000000000032,160.12300000000033,159.82900000000032,159.85300000000032,27657
2026-03-23T14:00:00+00:00,159.85300000000032,159.89700000000033,159.61300000000034,159.68100000000032,24455
2026-03-23T14:30:00+00:00,159.68100000000032,159.90200000000033,159.59700000000032,159.82900000000032,22304
2026-03-23T15:00:00+00:00,159.82900000000032,159.92400000000032,159.61300000000034,159.91600000000034,19099
2026-03-23T15:30:00+00:00,159.91600000000034,160.16500000000033,159.89900000000034,160.09800000000033,22210
2026-03-23T16:00:00+00:00,160.09800000000033,160.24400000000034,160.04100000000034,160.21200000000033,15084
2026-03-23T16:30:00+00:00,160.21200000000033,160.21400000000034,159.99100000000033,160.08400000000032,15597
2026-03-23T17:00:00+00:00,160.08400000000032,160.13000000000034,159.93800000000033,159.94000000000034,12582
2026-03-23T17:30:00+00:00,159.94000000000034,159.94900000000032,159.80000000000032,159.84200000000033,7004
2026-03-23T18:00:00+00:00,159.84200000000033,159.92400000000032,159.65200000000033,159.65300000000033,8631
2026-03-23T18:30:00+00:00,159.65300000000033,159.65300000000033,159.41500000000033,159.47200000000032,8369
2026-03-23T19:00:00+00:00,159.47200000000032,159.67300000000031,159.46300000000033,159.66600000000034,4114
2026-03-23T19:30:00+00:00,159.66600000000034,159.81800000000032,159.66600000000034,159.81400000000033,3812
2026-03-23T20:00:00+00:00,159.81400000000033,159.86800000000034,159.79400000000032,159.85100000000034,2319
2026-03-23T20:30:00+00:00,159.85100000000034,159.87400000000034,159.78500000000034,159.80800000000033,1497
2026-03-23T21:00:00+00:00,159.80800000000033,159.80800000000033,159.76000000000033,159.8030000000003,325.37572425541174
2026-03-23T21:30:00+00:00,159.8030000000003,159.8090000000003,159.65400000000034,159.76300000000032,3193
2026-03-23T22:00:00+00:00,159.76300000000032,159.7910000000003,159.68900000000033,159.72400000000033,1053
2026-03-23T22:30:00+00:00,159.72400000000033,159.80000000000032,159.69900000000032,159.7260000000003,1892
2026-03-23T23:00:00+00:00,159.7260000000003,159.76400000000032,159.66900000000032,159.72300000000033,2333
2026-03-23T23:30:00+00:00,159.72300000000033,159.90400000000034,159.7200000000003,159.87700000000032,6140
2026-03-24T00:00:00+00:00,159.87700000000032,160.10400000000033,159.84800000000033,160.00800000000032,9674
2026-03-24T00:30:00+00:00,160.00800000000032,160.06400000000033,159.83200000000033,159.97500000000034,13619
2026-03-24T01:00:00+00:00,159.97500000000034,160.00300000000033,159.84400000000034,159.93300000000033,10064
2026-03-24T01:30:00+00:00,159.93300000000033,160.04000000000033,159.93200000000033,159.98300000000032,8235
2026-03-24T02:00:00+00:00,159.98300000000032,160.07400000000032,159.95600000000033,159.96100000000033,6311
2026-03-24T02:30:00+00:00,159.96100000000033,160.06800000000032,159.89600000000033,160.06400000000033,5740
2026-03-24T03:00:00+00:00,160.06400000000033,160.1010000000003,160.02000000000032,160.04300000000032,4183
2026-03-24T03:30:00+00:00,160.04300000000032,160.14000000000033,160.00800000000032,160.12800000000033,3526
2026-03-24T04:00:00+00:00,160.12800000000033,160.19100000000032,160.11800000000034,160.16300000000032,3647
2026-03-24T04:30:00+00:00,160.16300000000032,160.17400000000032,160.1070000000003,160.15100000000032,2930
2026-03-24T05:00:00+00:00,160.15100000000032,160.18000000000032,160.07000000000033,160.09900000000033,5496
2026-03-24T05:30:00+00:00,160.09900000000033,160.11400000000032,159.96800000000033,160.0240000000003,5986
2026-03-24T06:00:00+00:00,160.0240000000003,160.1010000000003,159.96200000000033,160.06700000000032,6921
2026-03-24T06:30:00+00:00,160.06700000000032,160.11200000000034,159.99500000000032,159.99900000000034,5510
2026-03-24T07:00:00+00:00,159.99900000000034,160.03700000000032,159.79800000000031,159.94700000000032,11678
2026-03-24T07:30:00+00:00,159.94700000000032,160.01900000000032,159.87300000000033,159.89200000000034,9010
2026-03-24T08:00:00+00:00,159.89200000000034,159.9880000000003,159.82300000000032,159.95100000000033,9869
2026-03-24T08:30:00+00:00,159.95100000000033,160.06400000000033,159.87600000000032,160.05100000000033,9566
2026-03-24T09:00:00+00:00,160.05100000000033,160.16800000000032,160.01300000000032,160.15000000000032,7657
2026-03-24T09:30:00+00:00,160.15000000000032,160.1720000000003,160.01100000000034,160.03100000000032,6011
2026-03-24T10:00:00+00:00,160.03100000000032,160.13000000000034,160.0180000000003,160.09600000000032,5951
2026-03-24T10:30:00+00:00,160.09600000000032,160.19500000000033,160.08200000000033,160.08600000000033,5411
2026-03-24T11:00:00+00:00,160.08600000000033,160.12800000000033,160.01300000000032,160.07400000000032,6853
2026-03-24T11:30:00+00:00,160.07400000000032,160.1900000000003,160.04300000000032,160.16700000000031,6723
2026-03-24T12:00:00+00:00,160.16700000000031,160.18900000000033,160.08700000000033,160.10900000000032,7805
2026-03-24T12:30:00+00:00,160.10900000000032,160.25700000000032,160.10200000000032,160.21300000000033,9751
2026-03-24T13:00:00+00:00,160.21300000000033,160.3450000000003,160.16300000000032,160.32500000000033,13134
2026-03-24T13:30:00+00:00,160.32500000000033,160.35200000000032,160.20000000000033,160.20000000000033,9760
2026-03-24T14:00:00+00:00,160.20000000000033,160.20700000000033,160.0180000000003,160.03800000000032,9851
2026-03-24T14:30:00+00:00,160.03800000000032,160.19500000000033,159.95500000000033,160.12400000000034,19963
2026-03-24T15:00:00+00:00,160.12400000000034,160.15900000000033,160.04200000000031,160.05400000000031,11367
2026-03-24T15:30:00+00:00,160.05400000000031,160.30000000000032,160.02700000000033,160.30000000000032,9386
2026-03-24T16:00:00+00:00,160.30000000000032,160.34800000000033,160.1960000000003,160.23400000000032,6143
2026-03-24T16:30:00+00:00,160.23400000000032,160.32500000000033,160.1960000000003,160.31600000000032,5469
2026-03-24T17:00:00+00:00,160.31600000000032,160.58800000000033,160.31600000000032,160.46500000000032,13965
2026-03-24T17:30:00+00:00,160.46500000000032,160.57400000000032,160.39800000000034,160.46900000000034,11943
2026-03-24T18:00:00+00:00,160.46900000000034,160.56600000000032,160.40400000000034,160.40400000000034,9500
2026-03-24T18:30:00+00:00,160.40400000000034,160.42500000000032,160.24700000000033,160.37000000000032,7441
2026-03-24T19:00:00+00:00,160.37000000000032,160.37900000000033,160.24800000000033,160.3750000000003,5879
2026-03-24T19:30:00+00:00,160.3750000000003,160.39400000000032,160.34200000000033,160.38500000000033,4712
2026-03-24T20:00:00+00:00,160.38500000000033,160.43300000000033,159.7620000000003,160.05400000000031,13540
2026-03-24T20:30:00+00:00,160.05400000000031,160.1780000000003,159.97800000000032,160.07500000000033,11301
2026-03-24T21:00:00+00:00,160.07500000000033,160.08700000000033,159.96100000000033,159.96600000000032,338
2026-03-24T21:30:00+00:00,159.96600000000032,160.07300000000032,159.9640000000003,160.03900000000033,2531
2026-03-24T22:00:00+00:00,160.03900000000033,160.15800000000033,159.99900000000034,160.08200000000033,2925
2026-03-24T22:30:00+00:00,160.08200000000033,160.10900000000032,160.05000000000032,160.08200000000033,6639
2026-03-24T23:00:00+00:00,160.08200000000033,160.15800000000033,160.02900000000034,160.05600000000032,6747
2026-03-24T23:30:00+00:00,160.05600000000032,160.14100000000033,160.04300000000032,160.09900000000033,4814
2026-03-25T00:00:00+00:00,160.09900000000033,160.23400000000032,160.0240000000003,160.17300000000031,11187
2026-03-25T00:30:00+00:00,160.17300000000031,160.21200000000033,159.96500000000032,160.0410000000003,10696
2026-03-25T01:00:00+00:00,160.0410000000003,160.12300000000033,160.00700000000032,160.09600000000032,6933
2026-03-25T01:30:00+00:00,160.09600000000032,160.15800000000033,160.03300000000033,160.11200000000034,7550
2026-03-25T02:00:00+00:00,160.11200000000034,160.17100000000033,160.08000000000033,160.1430000000003,4609
2026-03-25T02:30:00+00:00,160.1430000000003,160.23000000000033,160.1430000000003,160.20000000000033,3422
2026-03-25T03:00:00+00:00,160.20000000000033,160.22200000000032,160.15000000000032,160.2020000000003,2711
2026-03-25T03:30:00+00:00,160.2020000000003,160.21600000000032,160.16500000000033,160.19900000000032,2394
2026-03-25T04:00:00+00:00,160.19900000000032,160.3150000000003,160.18700000000032,160.29300000000032,2686
2026-03-25T04:30:00+00:00,160.29300000000032,160.34000000000032,160.26600000000033,160.27700000000033,2899
2026-03-25T05:00:00+00:00,160.27700000000033,160.34200000000033,160.27700000000033,160.34000000000032,2719
2026-03-25T05:30:00+00:00,160.34000000000032,160.4160000000003,160.3150000000003,160.39000000000033,4171
2026-03-25T06:00:00+00:00,160.39000000000033,160.44300000000032,160.36100000000033,160.4220000000003,4145
2026-03-25T06:30:00+00:00,160.4220000000003,160.42900000000031,160.35000000000034,160.40300000000033,3541
2026-03-25T07:00:00+00:00,160.40300000000033,160.42500000000032,160.3450000000003,160.40300000000033,4657
2026-03-25T07:30:00+00:00,160.40300000000033,160.54500000000033,160.40300000000033,160.53300000000033,4812
2026-03-25T08:00:00+00:00,160.53300000000033,160.59900000000033,160.17300000000031,160.19400000000033,9435
2026-03-25T08:30:00+00:00,160.19400000000033,160.26300000000032,160.12000000000032,160.17100000000033,11475
2026-03-25T09:00:00+00:00,160.17100000000033,160.33000000000033,160.12400000000034,160.29900000000032,6618
2026-03-25T09:30:00+00:00,160.29900000000032,160.36000000000033,160.26100000000034,160.28700000000032,6833
2026-03-25T10:00:00+00:00,160.28700000000032,160.35800000000032,160.24700000000033,160.34600000000032,6005
2026-03-25T10:30:00+00:00,160.34600000000032,160.37100000000032,160.27200000000033,160.28800000000032,4218
2026-03-25T11:00:00+00:00,160.28800000000032,160.29000000000033,160.21800000000033,160.25200000000032,5050
2026-03-25T11:30:00+00:00,160.25200000000032,160.34800000000033,160.23000000000033,160.24600000000032,8223
2026-03-25T12:00:00+00:00,160.24600000000032,160.4220000000003,160.1550000000003,160.38200000000032,13479
2026-03-25T12:30:00+00:00,160.38200000000032,160.48400000000032,160.34800000000033,160.42100000000033,9615
2026-03-25T13:00:00+00:00,160.42100000000033,160.45300000000032,160.33400000000032,160.43700000000032,8924
2026-03-25T13:30:00+00:00,160.43700000000032,160.5590000000003,160.39400000000032,160.5470000000003,10236
2026-03-25T14:00:00+00:00,160.5470000000003,160.6010000000003,160.48400000000032,160.51600000000033,11587
2026-03-25T14:30:00+00:00,160.51600000000033,160.52100000000033,160.39400000000032,160.44900000000032,8141
2026-03-25T15:00:00+00:00,160.44900000000032,160.59700000000032,160.42400000000032,160.49000000000032,9200
2026-03-25T15:30:00+00:00,160.49000000000032,160.64200000000034,160.43500000000031,160.60400000000033,7994
2026-03-25T16:00:00+00:00,160.60400000000033,160.69700000000032,160.51900000000032,160.57300000000032,11095
2026-03-25T16:30:00+00:00,160.57300000000032,160.66400000000033,160.5530000000003,160.64100000000033,6616
2026-03-25T17:00:00+00:00,160.64100000000033,160.68800000000033,160.6010000000003,160.61600000000033,7729
2026-03-25T17:30:00+00:00,160.61600000000033,160.6660000000003,160.5470000000003,160.65300000000033,5490
2026-03-25T18:00:00+00:00,160.65300000000033,160.69100000000032,160.63500000000033,160.68900000000033,4014
2026-03-25T18:30:00+00:00,160.68900000000033,160.84600000000032,160.67100000000033,160.81400000000033,5098
2026-03-25T19:00:00+00:00,160.81400000000033,160.89700000000033,160.81400000000033,160.86800000000034,4108
2026-03-25T19:30:00+00:00,160.86800000000034,160.89200000000034,160.84400000000034,160.8570000000003,2870
2026-03-25T20:00:00+00:00,160.8570000000003,160.89100000000033,160.8570000000003,160.88800000000032,1426
2026-03-25T20:30:00+00:00,160.88800000000032,160.89100000000033,160.8330000000003,160.85900000000032,1436
2026-03-25T21:00:00+00:00,160.85900000000032,160.85900000000032,160.73500000000033,160.77000000000032,543
2026-03-25T21:30:00+00:00,160.77000000000032,160.84800000000033,160.75900000000033,160.78800000000032,1944
2026-03-25T22:00:00+00:00,160.78800000000032,160.86400000000032,160.77300000000034,160.84200000000033,1062
2026-03-25T22:30:00+00:00,160.84200000000033,160.85800000000032,160.78400000000033,160.80100000000033,4767
2026-03-25T23:00:00+00:00,160.80100000000033,160.8270000000003,160.7740000000003,160.77600000000032,3604
2026-03-25T23:30:00+00:00,160.77600000000032,160.82600000000033,160.76900000000032,160.78700000000032,2085
2026-03-26T00:00:00+00:00,160.78700000000032,160.88000000000034,160.73100000000034,160.87300000000033,5340
2026-03-26T00:30:00+00:00,160.87300000000033,160.90000000000032,160.8030000000003,160.87000000000032,5000
2026-03-26T01:00:00+00:00,160.87000000000032,160.90900000000033,160.78100000000032,160.83700000000033,6208
2026-03-26T01:30:00+00:00,160.83700000000033,160.88600000000034,160.82300000000032,160.8750000000003,4143
2026-03-26T02:00:00+00:00,160.8750000000003,160.89600000000033,160.83400000000032,160.8630000000003,2414
2026-03-26T02:30:00+00:00,160.8630000000003,160.93600000000032,160.86100000000033,160.91900000000032,2856
2026-03-26T03:00:00+00:00,160.91900000000032,160.92600000000033,160.82200000000032,160.84100000000032,3602
2026-03-26T03:30:00+00:00,160.84100000000032,160.87600000000032,160.80600000000032,160.85000000000034,3223
2026-03-26T04:00:00+00:00,160.85000000000034,160.86500000000032,160.76700000000034,160.78400000000033,2328
2026-03-26T04:30:00+00:00,160.78400000000033,160.84200000000033,160.77500000000032,160.83100000000033,2975
2026-03-26T05:00:00+00:00,160.83100000000033,160.85400000000033,160.76900000000032,160.83700000000033,3293
2026-03-26T05:30:00+00:00,160.83700000000033,160.8870000000003,160.81900000000033,160.88400000000033,2879
2026-03-26T06:00:00+00:00,160.88400000000033,160.90100000000032,160.84300000000033,160.85900000000032,3943
2026-03-26T06:30:00+00:00,160.85900000000032,160.86100000000033,160.68200000000033,160.71000000000032,3834
2026-03-26T07:00:00+00:00,160.71000000000032,160.82500000000033,160.69800000000032,160.79800000000031,5183
2026-03-26T07:30:00+00:00,160.79800000000031,160.90000000000032,160.79600000000033,160.89700000000033,3872
2026-03-26T08:00:00+00:00,160.89700000000033,160.94100000000032,160.83500000000032,160.88900000000032,5769
2026-03-26T08:30:00+00:00,160.88900000000032,160.89500000000032,160.83600000000033,160.86200000000034,4285
2026-03-26T09:00:00+00:00,160.86200000000034,160.89000000000033,160.83100000000033,160.8750000000003,3195
2026-03-26T09:30:00+00:00,160.8750000000003,160.9340000000003,160.84700000000032,160.89000000000033,3774
2026-03-26T10:00:00+00:00,160.89000000000033,160.94500000000033,160.84000000000032,160.84900000000033,4357
2026-03-26T10:30:00+00:00,160.84900000000033,160.92000000000033,160.8210000000003,160.8870000000003,4200
2026-03-26T11:00:00+00:00,160.8870000000003,160.95500000000033,160.86800000000034,160.93800000000033,3274
2026-03-26T11:30:00+00:00,160.93800000000033,161.06600000000032,160.93000000000032,161.05200000000033,3728
2026-03-26T12:00:00+00:00,161.05200000000033,161.09300000000033,160.95000000000033,160.96000000000032,4993
2026-03-26T12:30:00+00:00,160.96000000000032,161.09000000000032,160.95500000000033,161.03200000000032,4886
2026-03-26T13:00:00+00:00,161.03200000000032,161.05400000000031,160.93100000000032,160.95300000000032,6610
2026-03-26T13:30:00+00:00,160.95300000000032,161.02200000000033,160.8630000000003,160.91900000000032,11172
2026-03-26T14:00:00+00:00,160.91900000000032,161.00200000000032,160.90300000000033,160.9520000000003,7820
2026-03-26T14:30:00+00:00,160.9520000000003,160.98900000000032,160.82600000000033,160.94900000000032,12431
2026-03-26T15:00:00+00:00,160.94900000000032,161.01500000000033,160.92900000000031,161.00200000000032,7692
2026-03-26T15:30:00+00:00,161.00200000000032,161.09100000000032,160.9760000000003,161.05200000000033,7825
2026-03-26T16:00:00+00:00,161.05200000000033,161.09300000000033,161.02500000000032,161.05100000000033,6080
2026-03-26T16:30:00+00:00,161.05100000000033,161.09800000000033,161.01400000000032,161.05700000000033,4270
2026-03-26T17:00:00+00:00,161.05700000000033,161.1130000000003,161.0300000000003,161.09100000000032,4786
2026-03-26T17:30:00+00:00,161.09100000000032,161.16200000000032,161.06300000000033,161.15900000000033,3579
2026-03-26T18:00:00+00:00,161.15900000000033,161.20100000000033,161.12600000000032,161.19200000000032,2884
2026-03-26T18:30:00+00:00,161.19200000000032,161.19700000000032,161.11100000000033,161.1370000000003,3149
2026-03-26T19:00:00+00:00,161.1370000000003,161.23000000000033,161.12800000000033,161.21600000000032,3337
2026-03-26T19:30:00+00:00,161.21600000000032,161.22700000000032,161.16400000000033,161.22200000000032,3031
2026-03-26T20:00:00+00:00,161.22200000000032,161.24600000000032,160.73000000000033,161.08000000000033,16453
2026-03-26T20:30:00+00:00,161.08000000000033,161.1960000000003,161.05000000000032,161.18200000000033,4634
2026-03-26T21:00:00+00:00,161.18200000000033,161.1840000000003,161.00200000000032,161.11600000000033,287.02753548828457
2026-03-26T21:30:00+00:00,161.11600000000033,161.1190000000003,161.02500000000032,161.05500000000032,1125
2026-03-26T22:00:00+00:00,161.05500000000032,161.1430000000003,161.05200000000033,161.08600000000033,907
2026-03-26T22:30:00+00:00,161.08600000000033,161.08800000000033,161.04800000000031,161.04800000000031,2558
2026-03-26T23:00:00+00:00,161.04800000000031,161.07900000000032,161.03100000000032,161.06600000000032,2610
2026-03-26T23:30:00+00:00,161.06600000000032,161.12700000000032,161.04800000000031,161.12200000000033,1599
2026-03-27T00:00:00+00:00,161.12200000000033,161.1600000000003,161.02800000000033,161.1130000000003,5111
2026-03-27T00:30:00+00:00,161.1130000000003,161.11600000000033,160.88300000000032,160.95600000000033,7232
2026-03-27T01:00:00+00:00,160.95600000000033,160.99300000000034,160.8870000000003,160.96600000000032,5336
2026-03-27T01:30:00+00:00,160.96600000000032,160.98300000000032,160.85300000000032,160.87900000000033,3151
2026-03-27T02:00:00+00:00,160.87900000000033,160.98300000000032,160.85300000000032,160.96900000000034,3334
2026-03-27T02:30:00+00:00,160.96900000000034,160.97700000000032,160.89100000000033,160.92500000000032,2544
2026-03-27T03:00:00+00:00,160.92500000000032,160.99200000000033,160.90100000000032,160.97100000000032,2103
2026-03-27T03:30:00+00:00,160.97100000000032,161.02100000000033,160.95300000000032,161.0120000000003,2084
2026-03-27T04:00:00+00:00,161.0120000000003,161.0410000000003,160.95900000000032,160.96500000000032,1929
2026-03-27T04:30:00+00:00,160.96500000000032,161.02800000000033,160.95000000000033,161.0180000000003,2363
2026-03-27T05:00:00+00:00,161.0180000000003,161.04600000000033,160.98900000000032,161.03700000000032,2974
2026-03-27T05:30:00+00:00,161.03700000000032,161.0410000000003,160.9700000000003,161.02200000000033,3379
2026-03-27T06:00:00+00:00,161.02200000000033,161.0530000000003,160.97300000000033,161.02500000000032,2712
2026-03-27T06:30:00+00:00,161.02500000000032,161.16500000000033,160.98900000000032,161.14400000000032,2709
2026-03-27T07:00:00+00:00,161.14400000000032,161.36800000000034,161.13500000000033,161.35400000000033,6785
2026-03-27T07:30:00+00:00,161.35400000000033,161.37300000000033,161.30200000000033,161.34100000000032,4227
2026-03-27T08:00:00+00:00,161.34100000000032,161.34900000000033,161.2620000000003,161.27800000000033,5979
2026-03-27T08:30:00+00:00,161.27800000000033,161.30000000000032,161.14700000000033,161.23600000000033,4493
2026-03-27T09:00:00+00:00,161.23600000000033,161.33700000000033,161.1610000000003,161.22700000000032,5769
2026-03-27T09:30:00+00:00,161.22700000000032,161.27700000000033,161.19300000000032,161.26500000000033,3586
2026-03-27T10:00:00+00:00,161.26500000000033,161.27600000000032,161.17700000000033,161.22700000000032,3677
2026-03-27T10:30:00+00:00,161.22700000000032,161.34300000000033,161.22200000000032,161.31600000000032,3792
2026-03-27T11:00:00+00:00,161.31600000000032,161.33400000000032,161.24000000000032,161.24300000000034,3612
2026-03-27T11:30:00+00:00,161.24300000000034,161.27800000000033,161.20700000000033,161.25400000000033,3443
2026-03-27T12:00:00+00:00,161.25400000000033,161.29500000000033,161.2260000000003,161.26000000000033,4908
2026-03-27T12:30:00+00:00,161.26000000000033,161.3270000000003,161.19400000000033,161.27300000000034,5417
2026-03-27T13:00:00+00:00,161.27300000000034,161.32800000000032,161.2440000000003,161.30500000000032,6442
2026-03-27T13:30:00+00:00,161.30500000000032,161.34600000000032,161.23500000000033,161.28700000000032,7865
2026-03-27T14:00:00+00:00,161.28700000000032,161.29900000000032,161.19300000000032,161.28400000000033,7632
2026-03-27T14:30:00+00:00,161.28400000000033,161.31800000000032,161.23700000000034,161.29600000000033,6415
2026-03-27T15:00:00+00:00,161.29600000000033,161.32300000000032,161.1490000000003,161.21600000000032,10329
2026-03-27T15:30:00+00:00,161.21600000000032,161.5710000000003,161.09400000000034,161.5650000000003,11249
2026-03-27T16:00:00+00:00,161.5650000000003,161.69300000000032,161.49500000000032,161.50300000000033,9286
2026-03-27T16:30:00+00:00,161.50300000000033,161.56200000000032,161.46700000000033,161.54300000000032,5400
2026-03-27T17:00:00+00:00,161.54300000000032,161.7850000000003,161.46800000000033,161.78100000000032,7800
2026-03-27T17:30:00+00:00,161.78100000000032,161.81000000000031,161.70900000000032,161.73500000000033,5015
2026-03-27T18:00:00+00:00,161.73500000000033,161.79000000000033,161.69300000000032,161.76900000000032,4498
2026-03-27T18:30:00+00:00,161.76900000000032,161.77600000000032,161.63800000000032,161.6430000000003,4352
2026-03-27T19:00:00+00:00,161.6430000000003,161.68800000000033,161.61600000000033,161.65800000000033,2634
2026-03-27T19:30:00+00:00,161.65800000000033,161.6900000000003,161.5360000000003,161.54200000000031,2770
2026-03-27T20:00:00+00:00,161.54200000000031,161.65600000000032,161.50300000000033,161.65200000000033,2350
2026-03-27T20:30:00+00:00,161.65200000000033,161.7260000000003,161.6240000000003,161.67400000000032,2109.759858073642
2026-03-29T21:00:00+00:00,161.67400000000032,161.70100000000033,161.61600000000035,161.68900000000033,132.13418300399516
2026-03-29T21:30:00+00:00,161.68900000000033,161.96800000000033,161.57300000000032,161.79100000000037,544.1675275196429
2026-03-29T22:00:00+00:00,161.79100000000037,161.98300000000037,161.72300000000035,161.92000000000036,3133
2026-03-29T22:30:00+00:00,161.92000000000036,161.98500000000035,161.91700000000037,161.93200000000036,3671
2026-03-29T23:00:00+00:00,161.93200000000036,161.97000000000037,161.83100000000036,161.88200000000037,3363
2026-03-29T23:30:00+00:00,161.88200000000037,161.92400000000035,161.74900000000036,161.75600000000037,5372
2026-03-30T00:00:00+00:00,161.75600000000037,161.77400000000037,161.45100000000036,161.54200000000037,13090
2026-03-30T00:30:00+00:00,161.54200000000037,161.54600000000036,161.40100000000035,161.40400000000037,6534
2026-03-30T01:00:00+00:00,161.40400000000037,161.48200000000037,161.36500000000035,161.44700000000037,5031
2026-03-30T01:30:00+00:00,161.44700000000037,161.52200000000036,161.41700000000037,161.45200000000037,3460
2026-03-30T02:00:00+00:00,161.45200000000037,161.51300000000037,161.35500000000036,161.36500000000035,4361
2026-03-30T02:30:00+00:00,161.36500000000035,161.38000000000036,161.28100000000038,161.36900000000037,4058
2026-03-30T03:00:00+00:00,161.36900000000037,161.36900000000037,161.26200000000037,161.29100000000037,2819
2026-03-30T03:30:00+00:00,161.29100000000037,161.34100000000035,161.26700000000037,161.31500000000037,2743
2026-03-30T04:00:00+00:00,161.31500000000037,161.31500000000037,161.18000000000035,161.23900000000037,4347
2026-03-30T04:30:00+00:00,161.23900000000037,161.32300000000035,161.23900000000037,161.31600000000037,2812
2026-03-30T05:00:00+00:00,161.31600000000037,161.33300000000037,161.23100000000036,161.28700000000035,3546
2026-03-30T05:30:00+00:00,161.28700000000035,161.30000000000035,161.19800000000035,161.25500000000036,4960
2026-03-30T06:00:00+00:00,161.25500000000036,161.28700000000035,161.13500000000036,161.27700000000036,5231
2026-03-30T06:30:00+00:00,161.27700000000036,161.36000000000035,161.21900000000036,161.32600000000036,5764
2026-03-30T07:00:00+00:00,161.32600000000036,161.38200000000037,161.09500000000037,161.16900000000035,5883
2026-03-30T07:30:00+00:00,161.16900000000035,161.30400000000037,161.15800000000036,161.30400000000037,5949
2026-03-30T08:00:00+00:00,161.30400000000037,161.33600000000035,161.25700000000037,161.29400000000035,5333
2026-03-30T08:30:00+00:00,161.29400000000035,161.30700000000036,161.10800000000037,161.21400000000037,5566
2026-03-30T09:00:00+00:00,161.21400000000037,161.25000000000037,161.12500000000037,161.19900000000035,6077
2026-03-30T09:30:00+00:00,161.19900000000035,161.19900000000035,161.10000000000036,161.12300000000036,4941
2026-03-30T10:00:00+00:00,161.12300000000036,161.14500000000035,161.01100000000037,161.11100000000036,4021
2026-03-30T10:30:00+00:00,161.11100000000036,161.17300000000037,161.07900000000035,161.13200000000037,3419
2026-03-30T11:00:00+00:00,161.13200000000037,161.13200000000037,160.93200000000036,161.02900000000037,8620.434309770215
2026-03-30T11:30:00+00:00,161.02900000000037,161.06000000000037,160.97500000000036,161.04100000000037,6392
2026-03-30T12:00:00+00:00,161.04100000000037,161.08500000000038,160.95700000000036,161.04500000000036,6064
2026-03-30T12:30:00+00:00,161.04500000000036,161.04600000000036,160.86100000000036,160.89700000000036,5775
2026-03-30T13:00:00+00:00,160.89700000000036,160.94200000000038,160.85000000000036,160.88200000000037,6356
2026-03-30T13:30:00+00:00,160.88200000000037,161.07200000000037,160.86200000000036,161.05200000000036,6702
2026-03-30T14:00:00+00:00,161.05200000000036,161.14400000000037,161.04700000000037,161.10400000000035,6712
2026-03-30T14:30:00+00:00,161.10400000000035,161.13100000000037,161.02000000000038,161.06000000000037,9145
2026-03-30T15:00:00+00:00,161.06000000000037,161.16500000000036,161.02800000000036,161.10200000000037,5168
2026-03-30T15:30:00+00:00,161.10200000000037,161.12600000000037,160.91100000000037,161.00700000000037,5785
2026-03-30T16:00:00+00:00,161.00700000000037,161.01500000000036,160.95000000000036,160.98900000000037,4134
2026-03-30T16:30:00+00:00,160.98900000000037,161.03600000000037,160.93800000000036,160.96900000000036,3477
2026-03-30T17:00:00+00:00,160.96900000000036,161.11300000000037,160.93900000000036,161.07200000000037,3502
2026-03-30T17:30:00+00:00,161.07200000000037,161.09900000000036,160.99500000000037,161.09400000000036,3943
2026-03-30T18:00:00+00:00,161.09400000000036,161.09400000000036,160.97800000000038,161.06000000000037,3094
2026-03-30T18:30:00+00:00,161.06000000000037,161.16500000000036,161.04700000000037,161.14900000000037,3045
2026-03-30T19:00:00+00:00,161.14900000000037,161.21600000000038,161.13800000000037,161.19800000000038,2730
2026-03-30T19:30:00+00:00,161.19800000000038,161.23600000000036,161.18200000000036,161.21900000000036,2282
2026-03-30T20:00:00+00:00,161.21900000000036,161.23500000000035,161.16400000000036,161.23000000000036,1993
2026-03-30T20:30:00+00:00,161.23000000000036,161.26400000000038,161.19400000000036,161.19400000000036,2115
2026-03-30T21:00:00+00:00,161.19400000000036,161.26400000000038,161.16500000000036,161.17200000000037,506
2026-03-30T21:30:00+00:00,161.17200000000037,161.25200000000038,161.16700000000037,161.25100000000037,2205
2026-03-30T22:00:00+00:00,161.25100000000037,161.29600000000036,161.24300000000036,161.26700000000037,643
2026-03-30T22:30:00+00:00,161.26700000000037,161.33200000000036,161.26700000000037,161.32800000000037,9438
2026-03-30T23:00:00+00:00,161.32800000000037,161.38400000000036,161.32200000000037,161.32900000000038,2302
2026-03-30T23:30:00+00:00,161.32900000000038,161.39100000000036,161.32100000000037,161.36800000000036,3146
2026-03-31T00:00:00+00:00,161.36800000000036,161.44300000000035,161.28000000000037,161.40200000000036,5692
2026-03-31T00:30:00+00:00,161.40200000000036,161.46500000000037,161.21100000000035,161.40400000000037,13260
2026-03-31T01:00:00+00:00,161.40400000000037,161.49900000000036,161.28000000000037,161.30100000000036,8126
2026-03-31T01:30:00+00:00,161.30100000000036,161.30200000000036,161.19100000000037,161.27600000000038,6051
2026-03-31T02:00:00+00:00,161.27600000000038,161.30500000000038,161.16800000000038,161.20200000000037,4728
2026-03-31T02:30:00+00:00,161.20200000000037,161.23800000000037,161.11500000000038,161.12800000000036,3995
2026-03-31T03:00:00+00:00,161.12800000000036,161.21800000000036,161.12100000000038,161.19000000000037,2720
2026-03-31T03:30:00+00:00,161.19000000000037,161.26800000000037,161.17900000000037,161.24800000000036,2074
2026-03-31T04:00:00+00:00,161.24800000000036,161.25500000000036,161.14000000000036,161.15500000000037,1975
2026-03-31T04:30:00+00:00,161.15500000000037,161.19000000000037,161.13000000000036,161.14700000000036,2407
2026-03-31T05:00:00+00:00,161.14700000000036,161.16000000000037,161.00900000000036,161.11900000000037,4217
2026-03-31T05:30:00+00:00,161.11900000000037,161.15300000000036,161.07800000000037,161.13700000000037,2560
2026-03-31T06:00:00+00:00,161.13700000000037,161.20200000000037,161.02000000000038,161.05100000000036,4482
2026-03-31T06:30:00+00:00,161.05100000000036,161.26800000000037,161.05100000000036,161.25300000000036,5685
2026-03-31T07:00:00+00:00,161.25300000000036,161.31300000000036,161.18300000000036,161.27100000000036,5431
2026-03-31T07:30:00+00:00,161.27100000000036,161.30500000000038,161.14900000000037,161.17000000000036,4013
2026-03-31T08:00:00+00:00,161.17000000000036,161.20600000000036,161.11800000000036,161.14900000000037,4369
2026-03-31T08:30:00+00:00,161.14900000000037,161.17700000000036,161.04600000000036,161.10100000000037,3329
2026-03-31T09:00:00+00:00,161.10100000000037,161.13100000000037,161.03600000000037,161.12500000000037,3730
2026-03-31T09:30:00+00:00,161.12500000000037,161.20100000000036,161.12400000000036,161.17500000000035,3267
2026-03-31T10:00:00+00:00,161.17500000000035,161.24800000000036,161.16400000000036,161.18400000000037,2490
2026-03-31T10:30:00+00:00,161.18400000000037,161.29900000000038,161.18300000000036,161.25900000000036,3360
2026-03-31T11:00:00+00:00,161.25900000000036,161.28700000000038,161.01000000000036,161.07200000000037,10303
2026-03-31T11:30:00+00:00,161.07200000000037,161.12000000000037,160.88900000000038,160.94300000000035,8599
2026-03-31T12:00:00+00:00,160.94300000000035,161.09100000000038,160.90000000000038,160.95800000000037,11556
2026-03-31T12:30:00+00:00,160.95800000000037,160.97300000000035,160.86800000000036,160.89100000000036,6709
2026-03-31T13:00:00+00:00,160.89100000000036,160.96800000000036,160.72800000000038,160.82000000000036,6381
2026-03-31T13:30:00+00:00,160.82000000000036,160.85700000000037,160.59900000000036,160.60200000000037,8280
2026-03-31T14:00:00+00:00,160.60200000000037,160.74600000000038,160.58000000000035,160.65200000000036,8309
2026-03-31T14:30:00+00:00,160.65200000000036,160.84600000000037,160.58800000000036,160.62600000000037,13669
2026-03-31T15:00:00+00:00,160.62600000000037,160.65100000000038,160.41900000000035,160.53000000000037,12100
2026-03-31T15:30:00+00:00,160.53000000000037,160.63300000000038,160.47500000000036,160.60100000000037,8210
2026-03-31T16:00:00+00:00,160.60100000000037,160.73000000000036,160.56000000000037,160.70500000000035,5752
2026-03-31T16:30:00+00:00,160.70500000000035,160.72800000000038,160.34700000000038,160.47800000000038,20085
2026-03-31T17:00:00+00:00,160.47800000000038,160.48600000000036,160.27200000000036,160.37500000000037,10738
2026-03-31T17:30:00+00:00,160.37500000000037,160.48400000000038,160.31200000000035,160.47300000000035,9097
2026-03-31T18:00:00+00:00,160.47300000000035,160.49200000000036,160.34600000000037,160.36200000000036,5849
2026-03-31T18:30:00+00:00,160.36200000000036,160.42900000000037,160.31300000000036,160.40000000000038,5337
2026-03-31T19:00:00+00:00,160.40000000000038,160.52700000000036,160.37600000000037,160.44300000000035,3872
2026-03-31T19:30:00+00:00,160.44300000000035,160.44700000000037,160.20700000000036,160.23600000000036,6027
2026-03-31T20:00:00+00:00,160.23600000000036,160.25300000000036,160.18000000000038,160.24800000000036,3276
2026-03-31T20:30:00+00:00,160.24800000000036,160.28900000000036,160.22200000000038,160.23600000000036,2530
2026-03-31T21:00:00+00:00,160.23600000000036,160.32400000000035,160.20600000000036,160.28800000000035,287.88876677617884
2026-03-31T21:30:00+00:00,160.28800000000035,160.31300000000036,160.15500000000037,160.24700000000036,6092.035073133257
2026-03-31T22:00:00+00:00,160.24700000000036,160.39500000000035,160.24700000000036,160.31700000000035,906
2026-03-31T22:30:00+00:00,160.31700000000035,160.34600000000034,160.29000000000033,160.30500000000035,2346
2026-03-31T23:00:00+00:00,160.30500000000035,160.35300000000035,160.13500000000033,160.16600000000034,3768
2026-03-31T23:30:00+00:00,160.16600000000034,160.22600000000034,160.14700000000033,160.16200000000035,3600
2026-04-01T00:00:00+00:00,160.16200000000035,160.19700000000034,160.02300000000034,160.11700000000033,5373
2026-04-01T00:30:00+00:00,160.11700000000033,160.41500000000033,160.10000000000034,160.36000000000035,5700
2026-04-01T01:00:00+00:00,160.36000000000035,160.58800000000033,160.31900000000036,160.32000000000033,7401
2026-04-01T01:30:00+00:00,160.32000000000033,160.50900000000036,160.30600000000035,160.33200000000033,5060
2026-04-01T02:00:00+00:00,160.33200000000033,160.36100000000033,160.26200000000034,160.30500000000035,4338
2026-04-01T02:30:00+00:00,160.30500000000035,160.34800000000035,160.23300000000035,160.29800000000034,3390
2026-04-01T03:00:00+00:00,160.29800000000034,160.32300000000035,160.15900000000033,160.23100000000034,3420
2026-04-01T03:30:00+00:00,160.23100000000034,160.43600000000035,160.23100000000034,160.43300000000033,2768
2026-04-01T04:00:00+00:00,160.43300000000033,160.50700000000035,160.38500000000033,160.46800000000033,2458
2026-04-01T04:30:00+00:00,160.46800000000033,160.51100000000034,160.35600000000034,160.35800000000035,2481
2026-04-01T05:00:00+00:00,160.35800000000035,160.49300000000034,160.35600000000034,160.36800000000034,3635
2026-04-01T05:30:00+00:00,160.36800000000034,160.40000000000035,160.19400000000036,160.25100000000035,4343
2026-04-01T06:00:00+00:00,160.25100000000035,160.26100000000034,159.97900000000035,160.01100000000034,6035
2026-04-01T06:30:00+00:00,160.01100000000034,160.02500000000035,159.86400000000035,159.88100000000034,9389
2026-04-01T07:00:00+00:00,159.88100000000034,160.01500000000036,159.84500000000034,160.00100000000035,7363
2026-04-01T07:30:00+00:00,160.00100000000035,160.36400000000035,159.93100000000035,160.35300000000035,9995
2026-04-01T08:00:00+00:00,160.35300000000035,160.44500000000033,160.17600000000036,160.17800000000034,8913
2026-04-01T08:30:00+00:00,160.17800000000034,160.20600000000036,159.99500000000035,160.15500000000034,9620
2026-04-01T09:00:00+00:00,160.15500000000034,160.27800000000033,160.05700000000036,160.22700000000034,7422
2026-04-01T09:30:00+00:00,160.22700000000034,160.34700000000035,160.18000000000035,160.28700000000035,4906
2026-04-01T10:00:00+00:00,160.28700000000035,160.30700000000036,160.19500000000033,160.21500000000034,6134
2026-04-01T10:30:00+00:00,160.21500000000034,160.23400000000035,160.08900000000034,160.09400000000034,4943
2026-04-01T11:00:00+00:00,160.09400000000034,160.12300000000033,160.02100000000036,160.11000000000035,4462
2026-04-01T11:30:00+00:00,160.11000000000035,160.11000000000035,159.92100000000033,159.92300000000034,4384
2026-04-01T12:00:00+00:00,159.92300000000034,160.11400000000035,159.89600000000036,160.09400000000034,6540
2026-04-01T12:30:00+00:00,160.09400000000034,160.14600000000036,159.88400000000036,160.10300000000035,14503
2026-04-01T13:00:00+00:00,160.10300000000035,160.19500000000033,160.04300000000035,160.11700000000033,7363
2026-04-01T13:30:00+00:00,160.11700000000033,160.24700000000036,160.03100000000035,160.19100000000034,11423
2026-04-01T14:00:00+00:00,160.19100000000034,160.32800000000034,160.10800000000035,160.12100000000035,12931
2026-04-01T14:30:00+00:00,160.12100000000035,160.19900000000035,160.03800000000035,160.06000000000034,11638
2026-04-01T15:00:00+00:00,160.06000000000034,160.22500000000034,159.98200000000034,160.20700000000033,7056
2026-04-01T15:30:00+00:00,160.20700000000033,160.27100000000036,160.16700000000034,160.20600000000036,5550
2026-04-01T16:00:00+00:00,160.20600000000036,160.30500000000035,160.16400000000036,160.22900000000035,5192
2026-04-01T16:30:00+00:00,160.22900000000035,160.29300000000035,160.11800000000034,160.12900000000033,4601
2026-04-01T17:00:00+00:00,160.12900000000033,160.13500000000033,160.02100000000036,160.12900000000033,4318
2026-04-01T17:30:00+00:00,160.12900000000033,160.29600000000033,160.12800000000036,160.28500000000034,5182
2026-04-01T18:00:00+00:00,160.28500000000034,160.39700000000033,160.26500000000036,160.34200000000035,5426
2026-04-01T18:30:00+00:00,160.34200000000035,160.43600000000035,160.28100000000035,160.42700000000033,4560
2026-04-01T19:00:00+00:00,160.42700000000033,160.51900000000035,160.41600000000034,160.49400000000034,3564
2026-04-01T19:30:00+00:00,160.49400000000034,160.51700000000034,160.44200000000035,160.46900000000034,3519
2026-04-01T20:00:00+00:00,160.46900000000034,160.48100000000034,160.37800000000036,160.37800000000036,1461
2026-04-01T20:30:00+00:00,160.37800000000036,160.39300000000034,160.32600000000033,160.34900000000033,2933
2026-04-01T21:00:00+00:00,160.34900000000033,160.35300000000035,160.23800000000037,160.24400000000037,863.6274202251548
2026-04-01T21:30:00+00:00,160.24400000000037,160.31500000000037,160.15500000000037,160.23200000000037,3901
2026-04-01T22:00:00+00:00,160.23200000000037,160.29200000000037,160.20900000000037,160.20900000000037,1382
2026-04-01T22:30:00+00:00,160.20900000000037,160.23700000000036,160.14000000000038,160.16300000000038,2570
2026-04-01T23:00:00+00:00,160.16300000000038,160.21400000000037,160.09900000000036,160.20400000000038,3396
2026-04-01T23:30:00+00:00,160.20400000000038,160.27100000000038,160.18700000000038,160.27100000000038,3299
2026-04-02T00:00:00+00:00,160.27100000000038,160.32000000000036,160.21100000000038,160.25800000000038,5032
2026-04-02T00:30:00+00:00,160.25800000000038,160.3130000000004,160.13500000000036,160.22200000000038,6064
2026-04-02T01:00:00+00:00,160.22200000000038,160.62700000000038,160.15200000000038,160.62700000000038,24198
2026-04-02T01:30:00+00:00,160.62700000000038,160.84400000000036,160.62100000000038,160.84000000000037,12564
2026-04-02T02:00:00+00:00,160.84000000000037,160.89300000000037,160.73100000000036,160.86700000000036,7998
2026-04-02T02:30:00+00:00,160.86700000000036,161.03300000000038,160.85800000000037,160.97700000000037,4860
2026-04-02T03:00:00+00:00,160.97700000000037,161.00200000000038,160.89900000000037,160.92200000000037,3655
2026-04-02T03:30:00+00:00,160.92200000000037,160.95100000000036,160.86600000000038,160.92300000000037,3760
2026-04-02T04:00:00+00:00,160.92300000000037,160.96700000000038,160.89800000000037,160.9380000000004,3476
2026-04-02T04:30:00+00:00,160.9380000000004,160.99200000000036,160.89000000000038,160.90200000000038,3505
2026-04-02T05:00:00+00:00,160.90200000000038,160.96100000000038,160.89500000000038,160.92800000000037,2232
2026-04-02T05:30:00+00:00,160.92800000000037,161.00100000000037,160.90700000000038,160.99800000000036,4456
2026-04-02T06:00:00+00:00,160.99800000000036,160.99800000000036,160.86000000000038,160.90100000000038,5488
2026-04-02T06:30:00+00:00,160.90100000000038,161.02400000000037,160.87100000000038,160.94400000000036,6683
2026-04-02T07:00:00+00:00,160.94400000000036,161.27000000000038,160.92800000000037,161.26300000000037,9669
2026-04-02T07:30:00+00:00,161.26300000000037,161.26900000000037,161.11400000000037,161.13100000000037,5417
2026-04-02T08:00:00+00:00,161.13100000000037,161.21100000000038,161.10500000000036,161.1820000000004,3753
2026-04-02T08:30:00+00:00,161.1820000000004,161.26200000000037,161.16700000000037,161.23600000000036,3673
2026-04-02T09:00:00+00:00,161.23600000000036,161.28200000000038,161.18300000000036,161.19700000000037,3547
2026-04-02T09:30:00+00:00,161.19700000000037,161.19700000000037,161.12400000000036,161.12500000000037,3524
2026-04-02T10:00:00+00:00,161.12500000000037,161.22300000000038,161.10300000000038,161.18400000000037,3615
2026-04-02T10:30:00+00:00,161.18400000000037,161.25600000000037,161.16000000000037,161.24100000000038,4571
2026-04-02T11:00:00+00:00,161.24100000000038,161.30100000000039,161.23000000000036,161.28400000000036,4197
2026-04-02T11:30:00+00:00,161.28400000000036,161.30200000000036,161.24400000000037,161.26200000000037,3566
2026-04-02T12:00:00+00:00,161.26200000000037,161.26700000000037,161.14700000000036,161.14800000000037,5740
2026-04-02T12:30:00+00:00,161.14800000000037,161.22500000000036,161.11700000000036,161.18900000000036,6141
2026-04-02T13:00:00+00:00,161.18900000000036,161.24800000000036,161.12600000000037,161.13900000000038,6206
2026-04-02T13:30:00+00:00,161.13900000000038,161.20500000000038,161.01100000000037,161.02500000000038,8064
2026-04-02T14:00:00+00:00,161.02500000000038,161.06100000000038,160.93700000000038,160.98800000000037,7530
2026-04-02T14:30:00+00:00,160.98800000000037,161.04800000000037,160.79700000000037,160.91700000000037,21291
2026-04-02T15:00:00+00:00,160.91700000000037,160.9380000000004,160.78900000000036,160.85800000000035,10190.103323402964
2026-04-02T15:30:00+00:00,160.85800000000035,160.94700000000034,160.82600000000036,160.90100000000035,6790
2026-04-02T16:00:00+00:00,160.90100000000035,160.96100000000035,160.87900000000036,160.93500000000037,5666
2026-04-02T16:30:00+00:00,160.93500000000037,161.07300000000035,160.87200000000036,161.07000000000036,5297
2026-04-02T17:00:00+00:00,161.07000000000036,161.16400000000036,161.05200000000036,161.10500000000036,4658
2026-04-02T17:30:00+00:00,161.10500000000036,161.17300000000037,161.10300000000035,161.15300000000036,2766
2026-04-02T18:00:00+00:00,161.15300000000036,161.22200000000035,161.14000000000036,161.20900000000034,3383
2026-04-02T18:30:00+00:00,161.20900000000034,161.28700000000035,161.14200000000037,161.19400000000036,3618
2026-04-02T19:00:00+00:00,161.19400000000036,161.19400000000036,161.10000000000036,161.14400000000035,4594
2026-04-02T19:30:00+00:00,161.14400000000035,161.23900000000035,161.11500000000035,161.22100000000034,3638
2026-04-02T20:00:00+00:00,161.22100000000034,161.23400000000035,161.12300000000036,161.12900000000036,1791
2026-04-02T20:30:00+00:00,161.12900000000036,161.15900000000036,161.11400000000035,161.14800000000037,1451
2026-04-02T21:00:00+00:00,161.14800000000037,161.2420000000004,161.13800000000037,161.14500000000035,168.67314053298014
2026-04-02T21:30:00+00:00,161.14500000000035,161.16200000000038,161.13600000000037,161.15100000000035,618.9522756780359
2026-04-02T22:00:00+00:00,161.15100000000035,161.23600000000036,161.14800000000037,161.18200000000036,388
2026-04-02T22:30:00+00:00,161.18200000000036,161.18700000000035,161.14200000000037,161.16200000000038,4036
2026-04-02T23:00:00+00:00,161.16200000000038,161.16600000000037,161.13500000000036,161.15100000000035,2460
2026-04-02T23:30:00+00:00,161.15100000000035,161.15100000000035,161.11900000000037,161.12100000000038,1881
2026-04-03T00:00:00+00:00,161.12100000000038,161.16300000000035,161.06100000000038,161.14800000000037,2129
2026-04-03T00:30:00+00:00,161.14800000000037,161.25700000000037,161.08600000000035,161.22700000000037,3624
2026-04-03T01:00:00+00:00,161.22700000000037,161.25400000000036,161.17900000000037,161.24600000000038,2499
2026-04-03T01:30:00+00:00,161.24600000000038,161.28100000000038,161.22100000000037,161.27800000000036,1105
2026-04-03T02:00:00+00:00,161.27800000000036,161.35000000000036,161.24700000000036,161.31700000000038,2807
2026-04-03T02:30:00+00:00,161.31700000000038,161.32100000000037,161.27100000000036,161.30300000000037,2898
2026-04-03T03:00:00+00:00,161.30300000000037,161.32700000000037,161.27400000000037,161.27800000000036,1020
2026-04-03T03:30:00+00:00,161.27800000000036,161.30500000000038,161.20600000000036,161.21300000000036,1294
2026-04-03T04:00:00+00:00,161.21300000000036,161.22600000000037,161.17200000000037,161.21600000000038,1019
2026-04-03T04:30:00+00:00,161.21600000000038,161.26600000000036,161.17100000000036,161.25700000000037,2037.8101573033707
2026-04-03T05:00:00+00:00,161.25700000000037,161.28500000000037,161.23300000000037,161.27200000000036,3903
2026-04-03T05:30:00+00:00,161.27200000000036,161.28900000000036,161.24300000000036,161.28300000000036,2159
2026-04-03T06:00:00+00:00,161.28300000000036,161.32600000000036,161.23400000000038,161.32500000000036,1042
2026-04-03T06:30:00+00:00,161.32500000000036,161.32600000000036,161.22100000000037,161.26700000000037,1662
2026-04-03T07:00:00+00:00,161.26700000000037,161.26800000000037,161.18900000000036,161.22100000000037,1453
2026-04-03T07:30:00+00:00,161.22100000000037,161.24300000000036,161.17800000000037,161.21900000000036,990
2026-04-03T08:00:00+00:00,161.21900000000036,161.27600000000038,161.19900000000038,161.25300000000038,5347
2026-04-03T08:30:00+00:00,161.25300000000038,161.25600000000037,161.20800000000037,161.24200000000036,1534
2026-04-03T09:00:00+00:00,161.24200000000036,161.25200000000038,161.21300000000036,161.21800000000036,2142
2026-04-03T09:30:00+00:00,161.21800000000036,161.24200000000036,161.21200000000036,161.22600000000037,1649
2026-04-03T10:00:00+00:00,161.22600000000037,161.24400000000037,161.21900000000036,161.23000000000036,2716
2026-04-03T10:30:00+00:00,161.23000000000036,161.24200000000036,161.19800000000038,161.23000000000036,4497
2026-04-03T11:00:00+00:00,161.23000000000036,161.23000000000036,161.18700000000038,161.18900000000036,8358
2026-04-03T11:30:00+00:00,161.18900000000036,161.21500000000037,161.17100000000036,161.19000000000037,7749
2026-04-03T12:00:00+00:00,161.19000000000037,161.20200000000037,161.17300000000037,161.19700000000037,2793
2026-04-03T12:30:00+00:00,161.19700000000037,161.44900000000038,161.16400000000036,161.25100000000037,10657
2026-04-03T13:00:00+00:00,161.25100000000037,161.26200000000037,161.15400000000037,161.18800000000036,2511
2026-04-03T13:30:00+00:00,161.18800000000036,161.20700000000036,161.11700000000036,161.14600000000036,2685
2026-04-03T14:00:00+00:00,161.14600000000036,161.20900000000037,161.12100000000038,161.18600000000038,1342
2026-04-03T14:30:00+00:00,161.18600000000038,161.23300000000037,161.17000000000036,161.22800000000038,1265
2026-04-03T15:00:00+00:00,161.22800000000038,161.23300000000037,161.19700000000037,161.20600000000036,2076
2026-04-03T15:30:00+00:00,161.20600000000036,161.28000000000037,161.20600000000036,161.27500000000038,1582
2026-04-03T16:00:00+00:00,161.27500000000038,161.28100000000038,161.26300000000037,161.27100000000036,1374
2026-04-03T16:30:00+00:00,161.27100000000036,161.27500000000038,161.25700000000037,161.26900000000037,1086
2026-04-03T17:00:00+00:00,161.26900000000037,161.27900000000037,161.25900000000038,161.27700000000036,681
2026-04-03T17:30:00+00:00,161.27700000000036,161.28300000000036,161.26600000000036,161.26700000000037,925
2026-04-03T18:00:00+00:00,161.26700000000037,161.27900000000034,161.26100000000037,161.26600000000036,666.2058425750608
2026-04-03T18:30:00+00:00,161.26600000000036,161.31000000000034,161.26200000000034,161.29300000000035,696.0358174270114
2026-04-03T19:00:00+00:00,161.29300000000035,161.30700000000036,161.26700000000037,161.27900000000034,693
2026-04-03T19:30:00+00:00,161.27900000000034,161.29300000000035,161.26600000000036,161.27300000000037,505
2026-04-03T20:00:00+00:00,161.27300000000037,161.33300000000034,161.12900000000036,161.33300000000034,1213.039837224245
2026-04-03T20:30:00+00:00,161.33300000000034,161.34100000000035,161.01600000000036,161.1090000000004,874.9286845973677
2026-04-05T21:00:00+00:00,159.55499999999998,159.57,159.28899999999996,159.29799999999997,102.95544681157403
2026-04-05T21:30:00+00:00,159.29799999999997,159.52099999999996,159.29799999999997,159.45799999999997,266.347337798957
2026-04-05T22:00:00+00:00,159.45799999999997,159.60499999999996,159.261,159.52499999999998,3450.7356599220348
2026-04-05T22:30:00+00:00,159.52499999999998,159.56999999999996,159.44499999999996,159.47999999999996,10674
2026-04-05T23:00:00+00:00,159.47999999999996,159.63599999999997,159.41099999999997,159.62299999999996,7873
2026-04-05T23:30:00+00:00,159.62299999999996,159.62299999999996,159.51299999999998,159.58399999999997,7804
2026-04-06T00:00:00+00:00,159.58399999999997,159.60599999999997,159.53099999999998,159.57499999999996,5437
2026-04-06T00:30:00+00:00,159.57499999999996,159.57699999999997,159.46099999999996,159.55099999999996,4094
2026-04-06T01:00:00+00:00,159.55099999999996,159.55099999999996,159.42099999999996,159.45599999999996,5682
2026-04-06T01:30:00+00:00,159.45599999999996,159.50599999999997,159.43499999999997,159.49699999999996,2564
2026-04-06T02:00:00+00:00,159.49699999999996,159.49799999999996,159.32899999999995,159.37399999999997,5450
2026-04-06T02:30:00+00:00,159.37399999999997,159.40299999999996,159.34999999999997,159.35999999999996,2786
2026-04-06T03:00:00+00:00,159.35999999999996,159.39299999999997,159.33799999999997,159.38599999999997,3052
2026-04-06T03:30:00+00:00,159.38599999999997,159.44299999999996,159.37299999999996,159.42899999999997,1988
2026-04-06T04:00:00+00:00,159.42899999999997,159.43599999999998,159.35899999999995,159.39199999999997,2237
2026-04-06T04:30:00+00:00,159.39199999999997,159.39999999999998,159.34799999999996,159.37299999999996,2659
2026-04-06T05:00:00+00:00,159.37299999999996,159.38099999999997,159.35499999999996,159.36399999999998,2067
2026-04-06T05:30:00+00:00,159.36399999999998,159.38699999999997,159.35499999999996,159.37499999999997,2453
2026-04-06T06:00:00+00:00,159.37499999999997,159.37899999999996,159.34799999999996,159.36299999999997,2108
2026-04-06T06:30:00+00:00,159.36299999999997,159.45999999999995,159.36199999999997,159.41399999999996,4830
2026-04-06T07:00:00+00:00,159.41399999999996,159.51299999999998,159.40499999999997,159.47899999999996,3920
2026-04-06T07:30:00+00:00,159.47899999999996,159.48999999999995,159.14699999999996,159.19099999999997,6736
2026-04-06T08:00:00+00:00,159.19099999999997,159.24099999999996,159.10799999999998,159.16199999999998,7339
2026-04-06T08:30:00+00:00,159.16199999999998,159.20199999999997,159.11999999999998,159.19199999999995,2901
2026-04-06T09:00:00+00:00,159.19199999999995,159.22799999999995,159.17599999999996,159.22699999999998,3153
2026-04-06T09:30:00+00:00,159.22699999999998,159.27299999999997,159.15499999999997,159.23699999999997,4713
2026-04-06T10:00:00+00:00,159.23699999999997,159.26799999999997,159.21699999999996,159.26099999999997,2991
2026-04-06T10:30:00+00:00,159.26099999999997,159.36499999999995,159.24799999999996,159.26499999999996,4698
2026-04-06T11:00:00+00:00,159.26499999999996,159.39099999999996,159.25899999999996,159.37999999999997,2900
2026-04-06T11:30:00+00:00,159.37999999999997,159.38699999999997,159.32299999999995,159.36199999999997,2871
2026-04-06T12:00:00+00:00,159.36199999999997,159.37499999999997,159.29699999999997,159.32299999999995,3436
2026-04-06T12:30:00+00:00,159.32299999999995,159.33199999999997,159.17099999999996,159.20999999999995,4394
2026-04-06T13:00:00+00:00,159.20999999999995,159.27199999999996,159.19899999999996,159.24399999999997,4066
2026-04-06T13:30:00+00:00,159.24399999999997,159.30699999999996,159.22399999999996,159.27599999999995,5688
2026-04-06T14:00:00+00:00,159.27599999999995,159.33599999999996,159.19999999999996,159.24999999999997,6483
2026-04-06T14:30:00+00:00,159.24999999999997,159.52299999999997,159.20999999999995,159.51299999999998,11122
2026-04-06T15:00:00+00:00,159.51299999999998,159.60699999999997,159.51099999999997,159.54599999999996,7576
2026-04-06T15:30:00+00:00,159.54599999999996,159.56999999999996,159.50699999999998,159.50999999999996,2735
2026-04-06T16:00:00+00:00,159.50999999999996,159.51399999999995,159.44599999999997,159.48799999999997,2964
2026-04-06T16:30:00+00:00,159.48799999999997,159.50299999999996,159.42599999999996,159.48199999999997,3079
2026-04-06T17:00:00+00:00,159.48199999999997,159.59999999999997,159.48199999999997,159.55999999999997,4140
2026-04-06T17:30:00+00:00,159.55999999999997,159.59899999999996,159.51299999999998,159.57599999999996,3421
2026-04-06T18:00:00+00:00,159.57599999999996,159.59599999999998,159.39499999999995,159.43699999999995,4931
2026-04-06T18:30:00+00:00,159.43699999999995,159.50499999999997,159.41599999999997,159.49099999999996,3474
2026-04-06T19:00:00+00:00,159.49099999999996,159.52699999999996,159.47499999999997,159.52699999999996,2104
2026-04-06T19:30:00+00:00,159.52699999999996,159.53799999999995,159.45399999999995,159.49999999999997,2371
2026-04-06T20:00:00+00:00,159.49999999999997,159.51699999999997,159.48699999999997,159.49899999999997,1237
2026-04-06T20:30:00+00:00,159.49899999999997,159.51199999999997,159.47099999999998,159.47999999999996,892
2026-04-06T21:00:00+00:00,159.47999999999996,159.52999999999997,159.42799999999997,159.46999999999997,312.7647392513851
2026-04-06T21:30:00+00:00,159.46999999999997,159.47799999999995,159.35999999999996,159.43099999999995,2061
2026-04-06T22:00:00+00:00,159.43099999999995,159.45799999999997,159.36799999999997,159.45499999999996,983
2026-04-06T22:30:00+00:00,159.45499999999996,159.47799999999995,159.43099999999995,159.47399999999996,12170
2026-04-06T23:00:00+00:00,159.47399999999996,159.50699999999998,159.45599999999996,159.49599999999995,2355
2026-04-06T23:30:00+00:00,159.49599999999995,159.51199999999997,159.46799999999996,159.49599999999995,1607
2026-04-07T00:00:00+00:00,159.49599999999995,159.55099999999996,159.48099999999997,159.53699999999998,4904
2026-04-07T00:30:00+00:00,159.53699999999998,159.64399999999998,159.51999999999995,159.63399999999996,3825
2026-04-07T01:00:00+00:00,159.63399999999996,159.65899999999996,159.58999999999997,159.60199999999998,3303
2026-04-07T01:30:00+00:00,159.60199999999998,159.72699999999998,159.59799999999996,159.68799999999996,3639
2026-04-07T02:00:00+00:00,159.68799999999996,159.73499999999996,159.65699999999995,159.65799999999996,2199
2026-04-07T02:30:00+00:00,159.65799999999996,159.69299999999996,159.64899999999997,159.67599999999996,1209
2026-04-07T03:00:00+00:00,159.67599999999996,159.68799999999996,159.65999999999997,159.66099999999997,1228
2026-04-07T03:30:00+00:00,159.66099999999997,159.67599999999996,159.62299999999996,159.63799999999998,1326
2026-04-07T04:00:00+00:00,159.63799999999998,159.63799999999998,159.58199999999997,159.59199999999996,1825
2026-04-07T04:30:00+00:00,159.59199999999996,159.59799999999996,159.53499999999997,159.53999999999996,2759
2026-04-07T05:00:00+00:00,159.53999999999996,159.60299999999995,159.52899999999997,159.58799999999997,1754
2026-04-07T05:30:00+00:00,159.58799999999997,159.61999999999998,159.56399999999996,159.57399999999996,4143
2026-04-07T06:00:00+00:00,159.57399999999996,159.60599999999997,159.54799999999997,159.56899999999996,2701
2026-04-07T06:30:00+00:00,159.56899999999996,159.61799999999997,159.53599999999997,159.58599999999996,3439
2026-04-07T07:00:00+00:00,159.58599999999996,159.68299999999996,159.57899999999995,159.67599999999996,4939
2026-04-07T07:30:00+00:00,159.67599999999996,159.68399999999997,159.61699999999996,159.66699999999997,2574
2026-04-07T08:00:00+00:00,159.66699999999997,159.66899999999995,159.41099999999997,159.43099999999995,12057
2026-04-07T08:30:00+00:00,159.43099999999995,159.45799999999997,159.28399999999996,159.29599999999996,7399
2026-04-07T09:00:00+00:00,159.29599999999996,159.38199999999998,159.27199999999996,159.36199999999997,5259
2026-04-07T09:30:00+00:00,159.36199999999997,159.44199999999995,159.33999999999997,159.44099999999997,4339
2026-04-07T10:00:00+00:00,159.44099999999997,159.57099999999997,159.41799999999998,159.52499999999998,12059
2026-04-07T10:30:00+00:00,159.52499999999998,159.59599999999998,159.48099999999997,159.58899999999997,6825
2026-04-07T11:00:00+00:00,159.58899999999997,159.63999999999996,159.57099999999997,159.62599999999998,4720
2026-04-07T11:30:00+00:00,159.62599999999998,159.66999999999996,159.58099999999996,159.63499999999996,5068
2026-04-07T12:00:00+00:00,159.63499999999996,159.67899999999997,159.56299999999996,159.62099999999995,7951
2026-04-07T12:30:00+00:00,159.62099999999995,159.63499999999996,159.51699999999997,159.58299999999997,4056
2026-04-07T13:00:00+00:00,159.58299999999997,159.60799999999998,159.52699999999996,159.59999999999997,5736
2026-04-07T13:30:00+00:00,159.59999999999997,159.69699999999997,159.57199999999997,159.69299999999996,5757
2026-04-07T14:00:00+00:00,159.69299999999996,159.74499999999998,159.63599999999997,159.65699999999995,6742
2026-04-07T14:30:00+00:00,159.65699999999995,159.76899999999998,159.57699999999997,159.75899999999996,7924
2026-04-07T15:00:00+00:00,159.75899999999996,159.83399999999997,159.68699999999995,159.70499999999996,9203
2026-04-07T15:30:00+00:00,159.70499999999996,159.77899999999997,159.66999999999996,159.70299999999997,5383
2026-04-07T16:00:00+00:00,159.70299999999997,159.70299999999997,159.59599999999998,159.63999999999996,7725
2026-04-07T16:30:00+00:00,159.63999999999996,159.71399999999997,159.61999999999998,159.70999999999995,4347
2026-04-07T17:00:00+00:00,159.70999999999995,159.75899999999996,159.64799999999997,159.72299999999996,4115
2026-04-07T17:30:00+00:00,159.72299999999996,159.72399999999996,159.50599999999997,159.58499999999995,6453
2026-04-07T18:00:00+00:00,159.58499999999995,159.58799999999997,159.50099999999998,159.52099999999996,3725
2026-04-07T18:30:00+00:00,159.52099999999996,159.67199999999997,159.50799999999995,159.64699999999996,4575
2026-04-07T19:00:00+00:00,159.64699999999996,159.67199999999997,159.44799999999995,159.51799999999997,9476
2026-04-07T19:30:00+00:00,159.51799999999997,159.53999999999996,159.34699999999995,159.38799999999998,13136
2026-04-07T20:00:00+00:00,159.38799999999998,159.41499999999996,159.30799999999996,159.38199999999998,3728
2026-04-07T20:30:00+00:00,159.38199999999998,159.49799999999996,159.32899999999995,159.39599999999996,4512
2026-04-07T21:00:00+00:00,159.39599999999996,159.46399999999994,159.37499999999994,159.45099999999996,542.962268918573
2026-04-07T21:30:00+00:00,159.45099999999996,159.45499999999996,159.38499999999996,159.41399999999993,4889.412576535402
2026-04-07T22:00:00+00:00,159.41399999999993,159.43399999999994,159.25299999999996,159.32299999999995,3643
2026-04-07T22:30:00+00:00,159.32299999999995,159.62199999999996,158.72099999999995,158.79399999999995,21166
2026-04-07T23:00:00+00:00,158.79399999999995,158.84399999999994,158.47499999999994,158.60099999999994,20661
2026-04-07T23:30:00+00:00,158.60099999999994,158.70899999999995,158.54799999999994,158.59299999999993,12381
2026-04-08T00:00:00+00:00,158.59299999999993,158.66299999999995,158.42499999999995,158.52899999999994,17536
2026-04-08T00:30:00+00:00,158.52899999999994,158.61499999999995,158.41999999999993,158.56799999999996,14423
2026-04-08T01:00:00+00:00,158.56799999999996,158.59399999999994,158.28199999999995,158.30599999999995,9607
2026-04-08T01:30:00+00:00,158.30599999999995,158.43399999999994,158.21699999999996,158.28199999999995,8353
2026-04-08T02:00:00+00:00,158.28199999999995,158.42499999999995,158.16899999999995,158.38799999999995,8296
2026-04-08T02:30:00+00:00,158.38799999999995,158.45399999999995,158.30399999999995,158.31099999999995,6129
2026-04-08T03:00:00+00:00,158.31099999999995,158.33799999999994,158.22799999999995,158.27699999999993,4392
2026-04-08T03:30:00+00:00,158.27699999999993,158.34099999999995,158.23899999999995,158.32299999999995,5122
2026-04-08T04:00:00+00:00,158.32299999999995,158.33899999999994,158.21899999999994,158.28899999999993,5300
2026-04-08T04:30:00+00:00,158.28899999999993,158.31799999999996,158.22899999999996,158.22999999999993,3608
2026-04-08T05:00:00+00:00,158.22999999999993,158.30799999999994,158.19299999999996,158.23299999999995,5290
2026-04-08T05:30:00+00:00,158.23299999999995,158.25899999999996,158.02499999999995,158.15599999999995,7327
2026-04-08T06:00:00+00:00,158.15599999999995,158.25199999999995,157.95999999999995,157.96599999999995,8910
2026-04-08T06:30:00+00:00,157.96599999999995,158.10999999999996,157.92599999999993,158.07799999999995,7632
2026-04-08T07:00:00+00:00,158.07799999999995,158.24199999999993,158.04099999999994,158.09299999999993,9784
2026-04-08T07:30:00+00:00,158.09299999999993,158.13899999999995,157.98999999999995,158.09099999999995,7408
2026-04-08T08:00:00+00:00,158.09099999999995,158.21199999999993,158.00099999999995,158.21199999999993,6345
2026-04-08T08:30:00+00:00,158.21199999999993,158.36499999999995,158.20299999999995,158.25099999999995,6905
2026-04-08T09:00:00+00:00,158.25099999999995,158.26599999999993,158.15599999999995,158.25899999999996,4985
2026-04-08T09:30:00+00:00,158.25899999999996,158.37299999999993,158.22799999999995,158.36499999999995,6928
2026-04-08T10:00:00+00:00,158.36499999999995,158.41099999999994,158.30999999999995,158.31899999999993,5337
2026-04-08T10:30:00+00:00,158.31899999999993,158.32299999999995,158.25999999999993,158.30999999999995,3357
2026-04-08T11:00:00+00:00,158.30999999999995,158.36299999999994,158.11699999999993,158.13899999999995,5447
2026-04-08T11:30:00+00:00,158.13899999999995,158.24899999999994,158.09699999999995,158.13199999999995,6808
2026-04-08T12:00:00+00:00,158.13199999999995,158.20099999999994,157.93599999999995,158.08699999999993,14526
2026-04-08T12:30:00+00:00,158.08699999999993,158.08699999999993,157.82399999999996,157.88999999999993,8504
2026-04-08T13:00:00+00:00,157.88999999999993,157.97599999999994,157.76099999999994,157.95399999999995,11446
2026-04-08T13:30:00+00:00,157.95399999999995,158.20299999999995,157.94099999999995,158.14999999999995,14536
2026-04-08T14:00:00+00:00,158.14999999999995,158.20699999999994,158.06199999999995,158.17699999999994,10379
2026-04-08T14:30:00+00:00,158.17699999999994,158.29699999999994,158.09999999999994,158.15699999999995,12921
2026-04-08T15:00:00+00:00,158.15699999999995,158.34299999999993,158.13299999999995,158.27699999999993,9703
2026-04-08T15:30:00+00:00,158.27699999999993,158.28899999999993,158.15799999999993,158.26399999999995,7146
2026-04-08T16:00:00+00:00,158.26399999999995,158.32299999999995,158.23099999999994,158.30299999999994,6880
2026-04-08T16:30:00+00:00,158.30299999999994,158.37299999999993,158.28499999999994,158.29899999999995,4794
2026-04-08T17:00:00+00:00,158.29899999999995,158.40099999999995,158.26699999999994,158.36099999999993,4453
2026-04-08T17:30:00+00:00,158.36099999999993,158.39499999999995,158.32299999999995,158.32299999999995,5416
2026-04-08T18:00:00+00:00,158.32299999999995,158.49999999999994,158.25599999999994,158.47399999999993,8862
2026-04-08T18:30:00+00:00,158.47399999999993,158.62099999999995,158.42799999999994,158.61699999999993,5759
2026-04-08T19:00:00+00:00,158.61699999999993,158.67399999999995,158.53999999999994,158.60899999999995,6035
2026-04-08T19:30:00+00:00,158.60899999999995,158.61099999999993,158.37599999999995,158.41699999999994,4663
2026-04-08T20:00:00+00:00,158.41699999999994,158.50499999999994,158.39399999999995,158.45899999999995,2792
2026-04-08T20:30:00+00:00,158.45899999999995,158.47399999999993,158.40099999999995,158.41199999999995,2507
2026-04-08T21:00:00+00:00,158.41199999999995,158.509,158.32599999999996,158.34699999999998,436.87155435285666
2026-04-08T21:30:00+00:00,158.34699999999998,158.48699999999997,158.32199999999997,158.34299999999996,2601.798029342825
2026-04-08T22:00:00+00:00,158.34299999999996,158.45599999999996,158.34299999999996,158.42699999999996,657.1747240993828
2026-04-08T22:30:00+00:00,158.42699999999996,158.45999999999998,158.41599999999997,158.44199999999998,4654
2026-04-08T23:00:00+00:00,158.44199999999998,158.51199999999997,158.43299999999996,158.50599999999997,2290.198265347608
2026-04-08T23:30:00+00:00,158.50599999999997,158.55799999999996,158.47999999999996,158.52799999999996,1982
2026-04-09T00:00:00+00:00,158.52799999999996,158.634,158.49499999999998,158.58699999999996,4045
2026-04-09T00:30:00+00:00,158.58699999999996,158.74899999999997,158.54399999999998,158.73599999999996,5074
2026-04-09T01:00:00+00:00,158.73599999999996,158.82999999999998,158.68899999999996,158.78099999999998,3309
2026-04-09T01:30:00+00:00,158.78099999999998,158.78099999999998,158.66899999999998,158.70599999999996,3742
2026-04-09T02:00:00+00:00,158.70599999999996,158.73499999999999,158.66899999999998,158.67799999999997,2317
2026-04-09T02:30:00+00:00,158.67799999999997,158.67899999999997,158.58299999999997,158.59399999999997,2977
2026-04-09T03:00:00+00:00,158.59399999999997,158.63299999999998,158.58099999999996,158.59799999999996,2874.3692777212614
2026-04-09T03:30:00+00:00,158.59799999999996,158.68599999999995,158.56799999999996,158.63199999999995,3159
2026-04-09T04:00:00+00:00,158.63199999999995,158.63199999999995,158.52299999999994,158.54099999999994,2333
2026-04-09T04:30:00+00:00,158.54099999999994,158.61499999999995,158.53299999999996,158.61399999999995,2211
2026-04-09T05:00:00+00:00,158.61399999999995,158.65699999999995,158.59599999999995,158.63499999999996,2541
2026-04-09T05:30:00+00:00,158.63499999999996,158.74299999999997,158.63399999999996,158.72399999999996,2146
2026-04-09T06:00:00+00:00,158.72399999999996,158.80999999999995,158.68399999999994,158.76099999999997,3767
2026-04-09T06:30:00+00:00,158.76099999999997,158.79599999999996,158.64699999999996,158.66299999999995,4877
2026-04-09T07:00:00+00:00,158.66299999999995,158.82599999999996,158.64599999999996,158.79699999999994,4497
2026-04-09T07:30:00+00:00,158.79699999999994,158.85599999999997,158.75899999999996,158.85099999999994,3571
2026-04-09T08:00:00+00:00,158.85099999999994,158.98699999999997,158.78599999999994,158.96299999999997,4456
2026-04-09T08:30:00+00:00,158.96299999999997,158.98799999999994,158.84299999999996,158.88199999999995,3503
2026-04-09T09:00:00+00:00,158.88199999999995,158.93699999999995,158.81999999999996,158.86799999999997,4231
2026-04-09T09:30:00+00:00,158.86799999999997,158.90099999999995,158.83899999999994,158.86499999999995,3218
2026-04-09T10:00:00+00:00,158.86499999999995,158.89499999999995,158.83399999999995,158.89199999999994,3024
2026-04-09T10:30:00+00:00,158.89199999999994,158.95999999999995,158.88299999999995,158.95999999999995,2800
2026-04-09T11:00:00+00:00,158.95999999999995,158.96499999999995,158.84099999999995,158.84699999999995,3577
2026-04-09T11:30:00+00:00,158.84699999999995,158.84699999999995,158.71699999999996,158.77199999999996,3739
2026-04-09T12:00:00+00:00,158.77199999999996,158.92499999999995,158.73299999999995,158.88599999999997,4362
2026-04-09T12:30:00+00:00,158.88599999999997,158.99099999999996,158.84999999999997,158.87999999999997,8636
2026-04-09T13:00:00+00:00,158.87999999999997,158.91699999999994,158.76799999999994,158.87799999999996,5819
2026-04-09T13:30:00+00:00,158.87799999999996,158.97599999999994,158.79499999999996,158.96199999999996,7108
2026-04-09T14:00:00+00:00,158.96199999999996,159.00099999999995,158.87199999999996,158.98799999999994,7675
2026-04-09T14:30:00+00:00,158.98799999999994,159.12299999999996,158.98499999999996,159.06799999999996,7332
2026-04-09T15:00:00+00:00,159.06799999999996,159.17699999999996,159.00099999999995,159.04299999999995,9119
2026-04-09T15:30:00+00:00,159.04299999999995,159.06099999999995,158.74299999999997,158.74899999999997,12547
2026-04-09T16:00:00+00:00,158.74899999999997,158.77899999999994,158.50999999999996,158.52099999999996,6871
2026-04-09T16:30:00+00:00,158.52099999999996,158.64399999999995,158.50799999999995,158.64299999999994,5862
2026-04-09T17:00:00+00:00,158.64299999999994,158.65099999999995,158.55699999999996,158.57199999999995,4608
2026-04-09T17:30:00+00:00,158.57199999999995,158.67299999999994,158.56399999999996,158.64599999999996,4539
2026-04-09T18:00:00+00:00,158.64599999999996,158.83199999999997,158.64199999999994,158.82299999999995,6362
2026-04-09T18:30:00+00:00,158.82299999999995,158.90499999999994,158.81399999999996,158.88999999999996,4073
2026-04-09T19:00:00+00:00,158.88999999999996,158.94699999999995,158.85399999999996,158.92099999999996,3676
2026-04-09T19:30:00+00:00,158.92099999999996,158.97699999999995,158.85599999999997,158.97499999999997,4120
2026-04-09T20:00:00+00:00,158.97499999999997,159.00999999999996,158.90299999999996,158.92099999999996,1779
2026-04-09T20:30:00+00:00,158.92099999999996,158.95099999999996,158.80499999999995,158.80499999999995,1416
2026-04-09T21:00:00+00:00,158.80499999999995,158.84399999999997,158.74899999999997,158.84299999999996,772
2026-04-09T21:30:00+00:00,158.84299999999996,158.84299999999996,158.81999999999996,158.83599999999996,458.5183309221658
2026-04-09T22:00:00+00:00,158.83599999999996,158.91899999999995,158.83599999999996,158.91699999999994,906
2026-04-09T22:30:00+00:00,158.91699999999994,158.98199999999994,158.89899999999994,158.96599999999995,5443
2026-04-09T23:00:00+00:00,158.96599999999995,158.99299999999997,158.92699999999996,158.95399999999995,2194
2026-04-09T23:30:00+00:00,158.95399999999995,159.00299999999996,158.93799999999996,158.96899999999997,2594
2026-04-10T00:00:00+00:00,158.96899999999997,159.11499999999995,158.96899999999997,159.10199999999995,3958
2026-04-10T00:30:00+00:00,159.10199999999995,159.12299999999996,159.03199999999995,159.06299999999996,4537
2026-04-10T01:00:00+00:00,159.06299999999996,159.10799999999995,159.01799999999994,159.01899999999995,3122
2026-04-10T01:30:00+00:00,159.01899999999995,159.03099999999995,158.90199999999996,158.90599999999995,3875
2026-04-10T02:00:00+00:00,158.90599999999995,159.06099999999995,158.90199999999996,159.05799999999996,3155
2026-04-10T02:30:00+00:00,159.05799999999996,159.07299999999995,158.99999999999994,159.03999999999996,2333
2026-04-10T03:00:00+00:00,159.03999999999996,159.05499999999995,159.01499999999996,159.03799999999995,2059
2026-04-10T03:30:00+00:00,159.03799999999995,159.04199999999994,158.99499999999995,159.01899999999995,2540
2026-04-10T04:00:00+00:00,159.01899999999995,159.03999999999996,159.00399999999996,159.03699999999995,2364
2026-04-10T04:30:00+00:00,159.03699999999995,159.09399999999997,159.03399999999996,159.06499999999994,2648
2026-04-10T05:00:00+00:00,159.06499999999994,159.15299999999996,159.06299999999996,159.15199999999996,1952
2026-04-10T05:30:00+00:00,159.15199999999996,159.15199999999996,159.09799999999996,159.13799999999995,2294
2026-04-10T06:00:00+00:00,159.13799999999995,159.22399999999996,159.09499999999994,159.22199999999995,3410
2026-04-10T06:30:00+00:00,159.22199999999995,159.25699999999995,159.07899999999995,159.15899999999996,4445
2026-04-10T07:00:00+00:00,159.15899999999996,159.20699999999997,159.07199999999995,159.09799999999996,4224
2026-04-10T07:30:00+00:00,159.09799999999996,159.21999999999994,159.09799999999996,159.21899999999997,3206
2026-04-10T08:00:00+00:00,159.21899999999997,159.23299999999995,159.13499999999996,159.15699999999995,3496
2026-04-10T08:30:00+00:00,159.15699999999995,159.20899999999995,159.12199999999996,159.19599999999994,2921
2026-04-10T09:00:00+00:00,159.19599999999994,159.20999999999995,159.05899999999994,159.15799999999996,7884
2026-04-10T09:30:00+00:00,159.15799999999996,159.17299999999994,159.09899999999996,159.12299999999996,4317
2026-04-10T10:00:00+00:00,159.12299999999996,159.17099999999996,159.09799999999996,159.11599999999996,3850
2026-04-10T10:30:00+00:00,159.11599999999996,159.13099999999994,159.05999999999995,159.07799999999995,3236
2026-04-10T11:00:00+00:00,159.07799999999995,159.08699999999996,159.05399999999995,159.08399999999995,2838
2026-04-10T11:30:00+00:00,159.08399999999995,159.11999999999995,159.04099999999994,159.05799999999996,2593
2026-04-10T12:00:00+00:00,159.05799999999996,159.07099999999994,158.97999999999996,158.97999999999996,4065
2026-04-10T12:30:00+00:00,158.97999999999996,159.05699999999996,158.73299999999995,159.03499999999994,9233
2026-04-10T13:00:00+00:00,159.03499999999994,159.06699999999995,158.94799999999995,158.98399999999995,6409
2026-04-10T13:30:00+00:00,158.98399999999995,159.08199999999997,158.97399999999996,159.05199999999996,6636
2026-04-10T14:00:00+00:00,159.05199999999996,159.10199999999995,158.97199999999995,158.99999999999994,6512
2026-04-10T14:30:00+00:00,158.99999999999994,159.12299999999996,158.97699999999995,159.00599999999994,9049
2026-04-10T15:00:00+00:00,159.00599999999994,159.01199999999994,158.91399999999996,159.00799999999995,5608
2026-04-10T15:30:00+00:00,159.00799999999995,159.11499999999995,158.97499999999997,159.10699999999994,5822
2026-04-10T16:00:00+00:00,159.10699999999994,159.17899999999995,159.09599999999995,159.16199999999995,4452
2026-04-10T16:30:00+00:00,159.16199999999995,159.22999999999996,159.14099999999996,159.14899999999994,4042
2026-04-10T17:00:00+00:00,159.14899999999994,159.18799999999996,159.13399999999996,159.13999999999996,2918
2026-04-10T17:30:00+00:00,159.13999999999996,159.18499999999995,159.12299999999996,159.17499999999995,3130
2026-04-10T18:00:00+00:00,159.17499999999995,159.22099999999995,159.14399999999995,159.17399999999995,4610
2026-04-10T18:30:00+00:00,159.17399999999995,159.17499999999995,159.11999999999995,159.15999999999994,3943
2026-04-10T19:00:00+00:00,159.15999999999994,159.18199999999996,159.14599999999996,159.16799999999995,1814
2026-04-10T19:30:00+00:00,159.16799999999995,159.19099999999995,159.14199999999994,159.18099999999995,1912
2026-04-10T20:00:00+00:00,159.18099999999995,159.19999999999996,159.16699999999994,159.18399999999994,813
2026-04-10T20:30:00+00:00,159.18399999999994,159.18499999999995,159.11799999999997,159.11899999999997,1149.3749758888962
2026-04-12T21:00:00+00:00,159.11899999999997,159.15599999999998,159.02299999999997,159.05799999999994,423.27908829941873
2026-04-12T21:30:00+00:00,159.05799999999994,159.10399999999996,159.02199999999996,159.07299999999995,563.5477362692611
2026-04-12T22:00:00+00:00,159.07299999999995,159.32499999999996,159.07199999999995,159.31199999999995,3533
2026-04-12T22:30:00+00:00,159.31199999999995,159.35699999999994,159.28199999999995,159.31199999999995,3602
2026-04-12T23:00:00+00:00,159.31199999999995,159.36799999999997,159.28399999999996,159.31099999999995,2286
2026-04-12T23:30:00+00:00,159.31099999999995,159.31499999999994,159.16099999999994,159.18899999999996,2990
2026-04-13T00:00:00+00:00,159.18899999999996,159.29599999999996,159.17699999999996,159.25799999999995,6286
2026-04-13T00:30:00+00:00,159.25799999999995,159.35599999999997,159.21199999999996,159.21299999999997,5344
2026-04-13T01:00:00+00:00,159.21299999999997,159.26899999999995,159.16399999999996,159.25199999999995,4120
2026-04-13T01:30:00+00:00,159.25199999999995,159.29499999999996,159.18799999999996,159.19699999999995,2898
2026-04-13T02:00:00+00:00,159.19699999999995,159.23199999999994,159.17299999999994,159.22599999999994,2346
2026-04-13T02:30:00+00:00,159.22599999999994,159.26599999999996,159.20199999999994,159.22299999999996,2517
2026-04-13T03:00:00+00:00,159.22299999999996,159.25999999999996,159.21199999999996,159.25199999999995,2285
2026-04-13T03:30:00+00:00,159.25199999999995,159.25599999999994,159.18699999999995,159.19199999999995,1881
2026-04-13T04:00:00+00:00,159.19199999999995,159.23999999999995,159.17799999999994,159.23999999999995,2027
2026-04-13T04:30:00+00:00,159.23999999999995,159.28499999999994,159.20699999999997,159.23499999999996,2848
2026-04-13T05:00:00+00:00,159.23499999999996,159.26099999999997,159.21299999999997,159.23899999999995,2567
2026-04-13T05:30:00+00:00,159.23899999999995,159.25099999999995,159.18199999999996,159.18899999999996,2084
2026-04-13T06:00:00+00:00,159.18899999999996,159.19399999999996,159.06899999999996,159.18399999999994,4981
2026-04-13T06:30:00+00:00,159.18399999999994,159.24299999999997,159.15499999999994,159.18799999999996,3689
2026-04-13T07:00:00+00:00,159.18799999999996,159.23199999999994,159.12899999999996,159.18099999999995,4575
2026-04-13T07:30:00+00:00,159.18099999999995,159.18199999999996,159.11499999999995,159.11599999999996,4382
2026-04-13T08:00:00+00:00,159.11599999999996,159.18199999999996,159.07899999999995,159.15599999999995,3924
2026-04-13T08:30:00+00:00,159.15599999999995,159.23499999999996,159.14399999999995,159.22099999999995,3347
2026-04-13T09:00:00+00:00,159.22099999999995,159.24999999999994,159.18799999999996,159.22999999999996,3261
2026-04-13T09:30:00+00:00,159.22999999999996,159.25299999999996,159.18199999999996,159.24499999999995,3153
2026-04-13T10:00:00+00:00,159.24499999999995,159.25099999999995,159.20499999999996,159.20799999999994,3026
2026-04-13T10:30:00+00:00,159.20799999999994,159.22899999999996,159.17799999999994,159.20199999999994,3241
2026-04-13T11:00:00+00:00,159.20199999999994,159.24499999999995,159.15499999999994,159.24299999999997,4359
2026-04-13T11:30:00+00:00,159.24299999999997,159.35999999999996,159.21799999999996,159.35299999999995,4698
2026-04-13T12:00:00+00:00,159.35299999999995,159.37299999999996,159.29499999999996,159.33799999999997,4524
2026-04-13T12:30:00+00:00,159.33799999999997,159.34599999999995,159.19499999999996,159.25299999999996,4942
2026-04-13T13:00:00+00:00,159.25299999999996,159.31199999999995,159.23599999999996,159.28599999999994,4939
2026-04-13T13:30:00+00:00,159.28599999999994,159.29299999999995,159.05199999999996,159.05199999999996,10768
2026-04-13T14:00:00+00:00,159.05199999999996,159.17499999999995,159.04799999999994,159.10499999999996,8608
2026-04-13T14:30:00+00:00,159.10499999999996,159.15399999999994,159.01799999999994,159.07899999999995,6544
2026-04-13T15:00:00+00:00,159.07899999999995,159.25499999999997,159.07899999999995,159.24099999999996,7119
2026-04-13T15:30:00+00:00,159.24099999999996,159.26599999999996,159.18199999999996,159.25499999999997,4878
2026-04-13T16:00:00+00:00,159.25499999999997,159.29799999999994,159.17399999999995,159.19599999999994,8378
2026-04-13T16:30:00+00:00,159.19599999999994,159.19599999999994,158.96599999999995,159.03499999999994,10431
2026-04-13T17:00:00+00:00,159.03499999999994,159.04399999999995,158.86999999999995,158.90599999999995,4799
2026-04-13T17:30:00+00:00,158.90599999999995,158.93699999999995,158.88199999999995,158.91999999999996,4348
2026-04-13T18:00:00+00:00,158.91999999999996,158.91999999999996,158.82499999999996,158.90199999999996,3322
2026-04-13T18:30:00+00:00,158.90199999999996,158.91099999999994,158.80499999999995,158.83599999999996,9219
2026-04-13T19:00:00+00:00,158.83599999999996,158.87499999999994,158.79799999999994,158.82799999999995,3791
2026-04-13T19:30:00+00:00,158.82799999999995,158.90499999999994,158.81399999999996,158.89599999999996,3458
2026-04-13T20:00:00+00:00,158.89599999999996,158.95399999999995,158.88299999999995,158.95099999999996,1625
2026-04-13T20:30:00+00:00,158.95099999999996,158.97099999999995,158.92099999999996,158.93199999999996,1756
2026-04-13T21:00:00+00:00,158.93199999999996,158.95099999999996,158.83599999999996,158.83599999999996,864.0320658216589
2026-04-13T21:30:00+00:00,158.83599999999996,158.89299999999994,158.81599999999995,158.83899999999994,695
2026-04-13T22:00:00+00:00,158.83899999999994,158.90599999999995,158.82799999999995,158.90399999999994,1119
2026-04-13T22:30:00+00:00,158.90399999999994,158.92599999999996,158.87399999999997,158.87899999999996,1009
2026-04-13T23:00:00+00:00,158.87899999999996,158.88999999999996,158.73499999999996,158.75599999999994,2653
2026-04-13T23:30:00+00:00,158.75599999999994,158.76799999999994,158.71599999999995,158.73399999999995,1615
2026-04-14T00:00:00+00:00,158.73399999999995,158.84699999999995,158.65199999999996,158.75099999999995,5218
2026-04-14T00:30:00+00:00,158.75099999999995,158.76999999999995,158.66999999999996,158.67299999999994,5505
2026-04-14T01:00:00+00:00,158.67299999999994,158.73599999999996,158.59299999999996,158.59599999999995,5088
2026-04-14T01:30:00+00:00,158.59599999999995,158.74199999999996,158.59599999999995,158.72099999999995,4248
2026-04-14T02:00:00+00:00,158.72099999999995,158.77599999999995,158.69399999999996,158.76699999999997,3026
2026-04-14T02:30:00+00:00,158.76699999999997,158.77099999999996,158.63499999999996,158.65399999999994,2262
2026-04-14T03:00:00+00:00,158.65399999999994,158.67699999999996,158.62199999999996,158.64899999999994,2456
2026-04-14T03:30:00+00:00,158.64899999999994,158.66099999999994,158.58599999999996,158.60199999999995,2196
2026-04-14T04:00:00+00:00,158.60199999999995,158.62899999999996,158.56199999999995,158.58799999999997,2141
2026-04-14T04:30:00+00:00,158.58799999999997,158.62999999999997,158.52099999999996,158.53899999999996,2206
2026-04-14T05:00:00+00:00,158.53899999999996,158.61999999999995,158.46999999999994,158.61099999999996,2826
2026-04-14T05:30:00+00:00,158.61099999999996,158.66799999999995,158.60499999999996,158.63999999999996,2617
2026-04-14T06:00:00+00:00,158.63999999999996,158.79299999999995,158.62699999999995,158.73899999999995,3944
2026-04-14T06:30:00+00:00,158.73899999999995,158.76899999999995,158.66399999999996,158.66799999999995,4171
2026-04-14T07:00:00+00:00,158.66799999999995,158.67999999999995,158.45599999999996,158.58999999999995,8298
2026-04-14T07:30:00+00:00,158.58999999999995,158.59899999999996,158.47399999999996,158.57799999999995,5708
2026-04-14T08:00:00+00:00,158.57799999999995,158.67999999999995,158.53799999999995,158.62799999999996,5144
2026-04-14T08:30:00+00:00,158.62799999999996,158.65599999999995,158.53699999999995,158.57699999999994,4058
2026-04-14T09:00:00+00:00,158.57699999999994,158.60399999999996,158.36199999999997,158.43999999999994,6776
2026-04-14T09:30:00+00:00,158.43999999999994,158.49999999999994,158.36499999999995,158.48499999999996,3061
2026-04-14T10:00:00+00:00,158.48499999999996,158.48899999999995,158.32099999999994,158.37799999999996,4573
2026-04-14T10:30:00+00:00,158.37799999999996,158.39299999999994,158.31399999999996,158.33699999999996,3376
2026-04-14T11:00:00+00:00,158.33699999999996,158.34499999999994,158.26299999999995,158.28499999999994,3469
2026-04-14T11:30:00+00:00,158.28499999999994,158.33199999999997,158.20799999999994,158.28499999999994,5070
2026-04-14T12:00:00+00:00,158.28499999999994,158.38499999999996,158.24799999999996,158.27699999999996,8357
2026-04-14T12:30:00+00:00,158.27699999999996,158.29799999999994,158.20099999999996,158.22499999999997,6194
2026-04-14T13:00:00+00:00,158.22499999999997,158.35799999999995,158.18599999999995,158.34299999999996,7120
2026-04-14T13:30:00+00:00,158.34299999999996,158.40699999999995,158.28699999999995,158.37099999999995,7866
2026-04-14T14:00:00+00:00,158.37099999999995,158.37299999999996,158.15199999999996,158.18499999999995,8716
2026-04-14T14:30:00+00:00,158.18499999999995,158.28399999999996,158.11199999999997,158.25499999999997,7017
2026-04-14T15:00:00+00:00,158.25499999999997,158.36199999999997,158.25499999999997,158.32099999999994,7684
2026-04-14T15:30:00+00:00,158.32099999999994,158.42899999999995,158.26299999999995,158.42299999999994,6211
2026-04-14T16:00:00+00:00,158.42299999999994,158.44699999999995,158.32999999999996,158.33899999999994,2763
2026-04-14T16:30:00+00:00,158.33899999999994,158.37299999999996,158.32399999999996,158.34799999999996,3422
2026-04-14T17:00:00+00:00,158.34799999999996,158.40299999999996,158.26599999999996,158.28199999999995,2955
2026-04-14T17:30:00+00:00,158.28199999999995,158.28299999999996,158.20899999999995,158.24499999999995,2939
2026-04-14T18:00:00+00:00,158.24499999999995,158.30099999999996,158.19599999999994,158.29999999999995,3173
2026-04-14T18:30:00+00:00,158.29999999999995,158.34599999999995,158.28599999999994,158.32499999999996,3194
2026-04-14T19:00:00+00:00,158.32499999999996,158.38699999999994,158.30999999999995,158.37299999999996,2467
2026-04-14T19:30:00+00:00,158.37299999999996,158.42399999999995,158.34899999999996,158.37599999999995,2308
2026-04-14T20:00:00+00:00,158.37599999999995,158.40299999999996,158.31699999999995,158.31999999999996,1306
2026-04-14T20:30:00+00:00,158.31999999999996,158.34699999999995,158.27899999999994,158.27999999999994,846
2026-04-14T21:00:00+00:00,158.27999999999994,158.32799999999997,158.23299999999995,158.31699999999998,1524.3673018909572
2026-04-14T21:30:00+00:00,158.31699999999998,158.33899999999997,158.29399999999995,158.31099999999998,12527.232970518273
2026-04-14T22:00:00+00:00,158.31099999999998,158.32199999999997,158.28799999999995,158.31799999999996,1033
2026-04-14T22:30:00+00:00,158.31799999999996,158.35899999999998,158.31799999999996,158.35699999999997,2224
2026-04-14T23:00:00+00:00,158.35699999999997,158.40199999999996,158.33799999999997,158.35799999999998,1109
2026-04-14T23:30:00+00:00,158.35799999999998,158.36199999999997,158.28899999999996,158.31999999999996,2954
2026-04-15T00:00:00+00:00,158.31999999999996,158.39499999999998,158.25599999999997,158.35499999999996,4465
2026-04-15T00:30:00+00:00,158.35499999999996,158.40299999999996,158.28599999999997,158.33399999999997,4921
2026-04-15T01:00:00+00:00,158.33399999999997,158.48399999999998,158.33399999999997,158.40799999999996,5590
2026-04-15T01:30:00+00:00,158.40799999999996,158.49699999999996,158.40499999999997,158.43099999999995,3870
2026-04-15T02:00:00+00:00,158.43099999999995,158.50399999999996,158.40399999999997,158.49699999999996,2256
2026-04-15T02:30:00+00:00,158.49699999999996,158.58399999999997,158.49299999999997,158.55599999999995,2845
2026-04-15T03:00:00+00:00,158.55599999999995,158.56899999999996,158.47699999999998,158.48999999999998,2604
2026-04-15T03:30:00+00:00,158.48999999999998,158.53099999999998,158.47399999999996,158.50399999999996,1957
2026-04-15T04:00:00+00:00,158.50399999999996,158.52999999999997,158.47799999999998,158.49399999999997,2557
2026-04-15T04:30:00+00:00,158.49399999999997,158.51999999999998,158.47099999999998,158.50399999999996,1445
2026-04-15T05:00:00+00:00,158.50399999999996,158.51899999999998,158.42899999999997,158.44299999999996,2880
2026-04-15T05:30:00+00:00,158.44299999999996,158.48499999999996,158.42999999999998,158.48099999999997,2016
2026-04-15T06:00:00+00:00,158.48099999999997,158.49099999999996,158.38099999999997,158.46399999999997,4401
2026-04-15T06:30:00+00:00,158.46399999999997,158.54599999999996,158.45699999999997,158.54199999999997,4288
2026-04-15T07:00:00+00:00,158.54199999999997,158.54699999999997,158.40499999999997,158.47199999999998,4810
2026-04-15T07:30:00+00:00,158.47199999999998,158.48499999999996,158.41499999999996,158.44999999999996,4021
2026-04-15T08:00:00+00:00,158.44999999999996,158.45499999999996,158.16399999999996,158.27199999999996,7274
2026-04-15T08:30:00+00:00,158.27199999999996,158.34599999999998,158.26899999999998,158.29699999999997,3725
2026-04-15T09:00:00+00:00,158.29699999999997,158.43499999999997,158.23499999999996,158.35799999999998,10126
2026-04-15T09:30:00+00:00,158.35799999999998,158.45199999999997,158.34499999999997,158.41699999999997,4905
2026-04-15T10:00:00+00:00,158.41699999999997,158.54499999999996,158.34599999999998,158.51899999999998,7979
2026-04-15T10:30:00+00:00,158.51899999999998,158.56899999999996,158.41999999999996,158.49399999999997,5710
2026-04-15T11:00:00+00:00,158.49399999999997,158.51199999999997,158.44799999999998,158.50899999999996,4953
2026-04-15T11:30:00+00:00,158.50899999999996,158.61299999999997,158.45399999999998,158.54699999999997,6310
2026-04-15T12:00:00+00:00,158.54699999999997,158.67199999999997,158.54599999999996,158.61699999999996,5730
2026-04-15T12:30:00+00:00,158.61699999999996,158.66599999999997,158.56299999999996,158.62599999999998,3864
2026-04-15T13:00:00+00:00,158.62599999999998,158.63999999999996,158.50199999999998,158.50699999999998,5071
2026-04-15T13:30:00+00:00,158.50699999999998,158.61099999999996,158.49999999999997,158.54499999999996,7619
2026-04-15T14:00:00+00:00,158.54499999999996,158.58199999999997,158.44899999999996,158.45099999999996,5891
2026-04-15T14:30:00+00:00,158.45099999999996,158.56399999999996,158.43999999999997,158.50699999999998,6373
2026-04-15T15:00:00+00:00,158.50699999999998,158.54799999999997,158.38299999999998,158.41499999999996,6902
2026-04-15T15:30:00+00:00,158.41499999999996,158.54799999999997,158.41399999999996,158.54399999999995,5191
2026-04-15T16:00:00+00:00,158.54399999999995,158.55299999999997,158.27099999999996,158.29799999999997,6885
2026-04-15T16:30:00+00:00,158.29799999999997,158.43699999999995,158.29099999999997,158.39899999999997,4184
2026-04-15T17:00:00+00:00,158.39899999999997,158.50499999999997,158.39499999999998,158.50299999999996,3231
2026-04-15T17:30:00+00:00,158.50299999999996,158.62999999999997,158.50099999999998,158.62099999999998,3329
2026-04-15T18:00:00+00:00,158.62099999999998,158.64099999999996,158.52399999999997,158.55699999999996,5100
2026-04-15T18:30:00+00:00,158.55699999999996,158.60399999999996,158.51799999999997,158.54299999999998,3928
2026-04-15T19:00:00+00:00,158.54299999999998,158.57499999999996,158.47099999999998,158.51399999999998,2788
2026-04-15T19:30:00+00:00,158.51399999999998,158.51999999999998,158.46899999999997,158.49699999999996,2409
2026-04-15T20:00:00+00:00,158.49699999999996,158.52299999999997,158.47899999999996,158.48099999999997,1822
2026-04-15T20:30:00+00:00,158.48099999999997,158.50999999999996,158.45599999999996,158.45699999999997,2271
2026-04-15T21:00:00+00:00,158.45699999999997,158.49699999999996,158.41799999999998,158.42599999999996,730.3455198136769
2026-04-15T21:30:00+00:00,158.42599999999996,158.43799999999996,158.33799999999994,158.39499999999995,2521.040513471631
2026-04-15T22:00:00+00:00,158.39499999999995,158.40999999999997,158.34399999999997,158.38099999999997,659.8797613975287
2026-04-15T22:30:00+00:00,158.38099999999997,158.39199999999997,158.31199999999998,158.35199999999998,1805
2026-04-15T23:00:00+00:00,158.35199999999998,158.35199999999998,158.278,158.325,2260.5426614843605
2026-04-15T23:30:00+00:00,158.325,158.36899999999997,158.279,158.297,1755.1460223474357
2026-04-16T00:00:00+00:00,158.297,158.329,158.231,158.25300000000001,4092
2026-04-16T00:30:00+00:00,158.25300000000001,158.287,158.19400000000002,158.20600000000002,4223
2026-04-16T01:00:00+00:00,158.20600000000002,158.234,158.156,158.233,3025
2026-04-16T01:30:00+00:00,158.233,158.304,158.184,158.229,4185
2026-04-16T02:00:00+00:00,158.229,158.292,158.174,158.28,3087
2026-04-16T02:30:00+00:00,158.28,158.281,157.98600000000002,157.992,4581
2026-04-16T03:00:00+00:00,157.992,157.992,157.741,157.971,8767
2026-04-16T03:30:00+00:00,157.971,158.155,157.951,158.15,4566
2026-04-16T04:00:00+00:00,158.15,158.208,158.132,158.17000000000002,3509
2026-04-16T04:30:00+00:00,158.17000000000002,158.221,158.142,158.19400000000002,2445
2026-04-16T05:00:00+00:00,158.19400000000002,158.281,158.179,158.27100000000002,2441
2026-04-16T05:30:00+00:00,158.27100000000002,158.336,158.243,158.329,3923
2026-04-16T06:00:00+00:00,158.329,158.38,158.275,158.363,3700
2026-04-16T06:30:00+00:00,158.363,158.433,158.232,158.269,4128
2026-04-16T07:00:00+00:00,158.269,158.335,158.205,158.269,5240
2026-04-16T07:30:00+00:00,158.269,158.368,158.256,158.345,4387
2026-04-16T08:00:00+00:00,158.345,158.529,158.329,158.528,5181
2026-04-16T08:30:00+00:00,158.528,158.53900000000002,158.415,158.465,4449
2026-04-16T09:00:00+00:00,158.465,158.528,158.452,158.494,3893
2026-04-16T09:30:00+00:00,158.494,158.548,158.441,158.516,3485
2026-04-16T10:00:00+00:00,158.516,158.604,158.501,158.603,2866
2026-04-16T10:30:00+00:00,158.603,158.61100000000002,158.491,158.502,2840
2026-04-16T11:00:00+00:00,158.502,158.502,158.358,158.43200000000002,4250
2026-04-16T11:30:00+00:00,158.43200000000002,158.47,158.407,158.439,4139
2026-04-16T12:00:00+00:00,158.439,158.56,158.409,158.513,7391
2026-04-16T12:30:00+00:00,158.513,158.595,158.499,158.592,4751
2026-04-16T13:00:00+00:00,158.592,158.6,158.467,158.508,4368
2026-04-16T13:30:00+00:00,158.508,158.788,158.504,158.698,8922
2026-04-16T14:00:00+00:00,158.698,158.74,158.566,158.624,8570
2026-04-16T14:30:00+00:00,158.624,158.75300000000001,158.617,158.739,6584
2026-04-16T15:00:00+00:00,158.739,158.761,158.621,158.645,6255
2026-04-16T15:30:00+00:00,158.645,158.691,158.555,158.556,7974
2026-04-16T16:00:00+00:00,158.556,158.589,158.504,158.572,4081
2026-04-16T16:30:00+00:00,158.572,158.74,158.572,158.65800000000002,6419
2026-04-16T17:00:00+00:00,158.65800000000002,158.761,158.65200000000002,158.755,4030
2026-04-16T17:30:00+00:00,158.755,158.77100000000002,158.71800000000002,158.735,2558
2026-04-16T18:00:00+00:00,158.735,158.735,158.64000000000001,158.698,4661
2026-04-16T18:30:00+00:00,158.698,158.719,158.68200000000002,158.696,2311
2026-04-16T19:00:00+00:00,158.696,158.697,158.615,158.626,2199
2026-04-16T19:30:00+00:00,158.626,158.656,158.577,158.654,2655
2026-04-16T20:00:00+00:00,158.654,158.677,158.621,158.64000000000001,1524
2026-04-16T20:30:00+00:00,158.64000000000001,158.671,158.597,158.597,1115.9842069512056
2026-04-16T21:00:00+00:00,158.597,158.64300000000003,158.56700000000004,158.58800000000002,237.88347563146522
2026-04-16T21:30:00+00:00,158.58800000000002,158.61000000000004,158.56000000000003,158.58500000000004,715
2026-04-16T22:00:00+00:00,158.58500000000004,158.61500000000004,158.49800000000002,158.54900000000004,743
2026-04-16T22:30:00+00:00,158.54900000000004,158.61700000000002,158.54800000000003,158.58800000000002,640
2026-04-16T23:00:00+00:00,158.58800000000002,158.64400000000003,158.56400000000002,158.59500000000003,1135
2026-04-16T23:30:00+00:00,158.59500000000003,158.70500000000004,158.59400000000002,158.68300000000002,1503
2026-04-17T00:00:00+00:00,158.68300000000002,158.74200000000002,158.65800000000004,158.71900000000002,3586
2026-04-17T00:30:00+00:00,158.71900000000002,158.84100000000004,158.70300000000003,158.81000000000003,4002
2026-04-17T01:00:00+00:00,158.81000000000003,158.90800000000004,158.77800000000002,158.80300000000003,3645
2026-04-17T01:30:00+00:00,158.80300000000003,158.84500000000003,158.79000000000002,158.84200000000004,2413
2026-04-17T02:00:00+00:00,158.84200000000004,158.92500000000004,158.84100000000004,158.87000000000003,2094
2026-04-17T02:30:00+00:00,158.87000000000003,158.88600000000002,158.84400000000002,158.85400000000004,1633
2026-04-17T03:00:00+00:00,158.85400000000004,158.91900000000004,158.84300000000005,158.90800000000004,1559
2026-04-17T03:30:00+00:00,158.90800000000004,158.94500000000002,158.85200000000003,158.86600000000004,1825
2026-04-17T04:00:00+00:00,158.86600000000004,158.92000000000004,158.85200000000003,158.90800000000004,1936
2026-04-17T04:30:00+00:00,158.90800000000004,158.96200000000005,158.90400000000002,158.94800000000004,1517
2026-04-17T05:00:00+00:00,158.94800000000004,159.01000000000002,158.93800000000005,158.95800000000003,2592
2026-04-17T05:30:00+00:00,158.95800000000003,158.97600000000003,158.93200000000004,158.95900000000003,1757
2026-04-17T06:00:00+00:00,158.95900000000003,158.99700000000004,158.90600000000003,158.96900000000002,3929
2026-04-17T06:30:00+00:00,158.96900000000002,158.99100000000004,158.85200000000003,158.88400000000004,4625
2026-04-17T07:00:00+00:00,158.88400000000004,158.88400000000004,158.77700000000004,158.83600000000004,5784
2026-04-17T07:30:00+00:00,158.83600000000004,158.86600000000004,158.75700000000003,158.75700000000003,5278
2026-04-17T08:00:00+00:00,158.75700000000003,158.78200000000004,158.66600000000003,158.72600000000003,4792
2026-04-17T08:30:00+00:00,158.72600000000003,158.73300000000003,158.61900000000003,158.62100000000004,4436
2026-04-17T09:00:00+00:00,158.62100000000004,158.66800000000003,158.59900000000005,158.60000000000002,3600
2026-04-17T09:30:00+00:00,158.60000000000002,158.60100000000003,158.48600000000005,158.52000000000004,4459
2026-04-17T10:00:00+00:00,158.52000000000004,158.56100000000004,158.51000000000002,158.56000000000003,2783
2026-04-17T10:30:00+00:00,158.56000000000003,158.65600000000003,158.54500000000004,158.64400000000003,3893
2026-04-17T11:00:00+00:00,158.64400000000003,158.66200000000003,158.62100000000004,158.64600000000004,2156
2026-04-17T11:30:00+00:00,158.64600000000004,158.70500000000004,158.62100000000004,158.65500000000003,3291
2026-04-17T12:00:00+00:00,158.65500000000003,158.65800000000004,158.41700000000003,158.50900000000004,6828
2026-04-17T12:30:00+00:00,158.50900000000004,158.52100000000004,157.88300000000004,157.89000000000004,23877
2026-04-17T13:00:00+00:00,157.89000000000004,157.99200000000002,157.63000000000002,157.94500000000002,21471
2026-04-17T13:30:00+00:00,157.94500000000002,157.97300000000004,157.54700000000003,157.66800000000003,22136
2026-04-17T14:00:00+00:00,157.66800000000003,157.70800000000003,157.30100000000004,157.38200000000003,13890
2026-04-17T14:30:00+00:00,157.38200000000003,157.39600000000004,157.06700000000004,157.33100000000005,16232
2026-04-17T15:00:00+00:00,157.33100000000005,157.59400000000002,157.27300000000002,157.56900000000005,15209
2026-04-17T15:30:00+00:00,157.56900000000005,157.65600000000003,157.44400000000005,157.58100000000005,12896
2026-04-17T16:00:00+00:00,157.58100000000005,157.68100000000004,157.43800000000005,157.56800000000004,7459
2026-04-17T16:30:00+00:00,157.56800000000004,157.57000000000002,157.45600000000005,157.51800000000003,4737
2026-04-17T17:00:00+00:00,157.51800000000003,157.72700000000003,157.51700000000002,157.70800000000003,10434
2026-04-17T17:30:00+00:00,157.70800000000003,157.75700000000003,157.62000000000003,157.64500000000004,4771
2026-04-17T18:00:00+00:00,157.64500000000004,157.74400000000003,157.61500000000004,157.71600000000004,3970
2026-04-17T18:30:00+00:00,157.71600000000004,157.94500000000002,157.66700000000003,157.91700000000003,5744
2026-04-17T19:00:00+00:00,157.91700000000003,157.96100000000004,157.84600000000003,157.95600000000005,3524
2026-04-17T19:30:00+00:00,157.95600000000005,158.06600000000003,157.94400000000005,158.04200000000003,3353
2026-04-17T20:00:00+00:00,158.04200000000003,158.11500000000004,158.01300000000003,158.11000000000004,1367
2026-04-17T20:30:00+00:00,158.11000000000004,158.11200000000002,158.03300000000004,158.06600000000003,1615.5622105706302
2026-04-19T21:00:00+00:00,158.06600000000003,158.12300000000005,158.06600000000003,158.11900000000003,545.7335223716733
2026-04-19T21:30:00+00:00,158.11900000000003,158.22700000000003,158.11800000000002,158.20500000000004,349.1950764633061
2026-04-19T22:00:00+00:00,158.20500000000004,158.37200000000004,158.20100000000005,158.33600000000004,4139
2026-04-19T22:30:00+00:00,158.33600000000004,158.37500000000003,158.27600000000004,158.33800000000005,1605
2026-04-19T23:00:00+00:00,158.33800000000005,158.43400000000003,158.26400000000004,158.43000000000004,4101
2026-04-19T23:30:00+00:00,158.43000000000004,158.53100000000003,158.41900000000004,158.48400000000004,3415
2026-04-20T00:00:00+00:00,158.48400000000004,158.53300000000004,158.39000000000004,158.40100000000004,7888
2026-04-20T00:30:00+00:00,158.40100000000004,158.40900000000005,158.22100000000003,158.33200000000005,5116
2026-04-20T01:00:00+00:00,158.33200000000005,158.34700000000004,158.26000000000005,158.33600000000004,4492
2026-04-20T01:30:00+00:00,158.33600000000004,158.33700000000005,158.16500000000005,158.19000000000003,4717
2026-04-20T02:00:00+00:00,158.19000000000003,158.22700000000003,158.15700000000004,158.17500000000004,2996
2026-04-20T02:30:00+00:00,158.17500000000004,158.24300000000002,158.12100000000004,158.21200000000005,2764
2026-04-20T03:00:00+00:00,158.21200000000005,158.26500000000004,158.17500000000004,158.17800000000003,2406
2026-04-20T03:30:00+00:00,158.17800000000003,158.21900000000002,158.13300000000004,158.21500000000003,2283
2026-04-20T04:00:00+00:00,158.21500000000003,158.25000000000003,158.17400000000004,158.23800000000003,1693
2026-04-20T04:30:00+00:00,158.23800000000003,158.27800000000005,158.22200000000004,158.22800000000004,1967
2026-04-20T05:00:00+00:00,158.22800000000004,158.29400000000004,158.22400000000005,158.28700000000003,2977
2026-04-20T05:30:00+00:00,158.28700000000003,158.33900000000003,158.25600000000003,158.28000000000003,3313
2026-04-20T06:00:00+00:00,158.28000000000003,158.32800000000003,158.24500000000003,158.29900000000004,5589
2026-04-20T06:30:00+00:00,158.29900000000004,158.31500000000003,158.15100000000004,158.20300000000003,6948
2026-04-20T07:00:00+00:00,158.20300000000003,158.25000000000003,158.05900000000003,158.15100000000004,8457
2026-04-20T07:30:00+00:00,158.15100000000004,158.38200000000003,158.14200000000002,158.29700000000003,8923
2026-04-20T08:00:00+00:00,158.29700000000003,158.37000000000003,158.24600000000004,158.33300000000003,6167
2026-04-20T08:30:00+00:00,158.33300000000003,158.40600000000003,158.26000000000005,158.31100000000004,4285
2026-04-20T09:00:00+00:00,158.31100000000004,158.36000000000004,158.21200000000005,158.27900000000002,6712
2026-04-20T09:30:00+00:00,158.27900000000002,158.28500000000003,158.22800000000004,158.25400000000005,4667
2026-04-20T10:00:00+00:00,158.25400000000005,158.28000000000003,158.19000000000003,158.23000000000005,4778
2026-04-20T10:30:00+00:00,158.23000000000005,158.30300000000003,158.22900000000004,158.24100000000004,3568
2026-04-20T11:00:00+00:00,158.24100000000004,158.28800000000004,158.17200000000003,158.21900000000002,4279
2026-04-20T11:30:00+00:00,158.21900000000002,158.22100000000003,158.08900000000003,158.16900000000004,5562
2026-04-20T12:00:00+00:00,158.16900000000004,158.30300000000003,158.14000000000004,158.26000000000005,6545
2026-04-20T12:30:00+00:00,158.26000000000005,158.28700000000003,158.18200000000004,158.20900000000003,5318
2026-04-20T13:00:00+00:00,158.20900000000003,158.26700000000002,157.96900000000002,157.97100000000003,10446
2026-04-20T13:30:00+00:00,157.97100000000003,158.02200000000005,157.89600000000004,157.96300000000005,7989
2026-04-20T14:00:00+00:00,157.96300000000005,158.14700000000005,157.96100000000004,158.02000000000004,8415
2026-04-20T14:30:00+00:00,158.02000000000004,158.22400000000005,157.96800000000005,158.05000000000004,13438
2026-04-20T15:00:00+00:00,158.05000000000004,158.12000000000003,157.88600000000002,157.89900000000003,10632
2026-04-20T15:30:00+00:00,157.89900000000003,158.04600000000005,157.88200000000003,158.00200000000004,6852
2026-04-20T16:00:00+00:00,158.00200000000004,158.04200000000003,157.94600000000003,157.98300000000003,4400
2026-04-20T16:30:00+00:00,157.98300000000003,158.03400000000005,157.95800000000003,157.98500000000004,3396
2026-04-20T17:00:00+00:00,157.98500000000004,158.08800000000005,157.94100000000003,158.08600000000004,3410
2026-04-20T17:30:00+00:00,158.08600000000004,158.10100000000003,158.02100000000004,158.09000000000003,4116
2026-04-20T18:00:00+00:00,158.09000000000003,158.09600000000003,157.99800000000005,158.06900000000005,5243
2026-04-20T18:30:00+00:00,158.06900000000005,158.25500000000002,158.06700000000004,158.24100000000004,5327
2026-04-20T19:00:00+00:00,158.24100000000004,158.25300000000004,158.12900000000005,158.15300000000005,2780
2026-04-20T19:30:00+00:00,158.15300000000005,158.18200000000004,158.14000000000004,158.17100000000005,2912
2026-04-20T20:00:00+00:00,158.17100000000005,158.21200000000005,158.16400000000004,158.19200000000004,1615
2026-04-20T20:30:00+00:00,158.19200000000004,158.23600000000005,158.12300000000005,158.13700000000003,2497
2026-04-20T21:00:00+00:00,158.13700000000003,158.14300000000003,158.05800000000005,158.09700000000007,110.37190841611076
2026-04-20T21:30:00+00:00,158.09700000000007,158.10100000000006,157.99300000000008,158.02800000000008,3909.6235425032655
2026-04-20T22:00:00+00:00,158.02800000000008,158.08800000000008,158.0180000000001,158.08200000000008,415
2026-04-20T22:30:00+00:00,158.08200000000008,158.10100000000008,158.05500000000004,158.05600000000004,14955.233361126098
2026-04-20T23:00:00+00:00,158.05600000000004,158.13700000000006,158.04400000000004,158.11900000000006,1217
2026-04-20T23:30:00+00:00,158.11900000000006,158.14800000000005,158.10500000000005,158.13600000000005,1497
2026-04-21T00:00:00+00:00,158.13600000000005,158.23900000000006,158.12000000000006,158.23300000000006,3670
2026-04-21T00:30:00+00:00,158.23300000000006,158.27800000000005,158.19800000000004,158.23600000000005,4073
2026-04-21T01:00:00+00:00,158.23600000000005,158.26000000000005,158.19600000000005,158.21400000000006,2820
2026-04-21T01:30:00+00:00,158.21400000000006,158.26200000000006,158.21400000000006,158.23600000000005,2293
2026-04-21T02:00:00+00:00,158.23600000000005,158.28200000000004,158.23500000000004,158.26000000000005,1483
2026-04-21T02:30:00+00:00,158.26000000000005,158.27400000000006,158.20700000000005,158.23700000000005,1647
2026-04-21T03:00:00+00:00,158.23700000000005,158.27700000000004,158.21500000000006,158.25200000000004,1577
2026-04-21T03:30:00+00:00,158.25200000000004,158.27400000000006,158.23700000000005,158.27200000000005,1374
2026-04-21T04:00:00+00:00,158.27200000000005,158.27600000000004,158.25600000000006,158.25900000000004,1059
2026-04-21T04:30:00+00:00,158.25900000000004,158.27700000000004,158.23300000000006,158.24300000000005,1325
2026-04-21T05:00:00+00:00,158.24300000000005,158.24400000000006,158.15000000000006,158.17500000000004,2161
2026-04-21T05:30:00+00:00,158.17500000000004,158.20400000000004,158.13600000000005,158.19300000000004,1540
2026-04-21T06:00:00+00:00,158.19300000000004,158.20200000000006,158.11000000000004,158.16900000000004,4631
2026-04-21T06:30:00+00:00,158.16900000000004,158.18700000000004,158.08000000000004,158.09900000000005,4508
2026-04-21T07:00:00+00:00,158.09900000000005,158.24700000000004,158.08800000000005,158.19800000000004,4996
2026-04-21T07:30:00+00:00,158.19800000000004,158.31000000000006,158.18200000000004,158.30900000000005,4767
2026-04-21T08:00:00+00:00,158.30900000000005,158.50200000000004,158.30200000000005,158.48600000000005,6666
2026-04-21T08:30:00+00:00,158.48600000000005,158.50200000000004,158.40600000000006,158.45900000000006,3512
2026-04-21T09:00:00+00:00,158.45900000000006,158.54200000000006,158.38800000000006,158.46000000000004,4639
2026-04-21T09:30:00+00:00,158.46000000000004,158.49200000000005,158.43700000000004,158.48600000000005,2765
2026-04-21T10:00:00+00:00,158.48600000000005,158.51800000000006,158.47500000000005,158.49000000000004,3270
2026-04-21T10:30:00+00:00,158.49000000000004,158.49300000000005,158.47200000000004,158.48000000000005,2756
2026-04-21T11:00:00+00:00,158.48000000000005,158.53600000000006,158.46300000000005,158.46400000000006,4682
2026-04-21T11:30:00+00:00,158.46400000000006,158.46800000000005,158.32400000000004,158.33200000000005,3796
2026-04-21T12:00:00+00:00,158.33200000000005,158.42700000000005,158.30200000000005,158.41600000000005,4618
2026-04-21T12:30:00+00:00,158.41600000000005,158.52900000000005,158.41600000000005,158.46500000000006,6565
2026-04-21T13:00:00+00:00,158.46500000000006,158.48400000000004,158.34300000000005,158.35600000000005,5722
2026-04-21T13:30:00+00:00,158.35600000000005,158.38000000000005,158.30100000000004,158.37800000000004,5663
2026-04-21T14:00:00+00:00,158.37800000000004,158.44900000000004,158.35000000000005,158.44100000000006,5769
2026-04-21T14:30:00+00:00,158.44100000000006,158.67000000000004,158.32400000000004,158.66000000000005,11184
2026-04-21T15:00:00+00:00,158.66000000000005,158.70200000000006,158.56700000000004,158.70100000000005,8758
2026-04-21T15:30:00+00:00,158.70100000000005,158.73000000000005,158.66500000000005,158.68100000000004,6543
2026-04-21T16:00:00+00:00,158.68100000000004,158.73500000000004,158.63300000000004,158.73200000000006,5415
2026-04-21T16:30:00+00:00,158.73200000000006,158.79300000000006,158.70500000000004,158.75300000000004,3741
2026-04-21T17:00:00+00:00,158.75300000000004,158.90200000000004,158.75000000000006,158.78300000000004,5746
2026-04-21T17:30:00+00:00,158.78300000000004,158.78300000000004,158.45000000000005,158.61000000000004,10392
2026-04-21T18:00:00+00:00,158.61000000000004,158.77800000000005,158.56900000000005,158.73300000000006,7087
2026-04-21T18:30:00+00:00,158.73300000000006,158.76400000000004,158.60100000000006,158.65900000000005,6397
2026-04-21T19:00:00+00:00,158.65900000000005,158.65900000000005,158.51300000000006,158.52800000000005,9060
2026-04-21T19:30:00+00:00,158.52800000000005,158.92500000000004,158.52600000000004,158.89800000000005,11824
2026-04-21T20:00:00+00:00,158.89800000000005,158.92500000000004,158.57800000000006,158.62500000000006,10308
2026-04-21T20:30:00+00:00,158.62500000000006,158.71000000000004,158.60500000000005,158.60900000000004,2569
2026-04-21T21:00:00+00:00,158.60900000000004,158.71000000000004,158.59100000000004,158.69400000000005,9749
2026-04-21T21:30:00+00:00,158.69400000000005,158.70600000000005,158.60700000000006,158.67000000000004,1625
2026-04-21T22:00:00+00:00,158.67000000000004,158.69900000000004,158.64200000000005,158.69100000000006,785.3894793975304
2026-04-21T22:30:00+00:00,158.69100000000006,158.70400000000004,158.66500000000005,158.69800000000004,8421
2026-04-21T23:00:00+00:00,158.69800000000004,158.74500000000006,158.67800000000005,158.69300000000004,1638
2026-04-21T23:30:00+00:00,158.69300000000004,158.72300000000004,158.64500000000004,158.66800000000006,2142
2026-04-22T00:00:00+00:00,158.66800000000006,158.67000000000004,158.53600000000006,158.61500000000004,5564
2026-04-22T00:30:00+00:00,158.61500000000004,158.61700000000005,158.45900000000006,158.57800000000006,6992
2026-04-22T01:00:00+00:00,158.57800000000006,158.61800000000005,158.51300000000006,158.58900000000006,3344
2026-04-22T01:30:00+00:00,158.58900000000006,158.59000000000006,158.52500000000006,158.54100000000005,2320
2026-04-22T02:00:00+00:00,158.54100000000005,158.59100000000004,158.53500000000005,158.54100000000005,1897
2026-04-22T02:30:00+00:00,158.54100000000005,158.65900000000005,158.53800000000004,158.64200000000005,2150
2026-04-22T03:00:00+00:00,158.64200000000005,158.68000000000004,158.62000000000006,158.66800000000006,2106
2026-04-22T03:30:00+00:00,158.66800000000006,158.68800000000005,158.66200000000006,158.68200000000004,2169
2026-04-22T04:00:00+00:00,158.68200000000004,158.68200000000004,158.61100000000005,158.61200000000005,1177
2026-04-22T04:30:00+00:00,158.61200000000005,158.64200000000005,158.58300000000006,158.63000000000005,1871
2026-04-22T05:00:00+00:00,158.63000000000005,158.63200000000006,158.38700000000006,158.42600000000004,6145
2026-04-22T05:30:00+00:00,158.42600000000004,158.52100000000004,158.41900000000004,158.51800000000006,3305
2026-04-22T06:00:00+00:00,158.51800000000006,158.54400000000004,158.47100000000006,158.47100000000006,3694
2026-04-22T06:30:00+00:00,158.47100000000006,158.51600000000005,158.41600000000005,158.41600000000005,3659
2026-04-22T07:00:00+00:00,158.41600000000005,158.54500000000004,158.39800000000005,158.52500000000006,4593
2026-04-22T07:30:00+00:00,158.52500000000006,158.58400000000006,158.50900000000004,158.50900000000004,4201
2026-04-22T08:00:00+00:00,158.50900000000004,158.62000000000006,158.48800000000006,158.59800000000004,6215
2026-04-22T08:30:00+00:00,158.59800000000004,158.65700000000004,158.56700000000004,158.64400000000006,4042
2026-04-22T09:00:00+00:00,158.64400000000006,158.65900000000005,158.60000000000005,158.62900000000005,5098
2026-04-22T09:30:00+00:00,158.62900000000005,158.65000000000006,158.61000000000004,158.62900000000005,3806
2026-04-22T10:00:00+00:00,158.62900000000005,158.65500000000006,158.58400000000006,158.60100000000006,4240
2026-04-22T10:30:00+00:00,158.60100000000006,158.60900000000004,158.50200000000004,158.51400000000004,3422
2026-04-22T11:00:00+00:00,158.51400000000004,158.55300000000005,158.49500000000006,158.52300000000005,5377
2026-04-22T11:30:00+00:00,158.52300000000005,158.56700000000004,158.48000000000005,158.53600000000006,4976
2026-04-22T12:00:00+00:00,158.53600000000006,158.55100000000004,158.43400000000005,158.54500000000004,5312
2026-04-22T12:30:00+00:00,158.54500000000004,158.64800000000005,158.54500000000004,158.64600000000004,6191
2026-04-22T13:00:00+00:00,158.64600000000004,158.65400000000005,158.50600000000006,158.55100000000004,9303
2026-04-22T13:30:00+00:00,158.55100000000004,158.61400000000006,158.39500000000004,158.46200000000005,10137
2026-04-22T14:00:00+00:00,158.46200000000005,158.51600000000005,158.42600000000004,158.48800000000006,6280
2026-04-22T14:30:00+00:00,158.48800000000006,158.68100000000004,158.47500000000005,158.67800000000005,8421
2026-04-22T15:00:00+00:00,158.67800000000005,158.72100000000006,158.65400000000005,158.68100000000004,5967
2026-04-22T15:30:00+00:00,158.68100000000004,158.80000000000004,158.67700000000005,158.78400000000005,6928
2026-04-22T16:00:00+00:00,158.78400000000005,158.81700000000004,158.73400000000004,158.77600000000004,4287
2026-04-22T16:30:00+00:00,158.77600000000004,158.80500000000004,158.74400000000006,158.79300000000006,4013
2026-04-22T17:00:00+00:00,158.79300000000006,158.80900000000005,158.72800000000004,158.75100000000006,4415
2026-04-22T17:30:00+00:00,158.75100000000006,158.76500000000004,158.71100000000004,158.72800000000004,3171
2026-04-22T18:00:00+00:00,158.72800000000004,158.77000000000004,158.70200000000006,158.75300000000004,2772
2026-04-22T18:30:00+00:00,158.75300000000004,158.77700000000004,158.72100000000006,158.76900000000006,2039
2026-04-22T19:00:00+00:00,158.76900000000006,158.79600000000005,158.74800000000005,158.75500000000005,1634
2026-04-22T19:30:00+00:00,158.75500000000005,158.83800000000005,158.75500000000005,158.83300000000006,1627
2026-04-22T20:00:00+00:00,158.83300000000006,158.86000000000004,158.76800000000006,158.78200000000004,1776
2026-04-22T20:30:00+00:00,158.78200000000004,158.83500000000004,158.72400000000005,158.72400000000005,2033
2026-04-22T21:00:00+00:00,158.72400000000005,158.78100000000003,158.66900000000004,158.73600000000002,371.295745785489
2026-04-22T21:30:00+00:00,158.73600000000002,158.73700000000002,158.67100000000002,158.722,3154
2026-04-22T22:00:00+00:00,158.722,158.79200000000003,158.71400000000003,158.78500000000003,634.7223032095463
2026-04-22T22:30:00+00:00,158.78500000000003,158.798,158.76700000000002,158.77900000000002,543.3116743636559
2026-04-22T23:00:00+00:00,158.77900000000002,158.80900000000003,158.746,158.77200000000002,1237.671676300578
2026-04-22T23:30:00+00:00,158.77200000000002,158.80800000000002,158.76700000000002,158.79900000000004,1416
2026-04-23T00:00:00+00:00,158.79900000000004,158.99800000000002,158.70800000000003,158.71800000000002,12771
2026-04-23T00:30:00+00:00,158.71800000000002,158.746,158.60500000000002,158.64000000000001,8158
2026-04-23T01:00:00+00:00,158.64000000000001,158.71400000000003,158.60500000000002,158.711,3680
2026-04-23T01:30:00+00:00,158.711,158.728,158.64800000000002,158.69000000000003,4114
2026-04-23T02:00:00+00:00,158.69000000000003,158.818,158.67300000000003,158.81500000000003,4740
2026-04-23T02:30:00+00:00,158.81500000000003,158.87500000000003,158.78100000000003,158.84600000000003,3257
2026-04-23T03:00:00+00:00,158.84600000000003,158.86100000000002,158.78300000000002,158.848,3614
2026-04-23T03:30:00+00:00,158.848,158.85700000000003,158.806,158.85600000000002,3024
2026-04-23T04:00:00+00:00,158.85600000000002,158.895,158.82600000000002,158.835,2470
2026-04-23T04:30:00+00:00,158.835,158.88400000000001,158.83400000000003,158.85600000000002,1343
2026-04-23T05:00:00+00:00,158.85600000000002,158.895,158.842,158.88800000000003,1458
2026-04-23T05:30:00+00:00,158.88800000000003,158.91400000000002,158.823,158.84500000000003,2316
2026-04-23T06:00:00+00:00,158.84500000000003,158.91500000000002,158.83300000000003,158.91400000000002,2988
2026-04-23T06:30:00+00:00,158.91400000000002,158.978,158.88600000000002,158.967,3082
2026-04-23T07:00:00+00:00,158.967,159.008,158.93500000000003,158.96,4626
2026-04-23T07:30:00+00:00,158.96,158.98000000000002,158.907,158.91000000000003,4174
2026-04-23T08:00:00+00:00,158.91000000000003,158.97400000000002,158.89700000000002,158.96800000000002,5127
2026-04-23T08:30:00+00:00,158.96800000000002,159.00700000000003,158.955,159.00100000000003,3788
2026-04-23T09:00:00+00:00,159.00100000000003,159.05100000000002,158.96300000000002,159.02400000000003,4106
2026-04-23T09:30:00+00:00,159.02400000000003,159.04700000000003,159.00900000000001,159.04200000000003,4142
2026-04-23T10:00:00+00:00,159.04200000000003,159.08900000000003,159.03600000000003,159.08400000000003,3198
2026-04-23T10:30:00+00:00,159.08400000000003,159.08400000000003,158.97400000000002,159.02500000000003,6457
2026-04-23T11:00:00+00:00,159.02500000000003,159.06100000000004,159.00600000000003,159.02900000000002,4394
2026-04-23T11:30:00+00:00,159.02900000000002,159.04500000000002,158.80800000000002,158.86300000000003,8266
2026-04-23T12:00:00+00:00,158.86300000000003,158.88400000000001,158.746,158.836,8672
2026-04-23T12:30:00+00:00,158.836,158.91100000000003,158.76700000000002,158.81500000000003,11430
2026-04-23T13:00:00+00:00,158.81500000000003,158.937,158.806,158.848,6529
2026-04-23T13:30:00+00:00,158.848,158.925,158.77800000000002,158.88500000000002,6693
2026-04-23T14:00:00+00:00,158.88500000000002,158.92800000000003,158.78600000000003,158.81400000000002,7363
2026-04-23T14:30:00+00:00,158.81400000000002,158.847,158.69000000000003,158.70600000000002,6648
2026-04-23T15:00:00+00:00,158.70600000000002,158.74300000000002,158.62400000000002,158.69100000000003,6264
2026-04-23T15:30:00+00:00,158.69100000000003,158.79700000000003,158.68300000000002,158.752,7123
2026-04-23T16:00:00+00:00,158.752,158.78700000000003,158.73600000000002,158.76300000000003,5542
2026-04-23T16:30:00+00:00,158.76300000000003,158.79900000000004,158.73600000000002,158.76700000000002,3266
2026-04-23T17:00:00+00:00,158.76700000000002,159.11100000000002,158.76100000000002,159.056,14052
2026-04-23T17:30:00+00:00,159.056,159.157,158.865,158.86800000000002,17565
2026-04-23T18:00:00+00:00,158.86800000000002,158.883,158.776,158.836,11585
2026-04-23T18:30:00+00:00,158.836,158.94600000000003,158.79600000000002,158.94000000000003,5441
2026-04-23T19:00:00+00:00,158.94000000000003,159.03600000000003,158.91500000000002,159.01600000000002,5182
2026-04-23T19:30:00+00:00,159.01600000000002,159.06500000000003,158.979,159.008,5493
2026-04-23T20:00:00+00:00,159.008,159.06300000000002,159.008,159.02900000000002,2603
2026-04-23T20:30:00+00:00,159.02900000000002,159.05800000000002,158.95700000000002,158.95700000000002,1574
2026-04-23T21:00:00+00:00,158.95700000000002,159.072,158.93800000000002,159.00300000000001,315.17619307670867
2026-04-23T21:30:00+00:00,159.00300000000001,159.066,158.997,159.007,935
2026-04-23T22:00:00+00:00,159.007,159.07500000000002,159.007,159.047,610
2026-04-23T22:30:00+00:00,159.047,159.097,159.047,159.07500000000002,553
2026-04-23T23:00:00+00:00,159.07500000000002,159.125,159.074,159.085,879
2026-04-23T23:30:00+00:00,159.085,159.16,159.082,159.124,1516
2026-04-24T00:00:00+00:00,159.124,159.151,159.071,159.071,4357
2026-04-24T00:30:00+00:00,159.071,159.181,159.046,159.16400000000002,4974
2026-04-24T01:00:00+00:00,159.16400000000002,159.181,159.13400000000001,159.165,2335
2026-04-24T01:30:00+00:00,159.165,159.18200000000002,159.126,159.12900000000002,2517
2026-04-24T02:00:00+00:00,159.12900000000002,159.171,159.125,159.163,1540
2026-04-24T02:30:00+00:00,159.163,159.163,159.12300000000002,159.143,1739
2026-04-24T03:00:00+00:00,159.143,159.20000000000002,159.137,159.196,2726
2026-04-24T03:30:00+00:00,159.196,159.213,159.161,159.16400000000002,2350
2026-04-24T04:00:00+00:00,159.16400000000002,159.172,159.137,159.148,2758
2026-04-24T04:30:00+00:00,159.148,159.155,159.09900000000002,159.149,1782
2026-04-24T05:00:00+00:00,159.149,159.18800000000002,159.137,159.16400000000002,2112
2026-04-24T05:30:00+00:00,159.16400000000002,159.16400000000002,159.122,159.142,2225
2026-04-24T06:00:00+00:00,159.142,159.165,159.091,159.148,3107
2026-04-24T06:30:00+00:00,159.148,159.153,158.975,159.06,5658
2026-04-24T07:00:00+00:00,159.06,159.09,159.001,159.048,3521
2026-04-24T07:30:00+00:00,159.048,159.083,159.022,159.042,3559
2026-04-24T08:00:00+00:00,159.042,159.119,159.035,159.107,5693
2026-04-24T08:30:00+00:00,159.107,159.13400000000001,159.036,159.091,4684
2026-04-24T09:00:00+00:00,159.091,159.121,159.062,159.11700000000002,3907
2026-04-24T09:30:00+00:00,159.11700000000002,159.133,159.09900000000002,159.11700000000002,2725
2026-04-24T10:00:00+00:00,159.11700000000002,159.143,159.076,159.09,2817
2026-04-24T10:30:00+00:00,159.09,159.102,159.017,159.024,3064
2026-04-24T11:00:00+00:00,159.024,159.047,158.71200000000002,158.72,13526
2026-04-24T11:30:00+00:00,158.72,158.848,158.708,158.8,6770
2026-04-24T12:00:00+00:00,158.8,158.864,158.74800000000002,158.844,7190
2026-04-24T12:30:00+00:00,158.844,158.997,158.838,158.924,6382
2026-04-24T13:00:00+00:00,158.924,158.988,158.846,158.983,7133
2026-04-24T13:30:00+00:00,158.983,159.024,158.94,158.96200000000002,8096
2026-04-24T14:00:00+00:00,158.96200000000002,159.014,158.78,158.82500000000002,12336
2026-04-24T14:30:00+00:00,158.82500000000002,158.91,158.751,158.88400000000001,7833
2026-04-24T15:00:00+00:00,158.88400000000001,158.95000000000002,158.87,158.89000000000001,7257
2026-04-24T15:30:00+00:00,158.89000000000001,158.96,158.702,158.727,11478
2026-04-24T16:00:00+00:00,158.727,158.78900000000002,158.684,158.766,6105
2026-04-24T16:30:00+00:00,158.766,158.791,158.711,158.728,4557
2026-04-24T17:00:00+00:00,158.728,158.788,158.679,158.767,4386
2026-04-24T17:30:00+00:00,158.767,158.802,158.715,158.786,3734
2026-04-24T18:00:00+00:00,158.786,158.83700000000002,158.776,158.785,3261
2026-04-24T18:30:00+00:00,158.785,158.814,158.77,158.797,3049
2026-04-24T19:00:00+00:00,158.797,158.821,158.745,158.78900000000002,2514
2026-04-24T19:30:00+00:00,158.78900000000002,158.803,158.77,158.787,2170
2026-04-24T20:00:00+00:00,158.787,158.799,158.746,158.77100000000002,984
2026-04-24T20:30:00+00:00,158.77100000000002,158.792,158.64800000000002,158.64800000000002,951.2587637872666
2026-04-26T21:00:00+00:00,158.64800000000002,158.64900000000003,158.55100000000002,158.568,205.05764410406184
2026-04-26T21:30:00+00:00,158.568,158.592,158.54500000000002,158.56000000000003,219.35073835966068
2026-04-26T22:00:00+00:00,158.56000000000003,158.62900000000002,158.54100000000003,158.61300000000003,2455
2026-04-26T22:30:00+00:00,158.61300000000003,158.64600000000002,158.59700000000004,158.60000000000002,1005.6697289848415
2026-04-26T23:00:00+00:00,158.60000000000002,158.62700000000004,158.55900000000003,158.62400000000002,1697
2026-04-26T23:30:00+00:00,158.62400000000002,158.65200000000002,158.61,158.63700000000003,1595
2026-04-27T00:00:00+00:00,158.63700000000003,158.63800000000003,158.54800000000003,158.56000000000003,3253
2026-04-27T00:30:00+00:00,158.56000000000003,158.592,158.50300000000001,158.53500000000003,3185
2026-04-27T01:00:00+00:00,158.53500000000003,158.53500000000003,158.38000000000002,158.43200000000002,7559
2026-04-27T01:30:00+00:00,158.43200000000002,158.46000000000004,158.30800000000002,158.38500000000002,3502
2026-04-27T02:00:00+00:00,158.38500000000002,158.41900000000004,158.35600000000002,158.39200000000002,2592
2026-04-27T02:30:00+00:00,158.39200000000002,158.39400000000003,158.32200000000003,158.35600000000002,2645
2026-04-27T03:00:00+00:00,158.35600000000002,158.36800000000002,158.30600000000004,158.342,3031
2026-04-27T03:30:00+00:00,158.342,158.34500000000003,158.24800000000002,158.28200000000004,3195
2026-04-27T04:00:00+00:00,158.28200000000004,158.28600000000003,158.20600000000002,158.21900000000002,2189
2026-04-27T04:30:00+00:00,158.21900000000002,158.31400000000002,158.21500000000003,158.29100000000003,2779
2026-04-27T05:00:00+00:00,158.29100000000003,158.35100000000003,158.28700000000003,158.33500000000004,1894
2026-04-27T05:30:00+00:00,158.33500000000004,158.47400000000002,158.33300000000003,158.467,3204
2026-04-27T06:00:00+00:00,158.467,158.53800000000004,158.45200000000003,158.45800000000003,5224
2026-04-27T06:30:00+00:00,158.45800000000003,158.48900000000003,158.31400000000002,158.31900000000002,3410
2026-04-27T07:00:00+00:00,158.31900000000002,158.35700000000003,158.27800000000002,158.29400000000004,4374
2026-04-27T07:30:00+00:00,158.29400000000004,158.318,158.23900000000003,158.28400000000002,4220
2026-04-27T08:00:00+00:00,158.28400000000002,158.32600000000002,158.19500000000002,158.23100000000002,5931
2026-04-27T08:30:00+00:00,158.23100000000002,158.25100000000003,158.16600000000003,158.205,3506
2026-04-27T09:00:00+00:00,158.205,158.217,158.14800000000002,158.21000000000004,3298
2026-04-27T09:30:00+00:00,158.21000000000004,158.28800000000004,158.18500000000003,158.28000000000003,3482
2026-04-27T10:00:00+00:00,158.28000000000003,158.32700000000003,158.24600000000004,158.26500000000001,3068
2026-04-27T10:30:00+00:00,158.26500000000001,158.27100000000002,158.18700000000004,158.205,2958
2026-04-27T11:00:00+00:00,158.205,158.26400000000004,158.16000000000003,158.18900000000002,3383
2026-04-27T11:30:00+00:00,158.18900000000002,158.26800000000003,158.17600000000002,158.25100000000003,3433
2026-04-27T12:00:00+00:00,158.25100000000003,158.28000000000003,158.16100000000003,158.17700000000002,4783
2026-04-27T12:30:00+00:00,158.17700000000002,158.28900000000002,158.16600000000003,158.28500000000003,5368
2026-04-27T13:00:00+00:00,158.28500000000003,158.30400000000003,158.199,158.223,6103
2026-04-27T13:30:00+00:00,158.223,158.34100000000004,158.223,158.31400000000002,5354
2026-04-27T14:00:00+00:00,158.31400000000002,158.34600000000003,158.27100000000002,158.29000000000002,4770
2026-04-27T14:30:00+00:00,158.29000000000002,158.30800000000002,158.16300000000004,158.27200000000002,6518
2026-04-27T15:00:00+00:00,158.27200000000002,158.36300000000003,158.26700000000002,158.31600000000003,5647
2026-04-27T15:30:00+00:00,158.31600000000003,158.36900000000003,158.29200000000003,158.35100000000003,4229
2026-04-27T16:00:00+00:00,158.35100000000003,158.39900000000003,158.33300000000003,158.38500000000002,3529
2026-04-27T16:30:00+00:00,158.38500000000002,158.44100000000003,158.37700000000004,158.44000000000003,3040
2026-04-27T17:00:00+00:00,158.44000000000003,158.51700000000002,158.43600000000004,158.48300000000003,3595
2026-04-27T17:30:00+00:00,158.48300000000003,158.48400000000004,158.40200000000002,158.44000000000003,2738
2026-04-27T18:00:00+00:00,158.44000000000003,158.48200000000003,158.43900000000002,158.461,3286
2026-04-27T18:30:00+00:00,158.461,158.50700000000003,158.443,158.49800000000002,2921
2026-04-27T19:00:00+00:00,158.49800000000002,158.50300000000001,158.42300000000003,158.43800000000002,1535
2026-04-27T19:30:00+00:00,158.43800000000002,158.49000000000004,158.42800000000003,158.47500000000002,2266
2026-04-27T20:00:00+00:00,158.47500000000002,158.47700000000003,158.44700000000003,158.46800000000002,1048
2026-04-27T20:30:00+00:00,158.46800000000002,158.48300000000003,158.43500000000003,158.46500000000003,1136
2026-04-27T21:00:00+00:00,158.46500000000003,158.46600000000004,158.41000000000005,158.45300000000006,119.30263129146041
2026-04-27T21:30:00+00:00,158.45300000000006,158.49400000000006,158.44500000000008,158.46500000000006,871
2026-04-27T22:00:00+00:00,158.46500000000006,158.54900000000006,158.46300000000008,158.51000000000008,1117
2026-04-27T22:30:00+00:00,158.51000000000008,158.51500000000007,158.48600000000008,158.50100000000006,830
2026-04-27T23:00:00+00:00,158.50100000000006,158.54200000000006,158.47300000000007,158.51600000000008,1417
2026-04-27T23:30:00+00:00,158.51600000000008,158.54000000000008,158.44600000000005,158.45800000000006,819
2026-04-28T00:00:00+00:00,158.45800000000006,158.49000000000007,158.40200000000007,158.46100000000007,3001
2026-04-28T00:30:00+00:00,158.46100000000007,158.57900000000006,158.45800000000006,158.56100000000006,3079
2026-04-28T01:00:00+00:00,158.56100000000006,158.64100000000008,158.56000000000006,158.57600000000008,3258
2026-04-28T01:30:00+00:00,158.57600000000008,158.64400000000006,158.55800000000008,158.64300000000006,1735
2026-04-28T02:00:00+00:00,158.64300000000006,158.66100000000006,158.59300000000007,158.59900000000007,2254
2026-04-28T02:30:00+00:00,158.59900000000007,158.62800000000007,158.58100000000007,158.60100000000006,1274
2026-04-28T03:00:00+00:00,158.60100000000006,158.65400000000005,158.21500000000006,158.22300000000007,8815
2026-04-28T03:30:00+00:00,158.22300000000007,158.23100000000005,158.07300000000006,158.16800000000006,4386
2026-04-28T04:00:00+00:00,158.16800000000006,158.17000000000007,158.11000000000007,158.14300000000006,2811
2026-04-28T04:30:00+00:00,158.14300000000006,158.18100000000007,158.05100000000007,158.17500000000007,3227
2026-04-28T05:00:00+00:00,158.17500000000007,158.25100000000006,158.14600000000007,158.16100000000006,2977
2026-04-28T05:30:00+00:00,158.16100000000006,158.30400000000006,158.15900000000008,158.28800000000007,3170
2026-04-28T06:00:00+00:00,158.28800000000007,158.34900000000007,158.23600000000008,158.29800000000006,4236
2026-04-28T06:30:00+00:00,158.29800000000006,158.45300000000006,158.12400000000005,158.44600000000005,8285
2026-04-28T07:00:00+00:00,158.44600000000005,158.51700000000005,158.36100000000008,158.50400000000008,6689
2026-04-28T07:30:00+00:00,158.50400000000008,158.63800000000006,158.46100000000007,158.62800000000007,5092
2026-04-28T08:00:00+00:00,158.62800000000007,158.77800000000008,158.59300000000007,158.59500000000006,8313
2026-04-28T08:30:00+00:00,158.59500000000006,158.65200000000007,158.54800000000006,158.56800000000007,5235
2026-04-28T09:00:00+00:00,158.56800000000007,158.63800000000006,158.50900000000007,158.59000000000006,6015
2026-04-28T09:30:00+00:00,158.59000000000006,158.68700000000007,158.58400000000006,158.66500000000008,4287
2026-04-28T10:00:00+00:00,158.66500000000008,158.73700000000005,158.62800000000007,158.72900000000007,3579
2026-04-28T10:30:00+00:00,158.72900000000007,158.74000000000007,158.67800000000005,158.72800000000007,3926
2026-04-28T11:00:00+00:00,158.72800000000007,158.81600000000006,158.69500000000008,158.79100000000005,3701
2026-04-28T11:30:00+00:00,158.79100000000005,158.88000000000005,158.78900000000007,158.85100000000006,4079
2026-04-28T12:00:00+00:00,158.85100000000006,158.87600000000006,158.66000000000005,158.74700000000007,9809
2026-04-28T12:30:00+00:00,158.74700000000007,158.79200000000006,158.50700000000006,158.55600000000007,7325
2026-04-28T13:00:00+00:00,158.55600000000007,158.69900000000007,158.52600000000007,158.54200000000006,8157
2026-04-28T13:30:00+00:00,158.54200000000006,158.66200000000006,158.53900000000007,158.60600000000005,11109
2026-04-28T14:00:00+00:00,158.60600000000005,158.74500000000006,158.60000000000008,158.71800000000007,8501
2026-04-28T14:30:00+00:00,158.71800000000007,158.84400000000008,158.64800000000005,158.81400000000008,12190
2026-04-28T15:00:00+00:00,158.81400000000008,158.81500000000005,158.66400000000007,158.68000000000006,10559
2026-04-28T15:30:00+00:00,158.68000000000006,158.72300000000007,158.62100000000007,158.63500000000008,4582
2026-04-28T16:00:00+00:00,158.63500000000008,158.68500000000006,158.60200000000006,158.67400000000006,4777
2026-04-28T16:30:00+00:00,158.67400000000006,158.71700000000007,158.61900000000006,158.65300000000008,4651
2026-04-28T17:00:00+00:00,158.65300000000008,158.71900000000008,158.63900000000007,158.67800000000005,2963
2026-04-28T17:30:00+00:00,158.67800000000005,158.68900000000008,158.60100000000006,158.63500000000008,3062
2026-04-28T18:00:00+00:00,158.63500000000008,158.68400000000005,158.61100000000008,158.62900000000008,3448
2026-04-28T18:30:00+00:00,158.62900000000008,158.72100000000006,158.62600000000006,158.71200000000007,2466
2026-04-28T19:00:00+00:00,158.71200000000007,158.74900000000005,158.67100000000008,158.74100000000007,2076
2026-04-28T19:30:00+00:00,158.74100000000007,158.77900000000005,158.71900000000008,158.75100000000006,1892
2026-04-28T20:00:00+00:00,158.75100000000006,158.75600000000006,158.68500000000006,158.71400000000006,1472
2026-04-28T20:30:00+00:00,158.71400000000006,158.71400000000006,158.68700000000007,158.70400000000006,902
2026-04-28T21:00:00+00:00,158.70400000000006,158.70900000000006,158.58300000000006,158.67400000000006,2386.303709700276
2026-04-28T21:30:00+00:00,158.67400000000006,158.70200000000008,158.61600000000007,158.62300000000008,401.28398716999754
2026-04-28T22:00:00+00:00,158.62300000000008,158.68800000000007,158.61700000000008,158.6790000000001,601
2026-04-28T22:30:00+00:00,158.6790000000001,158.6790000000001,158.65100000000007,158.6550000000001,329
2026-04-28T23:00:00+00:00,158.6550000000001,158.6610000000001,158.62200000000007,158.64800000000008,1000
2026-04-28T23:30:00+00:00,158.64800000000008,158.6800000000001,158.64100000000008,158.64200000000008,1681
2026-04-29T00:00:00+00:00,158.64200000000008,158.6800000000001,158.61900000000009,158.6560000000001,4079
2026-04-29T00:30:00+00:00,158.6560000000001,158.65700000000007,158.6020000000001,158.63400000000007,3120
2026-04-29T01:00:00+00:00,158.63400000000007,158.74900000000008,158.61000000000007,158.71400000000008,5280
2026-04-29T01:30:00+00:00,158.71400000000008,158.73000000000008,158.63700000000009,158.69600000000008,5531
2026-04-29T02:00:00+00:00,158.69600000000008,158.69600000000008,158.6560000000001,158.68400000000008,2546
2026-04-29T02:30:00+00:00,158.68400000000008,158.71800000000007,158.6730000000001,158.70800000000008,2229
2026-04-29T03:00:00+00:00,158.70800000000008,158.70800000000008,158.6730000000001,158.69900000000007,1817
2026-04-29T03:30:00+00:00,158.69900000000007,158.72300000000007,158.69600000000008,158.70200000000008,1286
2026-04-29T04:00:00+00:00,158.70200000000008,158.7330000000001,158.70100000000008,158.72500000000008,1240
2026-04-29T04:30:00+00:00,158.72500000000008,158.72500000000008,158.70700000000008,158.72200000000007,1213
2026-04-29T05:00:00+00:00,158.72200000000007,158.7630000000001,158.71800000000007,158.74000000000007,1450
2026-04-29T05:30:00+00:00,158.74000000000007,158.7990000000001,158.72500000000008,158.79500000000007,2466
2026-04-29T06:00:00+00:00,158.79500000000007,158.82000000000008,158.7570000000001,158.7980000000001,3545
2026-04-29T06:30:00+00:00,158.7980000000001,158.81300000000007,158.69000000000008,158.74100000000007,3567
2026-04-29T07:00:00+00:00,158.74100000000007,158.7870000000001,158.70800000000008,158.7270000000001,5235
2026-04-29T07:30:00+00:00,158.7270000000001,158.7860000000001,158.7040000000001,158.75500000000008,4693
2026-04-29T08:00:00+00:00,158.75500000000008,158.83100000000007,158.72200000000007,158.83000000000007,6749
2026-04-29T08:30:00+00:00,158.83000000000007,158.87100000000007,158.8220000000001,158.86700000000008,4787
2026-04-29T09:00:00+00:00,158.86700000000008,158.8760000000001,158.8350000000001,158.87500000000009,3429
2026-04-29T09:30:00+00:00,158.87500000000009,158.92700000000008,158.85900000000007,158.9170000000001,4413
2026-04-29T10:00:00+00:00,158.9170000000001,158.9230000000001,158.84500000000008,158.8700000000001,3387
2026-04-29T10:30:00+00:00,158.8700000000001,158.87300000000008,158.83300000000008,158.83800000000008,2642
2026-04-29T11:00:00+00:00,158.83800000000008,158.92700000000008,158.82100000000008,158.9240000000001,4396
2026-04-29T11:30:00+00:00,158.9240000000001,158.93700000000007,158.87800000000007,158.9300000000001,3471
2026-04-29T12:00:00+00:00,158.9300000000001,158.9470000000001,158.9000000000001,158.92700000000008,4233
2026-04-29T12:30:00+00:00,158.92700000000008,159.06200000000007,158.92600000000007,159.0610000000001,5993
2026-04-29T13:00:00+00:00,159.0610000000001,159.1680000000001,159.03400000000008,159.15300000000008,8756
2026-04-29T13:30:00+00:00,159.15300000000008,159.27300000000008,159.13500000000008,159.2680000000001,9455
2026-04-29T14:00:00+00:00,159.2680000000001,159.2860000000001,159.14200000000008,159.1920000000001,9089
2026-04-29T14:30:00+00:00,159.1920000000001,159.2680000000001,159.09300000000007,159.1860000000001,11243
2026-04-29T15:00:00+00:00,159.1860000000001,159.32700000000008,159.1790000000001,159.30800000000008,7511
2026-04-29T15:30:00+00:00,159.30800000000008,159.40900000000008,159.26500000000007,159.31800000000007,12473
2026-04-29T16:00:00+00:00,159.31800000000007,159.33700000000007,159.2510000000001,159.3040000000001,5824
2026-04-29T16:30:00+00:00,159.3040000000001,159.40200000000007,159.29500000000007,159.39500000000007,6490
2026-04-29T17:00:00+00:00,159.39500000000007,159.45000000000007,159.37500000000009,159.3990000000001,5924
2026-04-29T17:30:00+00:00,159.3990000000001,159.4060000000001,159.24600000000007,159.25600000000009,5523
2026-04-29T18:00:00+00:00,159.25600000000009,159.49300000000008,159.24600000000007,159.37100000000007,12486
2026-04-29T18:30:00+00:00,159.37100000000007,159.51200000000009,159.27900000000008,159.43000000000006,13688.069141766879
2026-04-29T19:00:00+00:00,159.43000000000006,159.48100000000008,159.36800000000008,159.44400000000007,10537
2026-04-29T19:30:00+00:00,159.44400000000007,159.52500000000006,159.41800000000006,159.46400000000008,6187
2026-04-29T20:00:00+00:00,159.46400000000008,159.51500000000007,159.43700000000007,159.51000000000008,2718
2026-04-29T20:30:00+00:00,159.51000000000008,159.55500000000006,159.49500000000006,159.51700000000008,2810
2026-04-29T21:00:00+00:00,159.51700000000008,159.51700000000008,159.35600000000005,159.37600000000006,785.9171336009291
2026-04-29T21:30:00+00:00,159.37600000000006,159.41400000000002,159.33700000000002,159.40200000000002,802.0444074805537
2026-04-29T22:00:00+00:00,159.40200000000002,159.50600000000003,159.38700000000003,159.40300000000002,1366
2026-04-29T22:30:00+00:00,159.40300000000002,159.43300000000002,159.39000000000001,159.395,1465.3306869175008
2026-04-29T23:00:00+00:00,159.395,159.413,159.32000000000002,159.33300000000003,2962
2026-04-29T23:30:00+00:00,159.33300000000003,159.359,159.21800000000002,159.26200000000003,3182
2026-04-30T00:00:00+00:00,159.26200000000003,159.27,159.13700000000003,159.209,8446
2026-04-30T00:30:00+00:00,159.209,159.36800000000002,159.198,159.36100000000002,6274
2026-04-30T01:00:00+00:00,159.36100000000002,159.38400000000001,159.29200000000003,159.30800000000002,5270
2026-04-30T01:30:00+00:00,159.30800000000002,159.36,159.276,159.29200000000003,5051
2026-04-30T02:00:00+00:00,159.29200000000003,159.38400000000001,159.27700000000002,159.372,3262
2026-04-30T02:30:00+00:00,159.372,159.467,159.36900000000003,159.41000000000003,6392
2026-04-30T03:00:00+00:00,159.41000000000003,159.47000000000003,159.38600000000002,159.437,3900
2026-04-30T03:30:00+00:00,159.437,159.491,159.42200000000003,159.49,2247
2026-04-30T04:00:00+00:00,159.49,159.59900000000002,159.42800000000003,159.53600000000003,4944
2026-04-30T04:30:00+00:00,159.53600000000003,159.64600000000002,159.53600000000003,159.59900000000002,4462
2026-04-30T05:00:00+00:00,159.59900000000002,159.626,159.52900000000002,159.621,3068
2026-04-30T05:30:00+00:00,159.621,159.722,159.60000000000002,159.722,4304
2026-04-30T06:00:00+00:00,159.722,159.78900000000002,159.64700000000002,159.68900000000002,6075
2026-04-30T06:30:00+00:00,159.68900000000002,159.70200000000003,159.598,159.67700000000002,6317
2026-04-30T07:00:00+00:00,159.67700000000002,159.68500000000003,159.508,159.538,7473
2026-04-30T07:30:00+00:00,159.538,159.66500000000002,158.85000000000002,159.198,9836
2026-04-30T08:00:00+00:00,159.198,159.23700000000002,158.979,158.98000000000002,19274
2026-04-30T08:30:00+00:00,158.98000000000002,159.04000000000002,158.51600000000002,158.651,17793
2026-04-30T09:00:00+00:00,158.651,158.657,158.37,158.437,14405
2026-04-30T09:30:00+00:00,158.437,158.485,158.288,158.406,14642
2026-04-30T10:00:00+00:00,158.406,158.419,157.251,157.485,16736
2026-04-30T10:30:00+00:00,157.485,157.568,156.04800000000003,156.23200000000003,72897
2026-04-30T11:00:00+00:00,156.23200000000003,156.53300000000002,155.437,155.57100000000003,48936
2026-04-30T11:30:00+00:00,155.57100000000003,155.84500000000003,154.60000000000002,155.44100000000003,45143
2026-04-30T12:00:00+00:00,155.44100000000003,155.83200000000002,155.40800000000002,155.733,20497
2026-04-30T12:30:00+00:00,155.733,156.17100000000002,155.69100000000003,155.88700000000003,16077
2026-04-30T13:00:00+00:00,155.88700000000003,155.955,155.26600000000002,155.62800000000001,21724
2026-04-30T13:30:00+00:00,155.62800000000001,156.02300000000002,155.602,155.98600000000002,14379
2026-04-30T14:00:00+00:00,155.98600000000002,156.025,155.69400000000002,155.758,16681
2026-04-30T14:30:00+00:00,155.758,155.89900000000003,155.52700000000002,155.741,15779
2026-04-30T15:00:00+00:00,155.741,155.89800000000002,155.70200000000003,155.80200000000002,13111
2026-04-30T15:30:00+00:00,155.80200000000002,155.842,155.66600000000003,155.73000000000002,8441
2026-04-30T16:00:00+00:00,155.73000000000002,155.806,155.57000000000002,155.77400000000003,7895
2026-04-30T16:30:00+00:00,155.77400000000003,155.794,155.621,155.64200000000002,5218
2026-04-30T17:00:00+00:00,155.64200000000002,155.763,155.58100000000002,155.592,7727
2026-04-30T17:30:00+00:00,155.592,155.59400000000002,155.49200000000002,155.549,6392
2026-04-30T18:00:00+00:00,155.549,155.55,155.40400000000002,155.459,6173
2026-04-30T18:30:00+00:00,155.459,155.49,155.38000000000002,155.479,6636
2026-04-30T19:00:00+00:00,155.479,155.61100000000002,155.36900000000003,155.55,7987
2026-04-30T19:30:00+00:00,155.55,155.63500000000002,155.47400000000002,155.633,6433
2026-04-30T20:00:00+00:00,155.633,155.66700000000003,155.58700000000002,155.614,3718
2026-04-30T20:30:00+00:00,155.614,155.692,155.574,155.657,2343
2026-04-30T21:00:00+00:00,155.657,155.67100000000002,155.54,155.669,146.8324458552774
2026-04-30T21:30:00+00:00,155.669,155.76000000000002,155.661,155.69500000000002,2966
2026-04-30T22:00:00+00:00,155.69500000000002,155.79500000000002,155.68900000000002,155.788,986
2026-04-30T22:30:00+00:00,155.788,155.87300000000002,155.77100000000002,155.786,1545.0355831328352
2026-04-30T23:00:00+00:00,155.786,155.905,155.76500000000001,155.823,2501
2026-04-30T23:30:00+00:00,155.823,156.143,155.823,156.11,6637
2026-05-01T00:00:00+00:00,156.11,156.429,156.086,156.395,11595
2026-05-01T00:30:00+00:00,156.395,156.405,156.11100000000002,156.20100000000002,11431
2026-05-01T01:00:00+00:00,156.20100000000002,156.37900000000002,156.169,156.31300000000002,7245
2026-05-01T01:30:00+00:00,156.31300000000002,156.351,156.186,156.318,7234
2026-05-01T02:00:00+00:00,156.318,156.33700000000002,156.251,156.304,4114
2026-05-01T02:30:00+00:00,156.304,156.45100000000002,156.27,156.36,4118
2026-05-01T03:00:00+00:00,156.36,156.413,156.261,156.28900000000002,3253
2026-05-01T03:30:00+00:00,156.28900000000002,156.359,156.11200000000002,156.31,5228
2026-05-01T04:00:00+00:00,156.31,156.33800000000002,156.235,156.336,4104
2026-05-01T04:30:00+00:00,156.336,156.40200000000002,156.305,156.36800000000002,3019
2026-05-01T05:00:00+00:00,156.36800000000002,156.42100000000002,156.32600000000002,156.41,2813
2026-05-01T05:30:00+00:00,156.41,156.41400000000002,156.32500000000002,156.40200000000002,3284
2026-05-01T06:00:00+00:00,156.40200000000002,156.417,156.315,156.37400000000002,4918
2026-05-01T06:30:00+00:00,156.37400000000002,156.394,154.61200000000002,155.086,20171
2026-05-01T07:00:00+00:00,155.086,155.75400000000002,154.98100000000002,155.436,27506
2026-05-01T07:30:00+00:00,155.436,155.842,155.4,155.74300000000002,9207
2026-05-01T08:00:00+00:00,155.74300000000002,155.78,155.381,155.467,9303
2026-05-01T08:30:00+00:00,155.467,155.672,155.452,155.59300000000002,6163
2026-05-01T09:00:00+00:00,155.59300000000002,155.84300000000002,155.547,155.833,6402
2026-05-01T09:30:00+00:00,155.833,155.882,155.65800000000002,155.703,4705
2026-05-01T10:00:00+00:00,155.703,155.75,155.608,155.66,3137
2026-05-01T10:30:00+00:00,155.66,155.72500000000002,155.621,155.71300000000002,3075
2026-05-01T11:00:00+00:00,155.71300000000002,155.746,155.55700000000002,155.637,4393
2026-05-01T11:30:00+00:00,155.637,155.74300000000002,155.621,155.705,3753
2026-05-01T12:00:00+00:00,155.705,155.76600000000002,155.506,155.574,13393
2026-05-01T12:30:00+00:00,155.574,155.734,155.573,155.71900000000002,4817
2026-05-01T13:00:00+00:00,155.71900000000002,155.779,155.679,155.734,5216
2026-05-01T13:30:00+00:00,155.734,155.87900000000002,155.453,155.61100000000002,16530
2026-05-01T14:00:00+00:00,155.61100000000002,155.625,155.488,155.62300000000002,15828
2026-05-01T14:30:00+00:00,155.62300000000002,155.846,155.543,155.762,11877
2026-05-01T15:00:00+00:00,155.762,155.882,155.744,155.85600000000002,9499
2026-05-01T15:30:00+00:00,155.85600000000002,156.014,155.746,155.88400000000001,11517
2026-05-01T16:00:00+00:00,155.88400000000001,156.006,155.79000000000002,155.994,8593
2026-05-01T16:30:00+00:00,155.994,156.066,155.941,156.06400000000002,5790
2026-05-01T17:00:00+00:00,156.06400000000002,156.083,155.994,156.065,4348
2026-05-01T17:30:00+00:00,156.065,156.151,155.97400000000002,156.055,4720
2026-05-01T18:00:00+00:00,156.055,156.244,156.044,156.16500000000002,3994
2026-05-01T18:30:00+00:00,156.16500000000002,156.21200000000002,156.03300000000002,156.138,6377
2026-05-01T19:00:00+00:00,156.138,156.185,156.12400000000002,156.16500000000002,1920
2026-05-01T19:30:00+00:00,156.16500000000002,156.214,156.157,156.186,2006
2026-05-01T20:00:00+00:00,156.186,156.205,156.13000000000002,156.15300000000002,1662
2026-05-01T20:30:00+00:00,156.15300000000002,156.197,156.083,156.144,2369.437033952837
2026-05-03T21:00:00+00:00,156.144,156.18700000000004,156.08100000000005,156.08700000000002,348.87709998116077
2026-05-03T21:30:00+00:00,156.08700000000002,156.13800000000003,156.08300000000003,156.09100000000004,311.17382903056085
2026-05-03T22:00:00+00:00,156.09100000000004,156.34600000000003,156.09100000000004,156.28700000000003,2180
2026-05-03T22:30:00+00:00,156.28700000000003,156.30100000000004,156.22100000000003,156.25200000000004,1257
2026-05-03T23:00:00+00:00,156.25200000000004,156.29000000000002,156.22000000000003,156.26400000000004,1475
2026-05-03T23:30:00+00:00,156.26400000000004,156.32200000000003,156.21200000000002,156.32100000000003,2267
2026-05-04T00:00:00+00:00,156.32100000000003,156.41400000000004,156.28500000000003,156.39200000000002,6607
2026-05-04T00:30:00+00:00,156.39200000000002,156.39400000000003,156.32500000000002,156.32800000000003,4845
2026-05-04T01:00:00+00:00,156.32800000000003,156.47400000000002,156.01300000000003,156.42100000000002,8445
2026-05-04T01:30:00+00:00,156.42100000000002,156.49900000000002,156.38500000000002,156.45800000000003,5626
2026-05-04T02:00:00+00:00,156.45800000000003,156.58600000000004,156.44400000000002,156.58600000000004,5257
2026-05-04T02:30:00+00:00,156.58600000000004,156.61700000000002,156.47900000000004,156.54500000000004,3955
2026-05-04T03:00:00+00:00,156.54500000000004,156.66700000000003,156.54300000000003,156.65400000000002,3621
2026-05-04T03:30:00+00:00,156.65400000000002,156.66500000000002,155.10600000000002,155.62200000000004,29400
2026-05-04T04:00:00+00:00,155.62200000000004,156.12100000000004,155.55100000000004,156.10200000000003,10384
2026-05-04T04:30:00+00:00,156.10200000000003,156.21200000000002,156.05000000000004,156.14700000000002,4076
2026-05-04T05:00:00+00:00,156.14700000000002,156.26100000000002,155.94600000000003,156.21100000000004,7142
2026-05-04T05:30:00+00:00,156.21100000000004,156.28200000000004,155.98700000000002,156.20300000000003,5768
2026-05-04T06:00:00+00:00,156.20300000000003,156.25500000000002,156.15100000000004,156.21600000000004,6510
2026-05-04T06:30:00+00:00,156.21600000000004,156.35700000000003,156.17900000000003,156.34100000000004,5657
2026-05-04T07:00:00+00:00,156.34100000000004,156.40300000000002,156.28400000000002,156.33200000000002,4623
2026-05-04T07:30:00+00:00,156.33200000000002,156.34300000000002,156.23700000000002,156.31300000000002,5144
2026-05-04T08:00:00+00:00,156.31300000000002,156.39600000000004,156.31000000000003,156.33000000000004,6387
2026-05-04T08:30:00+00:00,156.33000000000004,156.39900000000003,156.30500000000004,156.37100000000004,4718
2026-05-04T09:00:00+00:00,156.37100000000004,156.43300000000002,156.33700000000002,156.39000000000004,5576
2026-05-04T09:30:00+00:00,156.39000000000004,156.42100000000002,156.31100000000004,156.38600000000002,4927
2026-05-04T10:00:00+00:00,156.38600000000002,156.62200000000004,156.38500000000002,156.49200000000002,16359
2026-05-04T10:30:00+00:00,156.49200000000002,156.56100000000004,156.37600000000003,156.53500000000003,11970
2026-05-04T11:00:00+00:00,156.53500000000003,156.58800000000002,156.48100000000002,156.53100000000003,7970
2026-05-04T11:30:00+00:00,156.53100000000003,156.60300000000004,156.52900000000002,156.59300000000002,7634
2026-05-04T12:00:00+00:00,156.59300000000002,156.60000000000002,156.44200000000004,156.50200000000004,9338
2026-05-04T12:30:00+00:00,156.50200000000004,156.57100000000003,156.44800000000004,156.55800000000002,7292
2026-05-04T13:00:00+00:00,156.55800000000002,156.60200000000003,156.39100000000002,156.49100000000004,12571
2026-05-04T13:30:00+00:00,156.49100000000004,156.52500000000003,156.38900000000004,156.43500000000003,9959
2026-05-04T14:00:00+00:00,156.43500000000003,156.57600000000002,156.43500000000003,156.48400000000004,9364
2026-05-04T14:30:00+00:00,156.48400000000004,156.51800000000003,156.34400000000002,156.51000000000002,9733
2026-05-04T15:00:00+00:00,156.51000000000002,156.63800000000003,156.35900000000004,156.54500000000004,12507
2026-05-04T15:30:00+00:00,156.54500000000004,156.71700000000004,156.53800000000004,156.61700000000002,10221
2026-05-04T16:00:00+00:00,156.61700000000002,156.72300000000004,156.55300000000003,156.66700000000003,12640
2026-05-04T16:30:00+00:00,156.66700000000003,156.70300000000003,156.63900000000004,156.68800000000002,8340
2026-05-04T17:00:00+00:00,156.68800000000002,156.70600000000002,156.58500000000004,156.59800000000004,7905
2026-05-04T17:30:00+00:00,156.59800000000004,156.67800000000003,156.58800000000002,156.64700000000002,4618
2026-05-04T18:00:00+00:00,156.64700000000002,156.69800000000004,156.60200000000003,156.66100000000003,5035
2026-05-04T18:30:00+00:00,156.66100000000003,156.66200000000003,155.95400000000004,156.14500000000004,7656
2026-05-04T19:00:00+00:00,156.14500000000004,156.55100000000004,156.14500000000004,156.46400000000003,9822
2026-05-04T19:30:00+00:00,156.46400000000003,156.53200000000004,156.46200000000002,156.51700000000002,4133
2026-05-04T20:00:00+00:00,156.51700000000002,156.70700000000002,156.51700000000002,156.63400000000004,3056
2026-05-04T20:30:00+00:00,156.63400000000004,156.68200000000002,156.61100000000002,156.63700000000003,2249
2026-05-04T21:00:00+00:00,156.63700000000003,156.63700000000003,156.55100000000004,156.58300000000003,298.96518316069887
2026-05-04T21:30:00+00:00,156.58300000000003,156.61900000000003,156.52100000000002,156.53800000000004,756
2026-05-04T22:00:00+00:00,156.53800000000004,156.68900000000002,156.53700000000003,156.62600000000003,677
2026-05-04T22:30:00+00:00,156.62600000000003,156.66100000000003,156.61300000000003,156.64900000000003,608
2026-05-04T23:00:00+00:00,156.64900000000003,156.65500000000003,156.59600000000003,156.62000000000003,1160
2026-05-04T23:30:00+00:00,156.62000000000003,156.63800000000003,156.58900000000003,156.63500000000002,1552
2026-05-05T00:00:00+00:00,156.63500000000002,156.67300000000003,156.60500000000002,156.65500000000003,4395
2026-05-05T00:30:00+00:00,156.65500000000003,156.67000000000002,156.586,156.63000000000002,2551
2026-05-05T01:00:00+00:00,156.63000000000002,156.68800000000002,156.63000000000002,156.67700000000002,2372
2026-05-05T01:30:00+00:00,156.67700000000002,156.68800000000002,156.60600000000002,156.62900000000002,3707
2026-05-05T02:00:00+00:00,156.62900000000002,156.65000000000003,156.60500000000002,156.63100000000003,2174
2026-05-05T02:30:00+00:00,156.63100000000003,156.64500000000004,156.616,156.64000000000001,2430
2026-05-05T03:00:00+00:00,156.64000000000001,156.65700000000004,156.63100000000003,156.64200000000002,1323
2026-05-05T03:30:00+00:00,156.64200000000002,156.687,156.64000000000001,156.68500000000003,1069
2026-05-05T04:00:00+00:00,156.68500000000003,156.68900000000002,156.65400000000002,156.67700000000002,1105
2026-05-05T04:30:00+00:00,156.67700000000002,156.717,156.66100000000003,156.70400000000004,2084
2026-05-05T05:00:00+00:00,156.70400000000004,156.71800000000002,156.64500000000004,156.67200000000003,3006
2026-05-05T05:30:00+00:00,156.67200000000003,156.71600000000004,156.63000000000002,156.69700000000003,4486
2026-05-05T06:00:00+00:00,156.69700000000003,156.72000000000003,156.65100000000004,156.67300000000003,5134
2026-05-05T06:30:00+00:00,156.67300000000003,156.69100000000003,156.60900000000004,156.64200000000002,3466
2026-05-05T07:00:00+00:00,156.64200000000002,156.65500000000003,156.54300000000003,156.65000000000003,4896
2026-05-05T07:30:00+00:00,156.65000000000003,156.65800000000002,156.49400000000003,156.65600000000003,6952
2026-05-05T08:00:00+00:00,156.65600000000003,156.70400000000004,156.62100000000004,156.69000000000003,3167
2026-05-05T08:30:00+00:00,156.69000000000003,156.70300000000003,156.65900000000002,156.69800000000004,3064
2026-05-05T09:00:00+00:00,156.69800000000004,157.31100000000004,156.69800000000004,156.985,12186
2026-05-05T09:30:00+00:00,156.985,157.03600000000003,156.51300000000003,156.92800000000003,7979
2026-05-05T10:00:00+00:00,156.92800000000003,157.05500000000004,156.90700000000004,156.97700000000003,3541
2026-05-05T10:30:00+00:00,156.97700000000003,157.08800000000002,156.90700000000004,157.03300000000002,4060
2026-05-05T11:00:00+00:00,157.03300000000002,157.21000000000004,157.02800000000002,157.09700000000004,4884
2026-05-05T11:30:00+00:00,157.09700000000004,157.18600000000004,157.05800000000002,157.16300000000004,3188
2026-05-05T12:00:00+00:00,157.16300000000004,157.25800000000004,157.05500000000004,157.10300000000004,11225
2026-05-05T12:30:00+00:00,157.10300000000004,157.22700000000003,157.09700000000004,157.18600000000004,6152
2026-05-05T13:00:00+00:00,157.18600000000004,157.20800000000003,157.09100000000004,157.14800000000002,7112
2026-05-05T13:30:00+00:00,157.14800000000002,157.21400000000003,157.10800000000003,157.17100000000002,7403
2026-05-05T14:00:00+00:00,157.17100000000002,157.24600000000004,157.08900000000003,157.18800000000002,11862
2026-05-05T14:30:00+00:00,157.18800000000002,157.21300000000002,157.092,157.098,7792
2026-05-05T15:00:00+00:00,157.098,157.15000000000003,157.02500000000003,157.12400000000002,6518
2026-05-05T15:30:00+00:00,157.12400000000002,157.13400000000001,157.05000000000004,157.098,7325
2026-05-05T16:00:00+00:00,157.098,157.17300000000003,157.07100000000003,157.14700000000002,3694
2026-05-05T16:30:00+00:00,157.14700000000002,157.22000000000003,157.14600000000002,157.20700000000002,2861
2026-05-05T17:00:00+00:00,157.20700000000002,157.30400000000003,157.187,157.25900000000001,2910
2026-05-05T17:30:00+00:00,157.25900000000001,157.28200000000004,157.21600000000004,157.26900000000003,3819
2026-05-05T18:00:00+00:00,157.26900000000003,157.30000000000004,157.25400000000002,157.29700000000003,2195
2026-05-05T18:30:00+00:00,157.29700000000003,157.33800000000002,157.28800000000004,157.29400000000004,2285
2026-05-05T19:00:00+00:00,157.29400000000004,157.33400000000003,157.28100000000003,157.33,2074
2026-05-05T19:30:00+00:00,157.33,157.33300000000003,157.27900000000002,157.30100000000002,2277
2026-05-05T20:00:00+00:00,157.30100000000002,157.30900000000003,157.25800000000004,157.29900000000004,1985
2026-05-05T20:30:00+00:00,157.29900000000004,157.31700000000004,157.28600000000003,157.29000000000002,1597
2026-05-05T21:00:00+00:00,157.29000000000002,157.29500000000004,157.211,157.27000000000004,289.09512313816776
2026-05-05T21:30:00+00:00,157.27000000000004,157.30800000000002,157.25100000000003,157.306,221.06220350867392
2026-05-05T22:00:00+00:00,157.306,157.35300000000004,157.27800000000002,157.28000000000003,717
2026-05-05T22:30:00+00:00,157.28000000000003,157.318,157.00100000000003,157.14200000000002,4285
2026-05-05T23:00:00+00:00,157.14200000000002,157.14900000000003,156.961,157.09700000000004,6390
2026-05-05T23:30:00+00:00,157.09700000000004,157.14300000000003,157.04500000000002,157.09700000000004,4051
2026-05-06T00:00:00+00:00,157.09700000000004,157.12600000000003,156.99900000000002,157.05100000000002,10635
2026-05-06T00:30:00+00:00,157.05100000000002,157.06400000000002,156.97000000000003,157.01100000000002,8358
2026-05-06T01:00:00+00:00,157.01100000000002,157.08700000000002,156.99600000000004,157.06000000000003,7117
2026-05-06T01:30:00+00:00,157.06000000000003,157.11500000000004,157.05000000000004,157.11500000000004,5424
2026-05-06T02:00:00+00:00,157.11500000000004,157.20800000000003,157.07100000000003,157.199,4417
2026-05-06T02:30:00+00:00,157.199,157.24900000000002,157.18600000000004,157.23300000000003,3761
2026-05-06T03:00:00+00:00,157.23300000000003,157.29600000000002,157.20600000000002,157.28800000000004,4232
2026-05-06T03:30:00+00:00,157.28800000000004,157.30900000000003,157.14200000000002,157.193,3900
2026-05-06T04:00:00+00:00,157.193,157.24300000000002,156.20400000000004,156.28700000000003,9897
2026-05-06T04:30:00+00:00,156.28700000000003,156.44600000000003,154.443,155.35200000000003,66786
2026-05-06T05:00:00+00:00,155.35200000000003,155.80500000000004,155.16700000000003,155.723,23392
2026-05-06T05:30:00+00:00,155.723,155.79300000000003,155.68300000000002,155.73300000000003,7050
2026-05-06T06:00:00+00:00,155.73300000000003,155.87400000000002,155.72100000000003,155.76900000000003,10052
2026-05-06T06:30:00+00:00,155.76900000000003,155.82800000000003,155.72600000000003,155.80500000000004,7360
2026-05-06T07:00:00+00:00,155.80500000000004,155.985,155.78900000000002,155.91500000000002,8546
2026-05-06T07:30:00+00:00,155.91500000000002,155.96400000000003,155.14100000000002,155.23200000000003,13610
2026-05-06T08:00:00+00:00,155.23200000000003,155.71200000000002,155.17200000000003,155.65500000000003,14157
2026-05-06T08:30:00+00:00,155.65500000000003,155.66400000000002,155.23200000000003,155.39500000000004,24042
2026-05-06T09:00:00+00:00,155.39500000000004,155.52500000000003,155.34500000000003,155.50200000000004,14050
2026-05-06T09:30:00+00:00,155.50200000000004,155.50800000000004,155.33300000000003,155.34400000000002,10515
2026-05-06T10:00:00+00:00,155.34400000000002,155.54000000000002,155.28400000000002,155.37900000000002,11510
2026-05-06T10:30:00+00:00,155.37900000000002,155.40700000000004,155.03100000000003,155.17400000000004,16589
2026-05-06T11:00:00+00:00,155.17400000000004,155.36700000000002,155.11700000000002,155.34500000000003,17200
2026-05-06T11:30:00+00:00,155.34500000000003,155.52200000000002,155.29800000000003,155.50300000000001,15801
2026-05-06T12:00:00+00:00,155.50300000000001,155.72600000000003,155.50200000000004,155.59900000000002,13737
2026-05-06T12:30:00+00:00,155.59900000000002,155.705,155.53600000000003,155.69800000000004,10203
2026-05-06T13:00:00+00:00,155.69800000000004,155.73300000000003,155.57700000000003,155.65700000000004,13082
2026-05-06T13:30:00+00:00,155.65700000000004,155.66300000000004,155.46900000000002,155.53300000000002,12411
2026-05-06T14:00:00+00:00,155.53300000000002,155.65400000000002,155.53300000000002,155.62500000000003,11022
2026-05-06T14:30:00+00:00,155.62500000000003,155.71400000000003,155.46400000000003,155.69700000000003,12361
2026-05-06T15:00:00+00:00,155.69700000000003,155.87700000000004,155.69400000000002,155.72500000000002,9550
2026-05-06T15:30:00+00:00,155.72500000000002,155.85800000000003,155.687,155.85700000000003,8620
2026-05-06T16:00:00+00:00,155.85700000000003,155.90800000000002,155.82000000000002,155.86300000000003,6393
2026-05-06T16:30:00+00:00,155.86300000000003,155.89300000000003,155.78200000000004,155.84700000000004,7117
2026-05-06T17:00:00+00:00,155.84700000000004,155.87800000000001,155.77000000000004,155.83,4864
2026-05-06T17:30:00+00:00,155.83,155.93200000000002,155.81300000000002,155.90500000000003,4456
2026-05-06T18:00:00+00:00,155.90500000000003,155.90600000000003,155.79600000000002,155.88300000000004,5648
2026-05-06T18:30:00+00:00,155.88300000000004,155.89500000000004,155.77800000000002,155.82200000000003,4888
2026-05-06T19:00:00+00:00,155.82200000000003,155.86,155.76800000000003,155.80700000000002,5384
2026-05-06T19:30:00+00:00,155.80700000000002,155.85200000000003,155.78600000000003,155.83900000000003,5431
2026-05-06T20:00:00+00:00,155.83900000000003,155.872,155.70900000000003,155.77700000000002,4730
2026-05-06T20:30:00+00:00,155.77700000000002,155.85000000000002,155.73900000000003,155.747,3319
2026-05-06T21:00:00+00:00,155.747,155.75100000000003,155.64700000000002,155.68800000000002,319.4795747608572
2026-05-06T21:30:00+00:00,155.68800000000002,155.71400000000003,155.64000000000001,155.653,948.314948585104
2026-05-06T22:00:00+00:00,155.653,155.794,155.653,155.78900000000002,812.3925647867577
2026-05-06T22:30:00+00:00,155.78900000000002,155.808,155.734,155.762,3260
2026-05-06T23:00:00+00:00,155.762,155.869,155.703,155.84699999999998,2115.8250748254077
2026-05-06T23:30:00+00:00,155.84699999999998,155.94899999999998,155.831,155.94299999999998,2403
2026-05-07T00:00:00+00:00,155.94299999999998,155.94899999999998,155.638,155.852,10125
2026-05-07T00:30:00+00:00,155.852,155.91899999999998,155.714,155.74699999999999,7861
2026-05-07T01:00:00+00:00,155.74699999999999,155.777,155.518,155.575,7661
2026-05-07T01:30:00+00:00,155.575,155.648,155.44799999999998,155.64,6622
2026-05-07T02:00:00+00:00,155.64,155.709,155.57399999999998,155.673,4617
2026-05-07T02:30:00+00:00,155.673,155.774,155.635,155.761,4486
2026-05-07T03:00:00+00:00,155.761,155.79,155.738,155.75799999999998,2817
2026-05-07T03:30:00+00:00,155.75799999999998,155.85899999999998,155.72899999999998,155.838,2569
2026-05-07T04:00:00+00:00,155.838,155.841,155.743,155.778,2951
2026-05-07T04:30:00+00:00,155.778,155.809,155.731,155.782,3174
2026-05-07T05:00:00+00:00,155.782,155.818,155.73,155.81,2383
2026-05-07T05:30:00+00:00,155.81,155.819,155.75300000000001,155.797,2734
2026-05-07T06:00:00+00:00,155.797,155.834,155.772,155.809,2905
2026-05-07T06:30:00+00:00,155.809,155.823,155.52700000000002,155.714,7305
2026-05-07T07:00:00+00:00,155.714,155.719,155.446,155.57,10433
2026-05-07T07:30:00+00:00,155.57,155.699,155.559,155.687,5561
2026-05-07T08:00:00+00:00,155.687,155.723,155.63400000000001,155.638,5780
2026-05-07T08:30:00+00:00,155.638,155.762,155.607,155.749,3820
2026-05-07T09:00:00+00:00,155.749,155.841,155.746,155.82,4936
2026-05-07T09:30:00+00:00,155.82,155.835,155.728,155.798,4026
2026-05-07T10:00:00+00:00,155.798,155.819,155.712,155.741,3787
2026-05-07T10:30:00+00:00,155.741,155.827,155.73,155.821,4011
2026-05-07T11:00:00+00:00,155.821,155.825,155.77100000000002,155.79,3749
2026-05-07T11:30:00+00:00,155.79,155.897,155.779,155.827,4041
2026-05-07T12:00:00+00:00,155.827,155.845,155.734,155.762,4414
2026-05-07T12:30:00+00:00,155.762,155.788,155.666,155.708,5042
2026-05-07T13:00:00+00:00,155.708,155.78900000000002,155.677,155.732,6514
2026-05-07T13:30:00+00:00,155.732,155.827,155.714,155.763,6909
2026-05-07T14:00:00+00:00,155.763,155.823,155.75900000000001,155.775,5720
2026-05-07T14:30:00+00:00,155.775,155.826,155.601,155.675,5315
2026-05-07T15:00:00+00:00,155.675,155.894,155.67000000000002,155.87,6488
2026-05-07T15:30:00+00:00,155.87,155.933,155.824,155.907,4831
2026-05-07T16:00:00+00:00,155.907,156.047,155.891,155.999,6756
2026-05-07T16:30:00+00:00,155.999,156.069,155.982,156.057,3927
2026-05-07T17:00:00+00:00,156.057,156.181,156.053,156.176,5327
2026-05-07T17:30:00+00:00,156.176,156.284,156.055,156.093,7791
2026-05-07T18:00:00+00:00,156.093,156.119,156.029,156.111,4450
2026-05-07T18:30:00+00:00,156.111,156.284,156.107,156.168,6439
2026-05-07T19:00:00+00:00,156.168,156.276,156.11,156.216,6246
2026-05-07T19:30:00+00:00,156.216,156.302,156.125,156.298,4403
2026-05-07T20:00:00+00:00,156.298,156.301,156.168,156.298,3279
2026-05-07T20:30:00+00:00,156.298,156.37800000000001,156.275,156.297,3485
2026-05-07T21:00:00+00:00,156.297,156.297,156.14499999999998,156.251,341.8465667360856
2026-05-07T21:30:00+00:00,156.251,156.40800000000002,156.17900000000003,156.32300000000004,2099.3658713954437
2026-05-07T22:00:00+00:00,156.32300000000004,156.46000000000004,156.32300000000004,156.38000000000002,1777
2026-05-07T22:30:00+00:00,156.38000000000002,156.43400000000003,156.36500000000004,156.39600000000004,1617.315948736205
2026-05-07T23:00:00+00:00,156.39600000000004,156.42300000000003,156.36500000000004,156.41500000000002,968
2026-05-07T23:30:00+00:00,156.41500000000002,156.42200000000003,156.33100000000005,156.35700000000003,1376
2026-05-08T00:00:00+00:00,156.35700000000003,156.43000000000004,156.32300000000004,156.36800000000002,6315
2026-05-08T00:30:00+00:00,156.36800000000002,156.49600000000004,156.36800000000002,156.47600000000003,5500
2026-05-08T01:00:00+00:00,156.47600000000003,156.48100000000002,156.37000000000003,156.40800000000004,4161
2026-05-08T01:30:00+00:00,156.40800000000004,156.43200000000004,156.36200000000002,156.41100000000003,3167
2026-05-08T02:00:00+00:00,156.41100000000003,156.46200000000005,156.39000000000004,156.43900000000002,2786
2026-05-08T02:30:00+00:00,156.43900000000002,156.46400000000003,156.38000000000002,156.39700000000002,2914
2026-05-08T03:00:00+00:00,156.39700000000002,156.40400000000002,156.32000000000005,156.35700000000006,2475
2026-05-08T03:30:00+00:00,156.35700000000006,156.35900000000007,156.27600000000004,156.34600000000006,2575
2026-05-08T04:00:00+00:00,156.34600000000006,156.39800000000005,156.33400000000006,156.37400000000005,2538
2026-05-08T04:30:00+00:00,156.37400000000005,156.40800000000004,156.35000000000005,156.35600000000005,2681
2026-05-08T05:00:00+00:00,156.35600000000005,156.39300000000006,156.34400000000005,156.35600000000005,2421
2026-05-08T05:30:00+00:00,156.35600000000005,156.37300000000005,156.31900000000005,156.34300000000005,2768
2026-05-08T06:00:00+00:00,156.34300000000005,156.35500000000005,156.26000000000005,156.26200000000006,4754
2026-05-08T06:30:00+00:00,156.26200000000006,156.33900000000006,156.21800000000005,156.33900000000006,4115
2026-05-08T07:00:00+00:00,156.33900000000006,156.36100000000005,156.24700000000004,156.34400000000005,5373
2026-05-08T07:30:00+00:00,156.34400000000005,156.35400000000004,156.29400000000004,156.33900000000006,4387
2026-05-08T08:00:00+00:00,156.33900000000006,156.36500000000007,156.22600000000006,156.23700000000005,4655
2026-05-08T08:30:00+00:00,156.23700000000005,156.23800000000006,156.14600000000004,156.21200000000005,4762
2026-05-08T09:00:00+00:00,156.21200000000005,156.21400000000006,156.13700000000006,156.19000000000005,4027
2026-05-08T09:30:00+00:00,156.19000000000005,156.21900000000005,156.14600000000004,156.18700000000004,3134
2026-05-08T10:00:00+00:00,156.18700000000004,156.22200000000007,156.16100000000006,156.22000000000006,2575
2026-05-08T10:30:00+00:00,156.22000000000006,156.29600000000005,156.19900000000004,156.27800000000005,2485
2026-05-08T11:00:00+00:00,156.27800000000005,156.29400000000004,156.25700000000006,156.27500000000006,3020
2026-05-08T11:30:00+00:00,156.27500000000006,156.29500000000004,156.23300000000006,156.25700000000006,3231
2026-05-08T12:00:00+00:00,156.25700000000006,156.28300000000004,156.23300000000006,156.23500000000004,4097
2026-05-08T12:30:00+00:00,156.23500000000004,156.32800000000006,156.02600000000004,156.14600000000004,12412
2026-05-08T13:00:00+00:00,156.14600000000004,156.21000000000006,155.95800000000006,156.00100000000006,8295
2026-05-08T13:30:00+00:00,156.00100000000006,156.05400000000006,155.93900000000005,156.02700000000004,8443
2026-05-08T14:00:00+00:00,156.02700000000004,156.17200000000005,156.00400000000005,156.16200000000006,6560
2026-05-08T14:30:00+00:00,156.16200000000006,156.16400000000004,156.06400000000005,156.13300000000007,6040
2026-05-08T15:00:00+00:00,156.13300000000007,156.16700000000006,156.06100000000006,156.12400000000005,7388
2026-05-08T15:30:00+00:00,156.12400000000005,156.17800000000005,156.11100000000005,156.15200000000004,5841
2026-05-08T16:00:00+00:00,156.15200000000004,156.17200000000005,156.10500000000005,156.13900000000007,3046
2026-05-08T16:30:00+00:00,156.13900000000007,156.21300000000005,156.13900000000007,156.20600000000005,2182
2026-05-08T17:00:00+00:00,156.20600000000005,156.22400000000005,156.12000000000006,156.13500000000005,2863
2026-05-08T17:30:00+00:00,156.13500000000005,156.19800000000006,156.13400000000004,156.19700000000006,2498
2026-05-08T18:00:00+00:00,156.19700000000006,156.21000000000006,156.10000000000005,156.13900000000007,4033
2026-05-08T18:30:00+00:00,156.13900000000007,156.25400000000005,156.13800000000006,156.20400000000006,2745
2026-05-08T19:00:00+00:00,156.20400000000006,156.22800000000007,156.18600000000006,156.22100000000006,1767
2026-05-08T19:30:00+00:00,156.22100000000006,156.28300000000004,156.17800000000005,156.23700000000005,2598
2026-05-08T20:00:00+00:00,156.23700000000005,156.26400000000007,156.18000000000006,156.20200000000006,1152
2026-05-08T20:30:00+00:00,156.20200000000006,156.21700000000004,156.15400000000005,156.15400000000005,1668.8076832011366
2026-05-10T21:00:00+00:00,156.15400000000005,156.29500000000004,156.14400000000006,156.29400000000004,166.6312490717793
2026-05-10T21:30:00+00:00,156.29400000000004,156.41400000000004,156.22900000000004,156.40100000000004,520.7969330572981
2026-05-10T22:00:00+00:00,156.40100000000004,156.66200000000003,156.39800000000002,156.54500000000004,2061
2026-05-10T22:30:00+00:00,156.54500000000004,156.60800000000003,156.54500000000004,156.59900000000005,1700
2026-05-10T23:00:00+00:00,156.59900000000005,156.60200000000003,156.56800000000004,156.59500000000003,1703
2026-05-10T23:30:00+00:00,156.59500000000003,156.59700000000004,156.53300000000004,156.56600000000003,1317
2026-05-11T00:00:00+00:00,156.56600000000003,156.62400000000002,156.53300000000004,156.58500000000004,4808
2026-05-11T00:30:00+00:00,156.58500000000004,156.76300000000003,156.58300000000003,156.63200000000003,5474
2026-05-11T01:00:00+00:00,156.63200000000003,156.71800000000005,156.62300000000005,156.63500000000005,4038
2026-05-11T01:30:00+00:00,156.63500000000005,156.79700000000003,156.63300000000004,156.79500000000004,3492
2026-05-11T02:00:00+00:00,156.79500000000004,156.80500000000004,156.75500000000002,156.77000000000004,2120
2026-05-11T02:30:00+00:00,156.77000000000004,156.85100000000003,156.75300000000004,156.84300000000005,2363
2026-05-11T03:00:00+00:00,156.84300000000005,156.87600000000003,156.83300000000006,156.84600000000003,2368.7257104251994
2026-05-11T03:30:00+00:00,156.84600000000003,156.86700000000005,156.79600000000005,156.85800000000003,1678
2026-05-11T04:00:00+00:00,156.85800000000003,156.86400000000003,156.82600000000005,156.85200000000003,1802
2026-05-11T04:30:00+00:00,156.85200000000003,156.85800000000003,156.79400000000004,156.82500000000005,1729
2026-05-11T05:00:00+00:00,156.82500000000005,156.83700000000005,156.77000000000004,156.79600000000005,1681
2026-05-11T05:30:00+00:00,156.79600000000005,156.85000000000005,156.79600000000005,156.83700000000005,1950
2026-05-11T06:00:00+00:00,156.83700000000005,156.85100000000006,156.73900000000003,156.74700000000004,3646
2026-05-11T06:30:00+00:00,156.74700000000004,156.76700000000005,156.68900000000005,156.69800000000004,3016
2026-05-11T07:00:00+00:00,156.69800000000004,156.78800000000004,156.69000000000005,156.75900000000004,3453
2026-05-11T07:30:00+00:00,156.75900000000004,156.83700000000005,156.75800000000004,156.82500000000005,2741
2026-05-11T08:00:00+00:00,156.82500000000005,156.84800000000004,156.71700000000004,156.74500000000003,4057
2026-05-11T08:30:00+00:00,156.74500000000003,156.79700000000005,156.65400000000005,156.79000000000005,2879
2026-05-11T09:00:00+00:00,156.79000000000005,156.81700000000004,156.77100000000004,156.80400000000006,2350
2026-05-11T09:30:00+00:00,156.80400000000006,156.84700000000004,156.78000000000006,156.84700000000004,2257
2026-05-11T10:00:00+00:00,156.84700000000004,156.86300000000006,156.79500000000004,156.81400000000005,2294
2026-05-11T10:30:00+00:00,156.81400000000005,156.84700000000004,156.78400000000005,156.84400000000005,3173
2026-05-11T11:00:00+00:00,156.84400000000005,156.84900000000005,156.78800000000004,156.79600000000005,2961
2026-05-11T11:30:00+00:00,156.79600000000005,156.84600000000003,156.77300000000005,156.82200000000006,2649
2026-05-11T12:00:00+00:00,156.82200000000006,156.84100000000004,156.76400000000004,156.79200000000006,3979
2026-05-11T12:30:00+00:00,156.79200000000006,156.83800000000005,156.77200000000005,156.82000000000005,4843
2026-05-11T13:00:00+00:00,156.82000000000005,156.83000000000004,156.74400000000006,156.74900000000005,3787
2026-05-11T13:30:00+00:00,156.74900000000005,156.78700000000003,156.70000000000005,156.73700000000005,4041
2026-05-11T14:00:00+00:00,156.73700000000005,156.77000000000004,156.70300000000006,156.73800000000006,3263
2026-05-11T14:30:00+00:00,156.73800000000006,156.79800000000006,156.68100000000004,156.70100000000005,6795
2026-05-11T15:00:00+00:00,156.70100000000005,156.77400000000006,156.68500000000006,156.72300000000004,4753
2026-05-11T15:30:00+00:00,156.72300000000004,156.77200000000005,156.70700000000005,156.74900000000005,4435
2026-05-11T16:00:00+00:00,156.74900000000005,156.81600000000006,156.73700000000005,156.81200000000004,2599
2026-05-11T16:30:00+00:00,156.81200000000004,156.86600000000004,156.80500000000004,156.85900000000004,3026
2026-05-11T17:00:00+00:00,156.85900000000004,156.91500000000005,156.81800000000004,156.83800000000005,3761
2026-05-11T17:30:00+00:00,156.83800000000005,156.84600000000003,156.80700000000004,156.81400000000005,3113
2026-05-11T18:00:00+00:00,156.81400000000005,156.85300000000004,156.79500000000004,156.83700000000005,2687
2026-05-11T18:30:00+00:00,156.83700000000005,156.91100000000006,156.83300000000006,156.90700000000004,2320
2026-05-11T19:00:00+00:00,156.90700000000004,156.94900000000004,156.90200000000004,156.94800000000004,2194
2026-05-11T19:30:00+00:00,156.94800000000004,156.96900000000005,156.94200000000004,156.94500000000005,2175
2026-05-11T20:00:00+00:00,156.94500000000005,156.97500000000005,156.91000000000005,156.92400000000004,2296
2026-05-11T20:30:00+00:00,156.92400000000004,156.92900000000006,156.82400000000004,156.83900000000006,1533
2026-05-11T21:00:00+00:00,156.83900000000006,156.88400000000004,156.74200000000008,156.87000000000003,385.13489054665524
2026-05-11T21:30:00+00:00,156.87000000000003,156.89200000000005,156.81900000000005,156.82400000000004,630
2026-05-11T22:00:00+00:00,156.82400000000004,156.92900000000006,156.82400000000004,156.91800000000003,551.9623613312203
2026-05-11T22:30:00+00:00,156.91800000000003,156.92400000000004,156.90800000000004,156.92200000000005,704.7088095901868
2026-05-11T23:00:00+00:00,156.92200000000005,156.96000000000004,156.91100000000006,156.95700000000005,819
2026-05-11T23:30:00+00:00,156.95700000000005,156.97300000000004,156.92700000000005,156.96800000000005,1203
2026-05-12T00:00:00+00:00,156.96800000000005,157.02400000000006,156.96600000000004,157.00100000000003,3847
2026-05-12T00:30:00+00:00,157.00100000000003,157.16000000000005,156.99800000000005,157.14500000000004,3933
2026-05-12T01:00:00+00:00,157.14500000000004,157.27300000000005,157.10300000000004,157.27300000000005,4090
2026-05-12T01:30:00+00:00,157.27300000000005,157.31200000000004,157.22000000000006,157.26000000000005,3094
2026-05-12T02:00:00+00:00,157.26000000000005,157.31200000000004,157.25300000000004,157.30200000000005,1528
2026-05-12T02:30:00+00:00,157.30200000000005,157.37900000000005,157.28300000000004,157.31300000000005,2012
2026-05-12T03:00:00+00:00,157.31300000000005,157.35000000000005,157.27000000000004,157.29800000000006,1434
2026-05-12T03:30:00+00:00,157.29800000000006,157.36700000000005,157.29600000000005,157.33600000000004,1599
2026-05-12T04:00:00+00:00,157.33600000000004,157.36600000000004,157.33100000000005,157.36100000000005,2350
2026-05-12T04:30:00+00:00,157.36100000000005,157.36200000000005,157.27400000000006,157.30900000000005,1962
2026-05-12T05:00:00+00:00,157.30900000000005,157.41600000000005,157.30900000000005,157.39500000000004,2036
2026-05-12T05:30:00+00:00,157.39500000000004,157.47600000000006,156.44000000000005,157.03200000000004,9359
2026-05-12T06:00:00+00:00,157.03200000000004,157.22400000000005,156.77200000000005,157.19000000000005,14651
2026-05-12T06:30:00+00:00,157.19000000000005,157.25400000000005,157.01600000000005,157.24000000000004,8924
2026-05-12T07:00:00+00:00,157.24000000000004,157.27500000000003,157.11300000000006,157.19000000000005,6906
2026-05-12T07:30:00+00:00,157.19000000000005,157.29400000000004,157.13700000000006,157.23100000000005,5177
2026-05-12T08:00:00+00:00,157.23100000000005,157.35300000000004,157.21500000000006,157.34700000000004,5212
2026-05-12T08:30:00+00:00,157.34700000000004,157.38300000000004,157.27400000000006,157.34400000000005,4779
2026-05-12T09:00:00+00:00,157.34400000000005,157.39400000000003,157.32400000000004,157.32500000000005,3704
2026-05-12T09:30:00+00:00,157.32500000000005,157.35100000000006,157.26200000000006,157.28700000000003,4713
2026-05-12T10:00:00+00:00,157.28700000000003,157.34100000000004,157.27300000000005,157.28000000000006,2564
2026-05-12T10:30:00+00:00,157.28000000000006,157.29400000000004,157.21900000000005,157.28800000000004,3895
2026-05-12T11:00:00+00:00,157.28800000000004,157.33200000000005,157.22300000000004,157.29100000000005,4633
2026-05-12T11:30:00+00:00,157.29100000000005,157.30600000000004,157.22800000000004,157.29900000000004,3387
2026-05-12T12:00:00+00:00,157.29900000000004,157.35000000000005,157.25200000000004,157.29800000000006,4770
2026-05-12T12:30:00+00:00,157.29800000000006,157.36700000000005,157.24100000000004,157.27900000000005,6376
2026-05-12T13:00:00+00:00,157.27900000000005,157.35300000000004,157.20500000000004,157.30700000000004,6940
2026-05-12T13:30:00+00:00,157.30700000000004,157.39300000000006,157.28200000000004,157.37600000000003,6531
2026-05-12T14:00:00+00:00,157.37600000000003,157.38000000000005,157.30000000000004,157.32900000000004,4810
2026-05-12T14:30:00+00:00,157.32900000000004,157.42700000000005,157.30100000000004,157.34900000000005,6188
2026-05-12T15:00:00+00:00,157.34900000000005,157.47700000000006,157.33800000000005,157.47400000000005,6064
2026-05-12T15:30:00+00:00,157.47400000000005,157.47700000000006,157.41000000000005,157.44000000000005,3895
2026-05-12T16:00:00+00:00,157.44000000000005,157.45500000000004,157.40200000000004,157.42800000000005,3203
2026-05-12T16:30:00+00:00,157.42800000000005,157.49100000000004,157.41700000000006,157.47900000000004,2997
2026-05-12T17:00:00+00:00,157.47900000000004,157.48100000000005,157.41400000000004,157.42600000000004,2983
2026-05-12T17:30:00+00:00,157.42600000000004,157.43400000000005,157.40700000000004,157.42100000000005,2322
2026-05-12T18:00:00+00:00,157.42100000000005,157.44900000000004,157.33000000000004,157.33500000000004,3550
2026-05-12T18:30:00+00:00,157.33500000000004,157.36700000000005,157.31100000000004,157.32000000000005,2585
2026-05-12T19:00:00+00:00,157.32000000000005,157.32400000000004,157.28300000000004,157.29300000000003,2414
2026-05-12T19:30:00+00:00,157.29300000000003,157.36400000000003,157.24400000000006,157.36400000000003,2729
2026-05-12T20:00:00+00:00,157.36400000000003,157.37200000000004,157.31900000000005,157.36300000000006,1463
2026-05-12T20:30:00+00:00,157.36300000000006,157.38600000000005,157.32300000000004,157.34200000000004,1991
2026-05-12T21:00:00+00:00,157.34200000000004,157.34200000000004,157.21400000000006,157.31200000000004,200.15411292320124
2026-05-12T21:30:00+00:00,157.31200000000004,157.38200000000003,157.29800000000003,157.30300000000003,525
2026-05-12T22:00:00+00:00,157.30300000000003,157.38100000000003,157.30100000000004,157.36100000000005,442
2026-05-12T22:30:00+00:00,157.36100000000005,157.37400000000002,157.33900000000003,157.35800000000003,410
2026-05-12T23:00:00+00:00,157.35800000000003,157.37600000000003,157.34000000000003,157.36300000000003,884
2026-05-12T23:30:00+00:00,157.36300000000003,157.43600000000004,157.31100000000004,157.43000000000004,943
2026-05-13T00:00:00+00:00,157.43000000000004,157.46900000000002,157.39400000000003,157.42500000000004,2878
2026-05-13T00:30:00+00:00,157.42500000000004,157.52700000000004,157.41100000000003,157.46600000000004,4344
2026-05-13T01:00:00+00:00,157.46600000000004,157.54200000000003,157.34200000000004,157.42100000000002,4486
2026-05-13T01:30:00+00:00,157.42100000000002,157.44700000000003,157.32600000000002,157.41100000000003,3269
2026-05-13T02:00:00+00:00,157.41100000000003,157.48800000000003,157.35900000000004,157.43700000000004,2646
2026-05-13T02:30:00+00:00,157.43700000000004,157.46200000000005,157.39500000000004,157.41700000000003,1582
2026-05-13T03:00:00+00:00,157.41700000000003,157.44000000000003,157.39800000000002,157.41100000000003,2023
2026-05-13T03:30:00+00:00,157.41100000000003,157.44600000000003,157.38600000000002,157.44000000000003,1552
2026-05-13T04:00:00+00:00,157.44000000000003,157.47200000000004,157.43000000000004,157.47100000000003,1370
2026-05-13T04:30:00+00:00,157.47100000000003,157.51100000000002,157.47100000000003,157.47900000000004,1555
2026-05-13T05:00:00+00:00,157.47900000000004,157.49700000000004,157.45800000000003,157.47100000000003,1769
2026-05-13T05:30:00+00:00,157.47100000000003,157.49200000000005,157.44300000000004,157.44300000000004,1846
2026-05-13T06:00:00+00:00,157.44300000000004,157.49800000000005,157.44300000000004,157.49700000000004,2637
2026-05-13T06:30:00+00:00,157.49700000000004,157.54700000000003,157.47100000000003,157.52900000000002,2443
2026-05-13T07:00:00+00:00,157.52900000000002,157.53300000000004,157.43600000000004,157.44100000000003,3007
2026-05-13T07:30:00+00:00,157.44100000000003,157.60600000000002,157.44100000000003,157.59300000000005,3398
2026-05-13T08:00:00+00:00,157.59300000000005,157.60400000000004,157.50800000000004,157.52600000000004,3904
2026-05-13T08:30:00+00:00,157.52600000000004,157.58800000000002,157.52000000000004,157.56700000000004,3357
2026-05-13T09:00:00+00:00,157.56700000000004,157.64400000000003,157.56500000000003,157.64300000000003,2643
2026-05-13T09:30:00+00:00,157.64300000000003,157.65600000000003,157.54400000000004,157.59500000000003,2672
2026-05-13T10:00:00+00:00,157.59500000000003,157.60900000000004,157.54000000000002,157.60900000000004,3513
2026-05-13T10:30:00+00:00,157.60900000000004,157.61500000000004,157.56800000000004,157.57400000000004,2158
2026-05-13T11:00:00+00:00,157.57400000000004,157.59600000000003,157.55100000000004,157.55400000000003,2150
2026-05-13T11:30:00+00:00,157.55400000000003,157.56300000000005,157.50200000000004,157.52600000000004,2193
2026-05-13T12:00:00+00:00,157.52600000000004,157.59600000000003,157.51300000000003,157.58200000000002,3304
2026-05-13T12:30:00+00:00,157.58200000000002,157.65700000000004,157.56800000000004,157.60500000000005,6254
2026-05-13T13:00:00+00:00,157.60500000000005,157.62200000000004,157.57400000000004,157.58500000000004,3372
2026-05-13T13:30:00+00:00,157.58500000000004,157.60100000000003,157.51800000000003,157.53300000000004,5079
2026-05-13T14:00:00+00:00,157.53300000000004,157.61500000000004,157.51600000000005,157.58100000000005,4423
2026-05-13T14:30:00+00:00,157.58100000000005,157.65600000000003,157.56800000000004,157.62100000000004,4483
2026-05-13T15:00:00+00:00,157.62100000000004,157.63500000000005,157.58200000000002,157.61700000000005,3594
2026-05-13T15:30:00+00:00,157.61700000000005,157.62900000000005,157.53400000000002,157.59700000000004,4050
2026-05-13T16:00:00+00:00,157.59700000000004,157.61500000000004,157.50800000000004,157.52000000000004,3740
2026-05-13T16:30:00+00:00,157.52000000000004,157.62100000000004,157.50600000000003,157.61400000000003,3401
2026-05-13T17:00:00+00:00,157.61400000000003,157.63000000000002,157.59200000000004,157.61000000000004,2176
2026-05-13T17:30:00+00:00,157.61000000000004,157.68500000000003,157.60800000000003,157.68200000000004,1976
2026-05-13T18:00:00+00:00,157.68200000000004,157.68400000000003,157.64100000000005,157.65400000000002,2620
2026-05-13T18:30:00+00:00,157.65400000000002,157.67100000000002,157.61500000000004,157.65400000000002,3463
2026-05-13T19:00:00+00:00,157.65400000000002,157.66100000000003,157.60000000000002,157.60100000000003,3518
2026-05-13T19:30:00+00:00,157.60100000000003,157.65000000000003,157.59700000000004,157.63100000000003,3406
2026-05-13T20:00:00+00:00,157.63100000000003,157.66200000000003,157.62200000000004,157.63600000000002,2630
2026-05-13T20:30:00+00:00,157.63600000000002,157.64900000000003,157.60700000000003,157.60700000000003,1343
2026-05-13T21:00:00+00:00,157.60700000000003,157.60700000000003,157.47000000000003,157.51200000000003,1138.9398303309595
2026-05-13T21:30:00+00:00,157.51200000000003,157.63600000000002,157.47700000000003,157.55700000000004,1803.185127028655
2026-05-13T22:00:00+00:00,157.55700000000004,157.62300000000005,157.55700000000004,157.57700000000003,827
2026-05-13T22:30:00+00:00,157.57700000000003,157.60000000000002,157.56900000000005,157.58600000000004,589
2026-05-13T23:00:00+00:00,157.58600000000004,157.58800000000002,157.55600000000004,157.57900000000004,759
2026-05-13T23:30:00+00:00,157.57900000000004,157.64100000000005,157.57900000000004,157.63500000000005,947
2026-05-14T00:00:00+00:00,157.63500000000005,157.64800000000002,157.59100000000004,157.59700000000004,3772
2026-05-14T00:30:00+00:00,157.59700000000004,157.65000000000003,157.58500000000004,157.62800000000004,4130
2026-05-14T01:00:00+00:00,157.62800000000004,157.67300000000003,157.62500000000003,157.65700000000004,4847
2026-05-14T01:30:00+00:00,157.65700000000004,157.69900000000004,157.65400000000002,157.68900000000002,2926
2026-05-14T02:00:00+00:00,157.68900000000002,157.72900000000004,157.66400000000004,157.69800000000004,2112
2026-05-14T02:30:00+00:00,157.69800000000004,157.71900000000002,157.68500000000003,157.70000000000005,2609
2026-05-14T03:00:00+00:00,157.70000000000005,157.77800000000002,157.69900000000004,157.711,4591.4928492849285
2026-05-14T03:30:00+00:00,157.711,157.75400000000002,157.70000000000002,157.75100000000003,2030
2026-05-14T04:00:00+00:00,157.75100000000003,157.75600000000003,157.28400000000002,157.60200000000003,6302
2026-05-14T04:30:00+00:00,157.60200000000003,157.65600000000003,157.59600000000003,157.64900000000003,2116
2026-05-14T05:00:00+00:00,157.64900000000003,157.72700000000003,157.64300000000003,157.71300000000002,2799
2026-05-14T05:30:00+00:00,157.71300000000002,157.72000000000003,157.64700000000002,157.69000000000003,2877
2026-05-14T06:00:00+00:00,157.69000000000003,157.69500000000002,157.63400000000001,157.65000000000003,2894
2026-05-14T06:30:00+00:00,157.65000000000003,157.69100000000003,157.58900000000003,157.62400000000002,5645
2026-05-14T07:00:00+00:00,157.62400000000002,157.71800000000002,157.61400000000003,157.67000000000002,5120
2026-05-14T07:30:00+00:00,157.67000000000002,157.70200000000003,157.59900000000002,157.69400000000002,5070
2026-05-14T08:00:00+00:00,157.69400000000002,157.72800000000004,157.63300000000004,157.63900000000004,3351
2026-05-14T08:30:00+00:00,157.63900000000004,157.71200000000002,157.63500000000002,157.67900000000003,3919
2026-05-14T09:00:00+00:00,157.67900000000003,157.70800000000003,157.67200000000003,157.67800000000003,3329
2026-05-14T09:30:00+00:00,157.67800000000003,157.69900000000004,157.66500000000002,157.69200000000004,2835
2026-05-14T10:00:00+00:00,157.69200000000004,157.71100000000004,157.65300000000002,157.67200000000003,4982
2026-05-14T10:30:00+00:00,157.67200000000003,157.72300000000004,157.66400000000002,157.71400000000003,5473
2026-05-14T11:00:00+00:00,157.71400000000003,157.73500000000004,157.68800000000002,157.71000000000004,3197
2026-05-14T11:30:00+00:00,157.71000000000004,157.75700000000003,157.70300000000003,157.75200000000004,2906
2026-05-14T12:00:00+00:00,157.75200000000004,157.77100000000004,157.68200000000002,157.69700000000003,4715
2026-05-14T12:30:00+00:00,157.69700000000003,157.75800000000004,157.69000000000003,157.75400000000002,2894
2026-05-14T13:00:00+00:00,157.75400000000002,157.78400000000002,157.70600000000002,157.74100000000004,6017
2026-05-14T13:30:00+00:00,157.74100000000004,157.95000000000002,157.07300000000004,157.68800000000002,23765
2026-05-14T14:00:00+00:00,157.68800000000002,157.72600000000003,157.62300000000002,157.69200000000004,9179
2026-05-14T14:30:00+00:00,157.69200000000004,157.93300000000002,157.68600000000004,157.93200000000002,9425
2026-05-14T15:00:00+00:00,157.93200000000002,157.97200000000004,157.88000000000002,157.92500000000004,7656
2026-05-14T15:30:00+00:00,157.92500000000004,157.93300000000002,157.85900000000004,157.86700000000002,3742
2026-05-14T16:00:00+00:00,157.86700000000002,157.97800000000004,157.86100000000002,157.97300000000004,4551
2026-05-14T16:30:00+00:00,157.97300000000004,157.98100000000002,157.94300000000004,157.94800000000004,4141
2026-05-14T17:00:00+00:00,157.94800000000004,157.97700000000003,157.91500000000002,157.94500000000002,3825
2026-05-14T17:30:00+00:00,157.94500000000002,157.97800000000004,157.93800000000002,157.97300000000004,2474
2026-05-14T18:00:00+00:00,157.97300000000004,157.98200000000003,157.94900000000004,157.96200000000002,4185
2026-05-14T18:30:00+00:00,157.96200000000002,157.98000000000002,157.95800000000003,157.96700000000004,1960
2026-05-14T19:00:00+00:00,157.96700000000004,158.07900000000004,157.94800000000004,158.07100000000003,4056
2026-05-14T19:30:00+00:00,158.07100000000003,158.16100000000003,158.05600000000004,158.13800000000003,4629
2026-05-14T20:00:00+00:00,158.13800000000003,158.17300000000003,158.12300000000002,158.16800000000003,2633
2026-05-14T20:30:00+00:00,158.16800000000003,158.20200000000003,158.14200000000002,158.14200000000002,1578
2026-05-14T21:00:00+00:00,158.14200000000002,158.14200000000002,158.04500000000002,158.048,335.46994694805574
2026-05-14T21:30:00+00:00,158.048,158.14100000000002,158.03900000000002,158.107,946.0881834215168
2026-05-14T22:00:00+00:00,158.107,158.166,158.098,158.14100000000002,750.5167010969651
2026-05-14T22:30:00+00:00,158.14100000000002,158.16500000000002,158.137,158.155,511.43183069782077
2026-05-14T23:00:00+00:00,158.155,158.216,158.14200000000002,158.185,1100
2026-05-14T23:30:00+00:00,158.185,158.193,158.103,158.161,1907
2026-05-15T00:00:00+00:00,158.161,158.19400000000002,158.101,158.167,9600
2026-05-15T00:30:00+00:00,158.167,158.287,158.163,158.24300000000002,6271
2026-05-15T01:00:00+00:00,158.24300000000002,158.34,158.21200000000002,158.32600000000002,5268
2026-05-15T01:30:00+00:00,158.32600000000002,158.33,158.198,158.30700000000002,7807
2026-05-15T02:00:00+00:00,158.30700000000002,158.364,158.256,158.28400000000002,5067
2026-05-15T02:30:00+00:00,158.28400000000002,158.304,158.21900000000002,158.3,3884
2026-05-15T03:00:00+00:00,158.3,158.30800000000002,158.263,158.281,4285
2026-05-15T03:30:00+00:00,158.281,158.282,158.25400000000002,158.264,2126
2026-05-15T04:00:00+00:00,158.264,158.279,158.252,158.27700000000002,1477
2026-05-15T04:30:00+00:00,158.27700000000002,158.30100000000002,158.26600000000002,158.292,2929
2026-05-15T05:00:00+00:00,158.292,158.36700000000002,158.292,158.306,4145
2026-05-15T05:30:00+00:00,158.306,158.422,158.304,158.388,5050
2026-05-15T06:00:00+00:00,158.388,158.451,158.321,158.366,8849
2026-05-15T06:30:00+00:00,158.366,158.38,158.20600000000002,158.207,9743
2026-05-15T07:00:00+00:00,158.207,158.26000000000002,158.12900000000002,158.157,7054
2026-05-15T07:30:00+00:00,158.157,158.23600000000002,158.138,158.227,6193
2026-05-15T08:00:00+00:00,158.227,158.274,158.20000000000002,158.255,6104
2026-05-15T08:30:00+00:00,158.255,158.354,158.18200000000002,158.33700000000002,10751
2026-05-15T09:00:00+00:00,158.33700000000002,158.37900000000002,158.275,158.288,7355
2026-05-15T09:30:00+00:00,158.288,158.323,158.241,158.291,8702
2026-05-15T10:00:00+00:00,158.291,158.31300000000002,158.228,158.258,8951
2026-05-15T10:30:00+00:00,158.258,158.275,158.068,158.144,13395
2026-05-15T11:00:00+00:00,158.144,158.297,158.136,158.29500000000002,6959
2026-05-15T11:30:00+00:00,158.29500000000002,158.364,158.282,158.348,5497
2026-05-15T12:00:00+00:00,158.348,158.36,158.28400000000002,158.303,5012
2026-05-15T12:30:00+00:00,158.303,158.36100000000002,158.30100000000002,158.35,4668
2026-05-15T13:00:00+00:00,158.35,158.37900000000002,158.309,158.35500000000002,5397
2026-05-15T13:30:00+00:00,158.35500000000002,158.52100000000002,158.346,158.464,7097
2026-05-15T14:00:00+00:00,158.464,158.52,158.386,158.443,9628
2026-05-15T14:30:00+00:00,158.443,158.519,158.369,158.369,6342
2026-05-15T15:00:00+00:00,158.369,158.471,158.329,158.455,6388
2026-05-15T15:30:00+00:00,158.455,158.523,158.443,158.475,5176
2026-05-15T16:00:00+00:00,158.475,158.511,158.45000000000002,158.473,4235
2026-05-15T16:30:00+00:00,158.473,158.488,158.442,158.483,3562
2026-05-15T17:00:00+00:00,158.483,158.491,158.421,158.448,5176
2026-05-15T17:30:00+00:00,158.448,158.505,158.442,158.505,3888
2026-05-15T18:00:00+00:00,158.505,158.52800000000002,158.481,158.484,4258
2026-05-15T18:30:00+00:00,158.484,158.52700000000002,158.48000000000002,158.482,3525
2026-05-15T19:00:00+00:00,158.482,158.512,158.469,158.497,1644
2026-05-15T19:30:00+00:00,158.497,158.56300000000002,158.482,158.548,1676
2026-05-15T20:00:00+00:00,158.548,158.62,158.53900000000002,158.58,1729
2026-05-15T20:30:00+00:00,158.58,158.58100000000002,158.495,158.497,1737.7058250851858
2026-05-17T21:00:00+00:00,158.497,158.65499999999994,158.48700000000002,158.65499999999994,145.16165559782132
2026-05-17T21:30:00+00:00,158.65499999999994,158.70199999999994,158.61799999999994,158.63099999999994,582.3077348004357
2026-05-17T22:00:00+00:00,158.63099999999994,158.76199999999994,158.62699999999995,158.74399999999994,1110
2026-05-17T22:30:00+00:00,158.74399999999994,158.75099999999995,158.70999999999995,158.73099999999994,1013
2026-05-17T23:00:00+00:00,158.73099999999994,158.78199999999995,158.70599999999996,158.77599999999995,1453
2026-05-17T23:30:00+00:00,158.77599999999995,158.82799999999995,158.77599999999995,158.79699999999994,2265
2026-05-18T00:00:00+00:00,158.79699999999994,158.82399999999996,158.74599999999995,158.77499999999995,5268
2026-05-18T00:30:00+00:00,158.77499999999995,158.89999999999995,158.77399999999994,158.87699999999995,6296
2026-05-18T01:00:00+00:00,158.87699999999995,158.89799999999994,158.80999999999995,158.88599999999994,4891
2026-05-18T01:30:00+00:00,158.88599999999994,158.89599999999996,158.82599999999996,158.87699999999995,6098
2026-05-18T02:00:00+00:00,158.87699999999995,158.89299999999994,158.83999999999995,158.85599999999994,3778
2026-05-18T02:30:00+00:00,158.85599999999994,158.87899999999996,158.83399999999995,158.85799999999995,4148
2026-05-18T03:00:00+00:00,158.85799999999995,158.88799999999995,158.84899999999996,158.87599999999995,2288.480278422274
2026-05-18T03:30:00+00:00,158.87599999999995,159.00099999999995,158.87499999999994,158.98099999999994,2795
2026-05-18T04:00:00+00:00,158.98099999999994,159.01899999999995,158.74899999999994,158.94799999999995,4984
2026-05-18T04:30:00+00:00,158.94799999999995,158.94999999999996,158.88399999999996,158.92799999999994,2190
2026-05-18T05:00:00+00:00,158.92799999999994,158.94399999999996,158.88599999999994,158.89899999999994,3986
2026-05-18T05:30:00+00:00,158.89899999999994,158.91599999999994,158.84899999999996,158.88899999999995,5452
2026-05-18T06:00:00+00:00,158.88899999999995,158.89699999999996,158.78199999999995,158.82599999999996,4743
2026-05-18T06:30:00+00:00,158.82599999999996,158.85199999999995,158.78399999999996,158.83799999999994,4216
2026-05-18T07:00:00+00:00,158.83799999999994,158.92799999999994,158.76499999999993,158.77999999999994,5213
2026-05-18T07:30:00+00:00,158.77999999999994,158.86599999999993,158.74899999999994,158.86599999999993,5541
2026-05-18T08:00:00+00:00,158.86599999999993,158.87799999999993,158.77299999999994,158.77899999999994,8599
2026-05-18T08:30:00+00:00,158.77899999999994,158.81799999999993,158.73599999999993,158.76999999999992,4534
2026-05-18T09:00:00+00:00,158.76999999999992,158.82699999999994,158.76899999999992,158.80899999999994,3783
2026-05-18T09:30:00+00:00,158.80899999999994,158.87799999999993,158.77199999999993,158.87799999999993,3372
2026-05-18T10:00:00+00:00,158.87799999999993,158.89399999999992,158.84699999999992,158.84899999999993,3221
2026-05-18T10:30:00+00:00,158.84899999999993,158.87699999999992,158.84099999999992,158.87199999999993,2917
2026-05-18T11:00:00+00:00,158.87199999999993,158.90199999999993,158.85999999999993,158.88499999999993,4170
2026-05-18T11:30:00+00:00,158.88499999999993,158.88999999999993,158.62499999999994,158.77999999999994,11810
2026-05-18T12:00:00+00:00,158.77999999999994,158.78799999999993,158.69699999999992,158.76599999999993,6393
2026-05-18T12:30:00+00:00,158.76599999999993,158.77499999999992,158.55699999999993,158.63399999999993,11227
2026-05-18T13:00:00+00:00,158.63399999999993,158.72499999999994,158.62399999999994,158.68499999999995,8664
2026-05-18T13:30:00+00:00,158.68499999999995,158.70799999999994,158.58799999999994,158.69099999999995,9261
2026-05-18T14:00:00+00:00,158.69099999999995,158.83599999999993,158.67399999999992,158.79899999999992,9987
2026-05-18T14:30:00+00:00,158.79899999999992,158.85899999999992,158.74799999999993,158.78599999999994,6592
2026-05-18T15:00:00+00:00,158.78599999999994,158.88299999999992,158.77399999999994,158.81599999999995,9043
2026-05-18T15:30:00+00:00,158.81599999999995,158.81599999999995,158.74499999999992,158.77699999999993,5519
2026-05-18T16:00:00+00:00,158.77699999999993,158.87499999999994,158.72099999999992,158.87199999999993,9166
2026-05-18T16:30:00+00:00,158.87199999999993,158.88799999999992,158.82399999999993,158.87399999999994,5033
2026-05-18T17:00:00+00:00,158.87399999999994,158.89299999999994,158.83299999999994,158.87499999999994,5733
2026-05-18T17:30:00+00:00,158.87499999999994,158.88499999999993,158.83399999999992,158.85699999999994,2642
2026-05-18T18:00:00+00:00,158.85699999999994,158.97999999999993,158.85499999999993,158.94799999999992,3554
2026-05-18T18:30:00+00:00,158.94799999999992,159.02199999999993,158.92099999999994,159.01999999999992,2924
2026-05-18T19:00:00+00:00,159.01999999999992,159.02399999999994,158.75199999999992,158.85099999999994,12591
2026-05-18T19:30:00+00:00,158.85099999999994,158.87299999999993,158.77299999999994,158.83199999999994,5290
2026-05-18T20:00:00+00:00,158.83199999999994,158.83199999999994,158.74599999999992,158.75399999999993,4245
2026-05-18T20:30:00+00:00,158.75399999999993,158.81399999999994,158.68999999999994,158.72999999999993,2660
2026-05-18T21:00:00+00:00,158.72999999999993,158.72999999999993,158.63999999999996,158.66099999999994,106.64516521862757
2026-05-18T21:30:00+00:00,158.66099999999994,158.66099999999994,158.5879999999999,158.60399999999993,435.5140933419636
2026-05-18T22:00:00+00:00,158.60399999999993,158.69099999999992,158.60399999999993,158.6899999999999,1413
2026-05-18T22:30:00+00:00,158.6899999999999,158.70399999999992,158.6659999999999,158.70299999999992,527
2026-05-18T23:00:00+00:00,158.70299999999992,158.7179999999999,158.6779999999999,158.6879999999999,765
2026-05-18T23:30:00+00:00,158.6879999999999,158.74699999999993,158.67899999999992,158.74399999999991,1048
2026-05-19T00:00:00+00:00,158.74399999999991,158.81599999999992,158.72899999999993,158.80599999999993,3506
2026-05-19T00:30:00+00:00,158.80599999999993,158.8959999999999,158.8019999999999,158.88699999999992,5413
2026-05-19T01:00:00+00:00,158.88699999999992,158.90099999999993,158.83499999999992,158.84199999999993,2515
2026-05-19T01:30:00+00:00,158.84199999999993,158.85999999999993,158.76399999999992,158.8559999999999,4909
2026-05-19T02:00:00+00:00,158.8559999999999,158.88299999999992,158.82899999999992,158.85299999999992,2974
2026-05-19T02:30:00+00:00,158.85299999999992,158.8669999999999,158.8249999999999,158.84099999999992,1900
2026-05-19T03:00:00+00:00,158.84099999999992,158.8679999999999,158.81199999999993,158.82199999999992,2084
2026-05-19T03:30:00+00:00,158.82199999999992,158.8499999999999,158.8029999999999,158.8319999999999,2172
2026-05-19T04:00:00+00:00,158.8319999999999,158.83499999999992,158.7949999999999,158.82899999999992,2629
2026-05-19T04:30:00+00:00,158.82899999999992,158.88999999999993,158.81699999999992,158.87799999999993,2433
2026-05-19T05:00:00+00:00,158.87799999999993,158.88999999999993,158.83499999999992,158.87599999999992,2034
2026-05-19T05:30:00+00:00,158.87599999999992,158.91499999999994,158.87099999999992,158.89099999999993,2096
2026-05-19T06:00:00+00:00,158.89099999999993,158.93299999999994,158.88499999999993,158.91699999999992,4280
2026-05-19T06:30:00+00:00,158.91699999999992,158.99599999999992,158.88699999999992,158.95299999999992,3814
2026-05-19T07:00:00+00:00,158.95299999999992,159.02499999999992,158.95299999999992,158.98799999999994,4200
2026-05-19T07:30:00+00:00,158.98799999999994,158.98999999999992,158.88899999999992,158.92799999999994,4996
2026-05-19T08:00:00+00:00,158.92799999999994,158.97899999999993,158.88599999999994,158.95999999999992,4244
2026-05-19T08:30:00+00:00,158.95999999999992,159.03099999999992,158.93199999999993,159.02599999999993,5258
2026-05-19T09:00:00+00:00,159.02599999999993,159.05699999999993,158.98799999999994,159.00999999999993,4775
2026-05-19T09:30:00+00:00,159.00999999999993,159.03699999999992,158.94899999999993,158.98499999999993,3752
2026-05-19T10:00:00+00:00,158.98499999999993,158.99199999999993,158.94099999999992,158.96199999999993,3912
2026-05-19T10:30:00+00:00,158.96199999999993,159.06199999999993,158.96099999999993,158.97799999999992,7260
2026-05-19T11:00:00+00:00,158.97799999999992,159.02699999999993,158.95899999999992,159.00199999999992,5923
2026-05-19T11:30:00+00:00,159.00199999999992,159.02599999999993,158.9819999999999,159.01399999999992,4138
2026-05-19T12:00:00+00:00,159.01399999999992,159.0229999999999,158.97299999999993,158.99299999999994,5555
2026-05-19T12:30:00+00:00,158.99299999999994,159.01399999999992,158.53299999999993,158.9519999999999,12974
2026-05-19T13:00:00+00:00,158.9519999999999,159.0769999999999,158.9269999999999,159.0699999999999,7771
2026-05-19T13:30:00+00:00,159.0699999999999,159.0699999999999,158.79799999999992,158.9329999999999,11997
2026-05-19T14:00:00+00:00,158.9329999999999,159.13399999999993,158.9149999999999,159.0759999999999,8924
2026-05-19T14:30:00+00:00,159.0759999999999,159.0889999999999,158.8729999999999,158.9499999999999,9694
2026-05-19T15:00:00+00:00,158.9499999999999,159.0349999999999,158.84199999999993,159.0289999999999,9627
2026-05-19T15:30:00+00:00,159.0289999999999,159.0579999999999,158.97699999999992,159.00199999999992,6702
2026-05-19T16:00:00+00:00,159.00199999999992,159.05999999999992,158.6699999999999,158.7769999999999,12661
2026-05-19T16:30:00+00:00,158.7769999999999,158.7889999999999,158.6599999999999,158.7059999999999,5416
2026-05-19T17:00:00+00:00,158.7059999999999,158.73899999999992,158.6759999999999,158.7179999999999,4918
2026-05-19T17:30:00+00:00,158.7179999999999,158.76999999999992,158.6659999999999,158.74599999999992,4484
2026-05-19T18:00:00+00:00,158.74599999999992,158.88999999999993,158.73999999999992,158.88899999999992,5877
2026-05-19T18:30:00+00:00,158.88899999999992,158.9739999999999,158.85399999999993,158.9269999999999,5588
2026-05-19T19:00:00+00:00,158.9269999999999,158.96099999999993,158.89899999999992,158.93699999999993,3851
2026-05-19T19:30:00+00:00,158.93699999999993,158.94699999999992,158.87799999999993,158.93699999999993,3838
2026-05-19T20:00:00+00:00,158.93699999999993,158.9809999999999,158.9259999999999,158.9639999999999,2212
2026-05-19T20:30:00+00:00,158.9639999999999,158.98899999999992,158.9339999999999,158.95899999999992,1902
2026-05-19T21:00:00+00:00,158.95899999999992,158.95899999999992,158.8609999999999,158.93499999999992,271.3745838816054
2026-05-19T21:30:00+00:00,158.93499999999992,158.95899999999992,158.93099999999993,158.94899999999993,353.10924913271003
2026-05-19T22:00:00+00:00,158.94899999999993,158.99499999999992,158.94099999999992,158.97699999999992,820
2026-05-19T22:30:00+00:00,158.97699999999992,158.98899999999992,158.94199999999992,158.9559999999999,468
2026-05-19T23:00:00+00:00,158.9559999999999,158.9619999999999,158.90699999999993,158.92399999999992,992
2026-05-19T23:30:00+00:00,158.92399999999992,158.9449999999999,158.88299999999992,158.9339999999999,1606
2026-05-20T00:00:00+00:00,158.9339999999999,158.99099999999993,158.90599999999992,158.93699999999993,8484
2026-05-20T00:30:00+00:00,158.93699999999993,158.9509999999999,158.84099999999992,158.88699999999992,5984
2026-05-20T01:00:00+00:00,158.88699999999992,158.97199999999992,158.88699999999992,158.9639999999999,4069
2026-05-20T01:30:00+00:00,158.9639999999999,158.9809999999999,158.86299999999991,158.92499999999993,4838
2026-05-20T02:00:00+00:00,158.92499999999993,158.9339999999999,158.7259999999999,158.8499999999999,3346
2026-05-20T02:30:00+00:00,158.8499999999999,158.88899999999992,158.7849999999999,158.8129999999999,5199
2026-05-20T03:00:00+00:00,158.8129999999999,158.84199999999993,158.75899999999993,158.7839999999999,4807
2026-05-20T03:30:00+00:00,158.7839999999999,158.7949999999999,158.74499999999992,158.76199999999992,4040
2026-05-20T04:00:00+00:00,158.76199999999992,158.79899999999992,158.70899999999992,158.7839999999999,2321
2026-05-20T04:30:00+00:00,158.7839999999999,158.8909999999999,158.7839999999999,158.86999999999992,2637
2026-05-20T05:00:00+00:00,158.86999999999992,158.87699999999992,158.8149999999999,158.8439999999999,2589
2026-05-20T05:30:00+00:00,158.8439999999999,158.88299999999992,158.8069999999999,158.8619999999999,3030
2026-05-20T06:00:00+00:00,158.8619999999999,158.8909999999999,158.75899999999993,158.7789999999999,4751
2026-05-20T06:30:00+00:00,158.7789999999999,158.8919999999999,158.77099999999993,158.86899999999991,5121
2026-05-20T07:00:00+00:00,158.86899999999991,158.8859999999999,158.8189999999999,158.8549999999999,6011
2026-05-20T07:30:00+00:00,158.8549999999999,158.95499999999993,158.8439999999999,158.95499999999993,5109
2026-05-20T08:00:00+00:00,158.95499999999993,158.99099999999993,158.9199999999999,158.95499999999993,6178
2026-05-20T08:30:00+00:00,158.95499999999993,158.95999999999992,158.90599999999992,158.9329999999999,6237
2026-05-20T09:00:00+00:00,158.9329999999999,158.9619999999999,158.8789999999999,158.9499999999999,5702
2026-05-20T09:30:00+00:00,158.9499999999999,158.9679999999999,158.92899999999992,158.9569999999999,4793
2026-05-20T10:00:00+00:00,158.9569999999999,158.95999999999992,158.9209999999999,158.9329999999999,3033
2026-05-20T10:30:00+00:00,158.9329999999999,158.9379999999999,158.84699999999992,158.8859999999999,4090
2026-05-20T11:00:00+00:00,158.8859999999999,158.94199999999992,158.88299999999992,158.9029999999999,3473
2026-05-20T11:30:00+00:00,158.9029999999999,158.9319999999999,158.85799999999992,158.92399999999992,5792
2026-05-20T12:00:00+00:00,158.92399999999992,158.93099999999993,158.8859999999999,158.90699999999993,4273
2026-05-20T12:30:00+00:00,158.90699999999993,158.9159999999999,158.87499999999991,158.90499999999992,2699
2026-05-20T13:00:00+00:00,158.90499999999992,158.96499999999992,158.89399999999992,158.95999999999992,3173
2026-05-20T13:30:00+00:00,158.95999999999992,159.0039999999999,158.9139999999999,158.9919999999999,7226
2026-05-20T14:00:00+00:00,158.9919999999999,159.0579999999999,158.75199999999992,158.82899999999992,17594
2026-05-20T14:30:00+00:00,158.82899999999992,158.8379999999999,158.6779999999999,158.7599999999999,16311
2026-05-20T15:00:00+00:00,158.7599999999999,158.80999999999992,158.4759999999999,158.6939999999999,19551
2026-05-20T15:30:00+00:00,158.6939999999999,158.73899999999992,158.5399999999999,158.73399999999992,15770
2026-05-20T16:00:00+00:00,158.73399999999992,158.7949999999999,158.6409999999999,158.76999999999992,8177
2026-05-20T16:30:00+00:00,158.76999999999992,158.8029999999999,158.6759999999999,158.7249999999999,8299
2026-05-20T17:00:00+00:00,158.7249999999999,158.7959999999999,158.6999999999999,158.7429999999999,6871
2026-05-20T17:30:00+00:00,158.7429999999999,158.8249999999999,158.72899999999993,158.7909999999999,6105
2026-05-20T18:00:00+00:00,158.7909999999999,158.8489999999999,158.71599999999992,158.74099999999993,4786
2026-05-20T18:30:00+00:00,158.74099999999993,158.75799999999992,158.6839999999999,158.7309999999999,4580
2026-05-20T19:00:00+00:00,158.7309999999999,158.74399999999991,158.69199999999992,158.7069999999999,3390
2026-05-20T19:30:00+00:00,158.7069999999999,158.7849999999999,158.6659999999999,158.74699999999993,4620
2026-05-20T20:00:00+00:00,158.74699999999993,158.77999999999992,158.7369999999999,158.7719999999999,2673
2026-05-20T20:30:00+00:00,158.7719999999999,158.8209999999999,158.76899999999992,158.79299999999992,1996
2026-05-20T21:00:00+00:00,158.79299999999992,158.79299999999992,158.6889999999999,158.7139999999999,291.18460727001013
2026-05-20T21:30:00+00:00,158.7139999999999,158.73899999999995,158.7019999999999,158.72799999999995,311.1793373324856
2026-05-20T22:00:00+00:00,158.72799999999995,158.77799999999996,158.72499999999997,158.76399999999995,727
2026-05-20T22:30:00+00:00,158.76399999999995,158.76399999999995,158.73299999999995,158.75199999999995,311
2026-05-20T23:00:00+00:00,158.75199999999995,158.79799999999994,158.72399999999996,158.78699999999995,774
2026-05-20T23:30:00+00:00,158.78699999999995,158.82499999999996,158.75599999999997,158.78799999999995,1124
2026-05-21T00:00:00+00:00,158.78799999999995,158.82599999999996,158.77399999999997,158.78199999999995,5674
2026-05-21T00:30:00+00:00,158.78199999999995,158.80699999999996,158.74699999999996,158.76299999999995,5390
2026-05-21T01:00:00+00:00,158.76299999999995,158.77399999999997,158.73099999999997,158.74199999999996,2778
2026-05-21T01:30:00+00:00,158.74199999999996,158.79999999999995,158.70699999999997,158.78499999999997,6547
2026-05-21T02:00:00+00:00,158.78499999999997,158.81999999999996,158.74899999999997,158.81199999999995,3055
2026-05-21T02:30:00+00:00,158.81199999999995,158.87899999999996,158.79499999999996,158.87399999999997,3634
2026-05-21T03:00:00+00:00,158.87399999999997,158.88299999999995,158.81699999999995,158.82899999999995,1603
2026-05-21T03:30:00+00:00,158.82899999999995,158.88199999999995,158.81899999999996,158.86599999999996,1635
2026-05-21T04:00:00+00:00,158.86599999999996,158.87799999999996,158.84199999999996,158.84999999999997,1476
2026-05-21T04:30:00+00:00,158.84999999999997,158.90299999999996,158.84899999999996,158.89699999999996,1680
2026-05-21T05:00:00+00:00,158.89699999999996,158.94799999999995,158.87199999999996,158.92999999999995,1748
2026-05-21T05:30:00+00:00,158.92999999999995,158.93599999999995,158.88399999999996,158.90599999999995,2116
2026-05-21T06:00:00+00:00,158.90599999999995,158.95299999999995,158.88799999999995,158.93499999999995,2545
2026-05-21T06:30:00+00:00,158.93499999999995,158.97299999999996,158.92299999999994,158.95799999999997,2131
2026-05-21T07:00:00+00:00,158.95799999999997,158.98499999999996,158.93599999999995,158.95499999999996,6544
2026-05-21T07:30:00+00:00,158.95499999999996,158.96799999999996,158.89699999999996,158.92599999999996,7005
2026-05-21T08:00:00+00:00,158.92599999999996,158.92999999999995,158.79899999999995,158.85099999999997,9974
2026-05-21T08:30:00+00:00,158.85099999999997,158.91099999999994,158.81799999999996,158.87899999999996,5303
2026-05-21T09:00:00+00:00,158.87899999999996,158.88799999999995,158.81599999999995,158.82699999999997,3270
2026-05-21T09:30:00+00:00,158.82699999999997,158.87699999999995,158.80699999999996,158.87299999999996,2784
2026-05-21T10:00:00+00:00,158.87299999999996,158.96599999999995,158.85899999999995,158.94799999999995,5583
2026-05-21T10:30:00+00:00,158.94799999999995,159.03599999999994,158.94799999999995,159.02199999999996,6941
2026-05-21T11:00:00+00:00,159.02199999999996,159.02599999999995,158.93999999999997,158.95999999999995,4316
2026-05-21T11:30:00+00:00,158.95999999999995,159.06499999999997,158.95199999999997,159.05499999999995,2692
2026-05-21T12:00:00+00:00,159.05499999999995,159.08499999999995,159.01799999999997,159.07399999999996,4006
2026-05-21T12:30:00+00:00,159.07399999999996,159.08599999999996,158.98699999999997,159.05999999999995,8453
2026-05-21T13:00:00+00:00,159.05999999999995,159.17299999999994,159.03399999999996,159.10599999999997,6686
2026-05-21T13:30:00+00:00,159.10599999999997,159.24099999999996,159.01599999999996,159.09399999999997,9509
2026-05-21T14:00:00+00:00,159.09399999999997,159.17599999999996,159.07799999999995,159.10499999999996,9491
2026-05-21T14:30:00+00:00,159.10499999999996,159.11199999999997,159.01599999999996,159.06299999999996,8622
2026-05-21T15:00:00+00:00,159.06299999999996,159.15399999999997,159.04399999999995,159.08799999999997,9540
2026-05-21T15:30:00+00:00,159.08799999999997,159.12899999999996,159.06199999999995,159.06699999999995,9525
2026-05-21T16:00:00+00:00,159.06699999999995,159.09599999999995,159.01799999999997,159.05099999999996,7050
2026-05-21T16:30:00+00:00,159.05099999999996,159.07599999999996,159.02799999999996,159.04199999999994,3046
2026-05-21T17:00:00+00:00,159.04199999999994,159.07299999999995,158.80899999999997,158.85299999999995,16718
2026-05-21T17:30:00+00:00,158.85299999999995,158.90299999999996,158.71799999999996,158.78499999999997,8446
2026-05-21T18:00:00+00:00,158.78499999999997,158.90199999999996,158.73499999999996,158.81199999999995,9470
2026-05-21T18:30:00+00:00,158.81199999999995,159.00099999999995,158.77699999999996,158.97499999999997,10311
2026-05-21T19:00:00+00:00,158.97499999999997,158.99199999999996,158.85999999999996,158.87499999999997,5190
2026-05-21T19:30:00+00:00,158.87499999999997,158.89899999999997,158.77599999999995,158.81999999999996,9115
2026-05-21T20:00:00+00:00,158.81999999999996,158.88099999999997,158.78299999999996,158.87299999999996,2027
2026-05-21T20:30:00+00:00,158.87299999999996,158.90399999999997,158.82399999999996,158.82399999999996,2512
2026-05-21T21:00:00+00:00,158.82399999999996,158.83199999999997,158.76899999999995,158.83199999999997,423
2026-05-21T21:30:00+00:00,158.83199999999997,158.86499999999995,158.81199999999995,158.84099999999995,371.43357140852584
2026-05-21T22:00:00+00:00,158.84099999999995,158.91799999999995,158.83899999999997,158.91599999999997,525
2026-05-21T22:30:00+00:00,158.91599999999997,158.91599999999997,158.87799999999996,158.90499999999997,545
2026-05-21T23:00:00+00:00,158.90499999999997,158.92899999999997,158.88799999999998,158.89299999999997,894
2026-05-21T23:30:00+00:00,158.89299999999997,158.94099999999997,158.88699999999997,158.92599999999996,1039
2026-05-22T00:00:00+00:00,158.92599999999996,158.98599999999996,158.92599999999996,158.97599999999997,3936
2026-05-22T00:30:00+00:00,158.97599999999997,159.02399999999997,158.92199999999997,158.98999999999995,3398
2026-05-22T01:00:00+00:00,158.98999999999995,159.02199999999996,158.98199999999997,158.98699999999997,2149
2026-05-22T01:30:00+00:00,158.98699999999997,159.00099999999998,158.95499999999996,158.99999999999997,2000
2026-05-22T02:00:00+00:00,158.99999999999997,159.00399999999996,158.96199999999996,158.97499999999997,3103
2026-05-22T02:30:00+00:00,158.97499999999997,158.97599999999997,158.89999999999998,158.92999999999995,2276
2026-05-22T03:00:00+00:00,158.92999999999995,158.95199999999997,158.90399999999997,158.94199999999995,2632
2026-05-22T03:30:00+00:00,158.94199999999995,158.95299999999997,158.92799999999997,158.93799999999996,1694
2026-05-22T04:00:00+00:00,158.93799999999996,158.94299999999996,158.91199999999995,158.94199999999995,1964
2026-05-22T04:30:00+00:00,158.94199999999995,158.97299999999996,158.93899999999996,158.96899999999997,3025
2026-05-22T05:00:00+00:00,158.96899999999997,158.99199999999996,158.95599999999996,158.98899999999998,1698
2026-05-22T05:30:00+00:00,158.98899999999998,159.03699999999995,158.97599999999997,159.03099999999998,2074
2026-05-22T06:00:00+00:00,159.03099999999998,159.04199999999997,158.96199999999996,158.97399999999996,3397
2026-05-22T06:30:00+00:00,158.97399999999996,159.02799999999996,158.96999999999997,159.00299999999996,2913
2026-05-22T07:00:00+00:00,159.00299999999996,159.04399999999995,159.00299999999996,159.02099999999996,3088
2026-05-22T07:30:00+00:00,159.02099999999996,159.04399999999995,159.01299999999998,159.02999999999997,3267
2026-05-22T08:00:00+00:00,159.02999999999997,159.03599999999997,158.95599999999996,158.98799999999997,5146
2026-05-22T08:30:00+00:00,158.98799999999997,159.03199999999995,158.95799999999997,158.98799999999997,4298
2026-05-22T09:00:00+00:00,158.98799999999997,159.04599999999996,158.98099999999997,159.03699999999995,2879
2026-05-22T09:30:00+00:00,159.03699999999995,159.03799999999995,158.98399999999995,159.00299999999996,3602
2026-05-22T10:00:00+00:00,159.00299999999996,159.01199999999997,158.97699999999998,159.01199999999997,2793
2026-05-22T10:30:00+00:00,159.01199999999997,159.03399999999996,159.00399999999996,159.02299999999997,2791
2026-05-22T11:00:00+00:00,159.02299999999997,159.04599999999994,159.02099999999996,159.03399999999993,1591.8535483579526
2026-05-22T11:30:00+00:00,159.03399999999993,159.04499999999993,159.01099999999994,159.04099999999994,3498
2026-05-22T12:00:00+00:00,159.04099999999994,159.04999999999995,158.95899999999995,159.01799999999994,9342
2026-05-22T12:30:00+00:00,159.01799999999994,159.02599999999995,158.97499999999994,158.97799999999995,4657
2026-05-22T13:00:00+00:00,158.97799999999995,159.00199999999995,158.89199999999994,158.96399999999994,8180
2026-05-22T13:30:00+00:00,158.96399999999994,159.04099999999994,158.92999999999995,158.98599999999993,7289
2026-05-22T14:00:00+00:00,158.98599999999993,159.07799999999995,158.94899999999996,159.05599999999995,5527
2026-05-22T14:30:00+00:00,159.05599999999995,159.06299999999993,158.99199999999993,159.00399999999993,6545
2026-05-22T15:00:00+00:00,159.00399999999993,159.04099999999994,158.98699999999994,159.02799999999993,4635
2026-05-22T15:30:00+00:00,159.02799999999993,159.13499999999993,159.01499999999996,159.09799999999996,4475
2026-05-22T16:00:00+00:00,159.09799999999996,159.13299999999995,159.06299999999993,159.06999999999994,3014
2026-05-22T16:30:00+00:00,159.06999999999994,159.11099999999993,159.05399999999995,159.07699999999994,2323
2026-05-22T17:00:00+00:00,159.07699999999994,159.08399999999995,158.98999999999995,158.99599999999995,4886
2026-05-22T17:30:00+00:00,158.99599999999995,159.04599999999994,158.96299999999994,159.03099999999995,7237
2026-05-22T18:00:00+00:00,159.03099999999995,159.07099999999994,159.01299999999995,159.05399999999995,5241
2026-05-22T18:30:00+00:00,159.05399999999995,159.06499999999994,159.00399999999993,159.03399999999993,5430
2026-05-22T19:00:00+00:00,159.03399999999993,159.05299999999994,159.00399999999993,159.04199999999994,2655
2026-05-22T19:30:00+00:00,159.04199999999994,159.07299999999995,159.03999999999994,159.06999999999994,1641
2026-05-22T20:00:00+00:00,159.06999999999994,159.07999999999996,159.04199999999994,159.06699999999995,1255
2026-05-22T20:30:00+00:00,159.06699999999995,159.09799999999996,159.05299999999994,159.07099999999994,1148.060837700461
2026-05-24T21:00:00+00:00,159.07099999999994,159.15199999999996,159.07099999999994,159.1089999999999,276.84060860435585
2026-05-24T21:30:00+00:00,159.1089999999999,159.2419999999999,159.1089999999999,159.1829999999999,551.284750175275
2026-05-24T22:00:00+00:00,159.1829999999999,159.31699999999992,159.1719999999999,159.2129999999999,3336
2026-05-24T22:30:00+00:00,159.2129999999999,159.2309999999999,159.17499999999993,159.2299999999999,1870
2026-05-24T23:00:00+00:00,159.2299999999999,159.2349999999999,159.19099999999992,159.22699999999992,1440
2026-05-24T23:30:00+00:00,159.22699999999992,159.3089999999999,159.22299999999993,159.3019999999999,1160
2026-05-25T00:00:00+00:00,159.3019999999999,159.30999999999992,159.23399999999992,159.2419999999999,2231
2026-05-25T00:30:00+00:00,159.2419999999999,159.28199999999993,159.1779999999999,159.24599999999992,3017
2026-05-25T01:00:00+00:00,159.24599999999992,159.2489999999999,159.10399999999993,159.1119999999999,3242
2026-05-25T01:30:00+00:00,159.1119999999999,159.22899999999993,159.10799999999992,159.2239999999999,2146
2026-05-25T02:00:00+00:00,159.2239999999999,159.2259999999999,159.1839999999999,159.1959999999999,1743
2026-05-25T02:30:00+00:00,159.1959999999999,159.20999999999992,159.1839999999999,159.1999999999999,1404
2026-05-25T03:00:00+00:00,159.1999999999999,159.2309999999999,159.1819999999999,159.21699999999993,1402
2026-05-25T03:30:00+00:00,159.21699999999993,159.23899999999992,159.19699999999992,159.2319999999999,1366
2026-05-25T04:00:00+00:00,159.2319999999999,159.26199999999992,159.2189999999999,159.2599999999999,1128
2026-05-25T04:30:00+00:00,159.2599999999999,159.2599999999999,159.1939999999999,159.2069999999999,1411
2026-05-25T05:00:00+00:00,159.2069999999999,159.22299999999993,159.19199999999992,159.2139999999999,1610
2026-05-25T05:30:00+00:00,159.2139999999999,159.2849999999999,159.2059999999999,159.27399999999992,1789
2026-05-25T06:00:00+00:00,159.27399999999992,159.28599999999992,159.24599999999992,159.26299999999992,2572
2026-05-25T06:30:00+00:00,159.26299999999992,159.27499999999992,159.23899999999992,159.25199999999992,2137
2026-05-25T07:00:00+00:00,159.25199999999992,159.38799999999992,159.2469999999999,159.37099999999992,3097
2026-05-25T07:30:00+00:00,159.37099999999992,159.3729999999999,159.3089999999999,159.3209999999999,2907
2026-05-25T08:00:00+00:00,159.3209999999999,159.3379999999999,159.26899999999992,159.2849999999999,2242
2026-05-25T08:30:00+00:00,159.2849999999999,159.29899999999992,159.24599999999992,159.26299999999992,2540
2026-05-25T09:00:00+00:00,159.26299999999992,159.2899999999999,159.2419999999999,159.2779999999999,2128
2026-05-25T09:30:00+00:00,159.2779999999999,159.28599999999992,159.2599999999999,159.2729999999999,1372
2026-05-25T10:00:00+00:00,159.2729999999999,159.2889999999999,159.2649999999999,159.28199999999993,1181
2026-05-25T10:30:00+00:00,159.28199999999993,159.29799999999992,159.2719999999999,159.29199999999992,1267
2026-05-25T11:00:00+00:00,159.29199999999992,159.3069999999999,159.2779999999999,159.28199999999993,1469
2026-05-25T11:30:00+00:00,159.28199999999993,159.28799999999993,159.2369999999999,159.2829999999999,2232
2026-05-25T12:00:00+00:00,159.2829999999999,159.2909999999999,159.23899999999992,159.26199999999992,3096
2026-05-25T12:30:00+00:00,159.26199999999992,159.2709999999999,159.2259999999999,159.24999999999991,3360
2026-05-25T13:00:00+00:00,159.24999999999991,159.26399999999992,159.2319999999999,159.25799999999992,2501
2026-05-25T13:30:00+00:00,159.25799999999992,159.2709999999999,159.24399999999991,159.2659999999999,2521
2026-05-25T14:00:00+00:00,159.2659999999999,159.2709999999999,159.24599999999992,159.25599999999991,2110
2026-05-25T14:30:00+00:00,159.25599999999991,159.2719999999999,159.2349999999999,159.2649999999999,2284.1015937561488
2026-05-25T15:00:00+00:00,159.2649999999999,159.29799999999992,159.2319999999999,159.2529999999999,3713
2026-05-25T15:30:00+00:00,159.2529999999999,159.2579999999999,159.2289999999999,159.24499999999992,1453
2026-05-25T16:00:00+00:00,159.24499999999992,159.26799999999992,159.2399999999999,159.2639999999999,1640
2026-05-25T16:30:00+00:00,159.2639999999999,159.2699999999999,159.2359999999999,159.24399999999991,1799
2026-05-25T17:00:00+00:00,159.24399999999991,159.2529999999999,159.23299999999992,159.24499999999992,1202
2026-05-25T17:30:00+00:00,159.24499999999992,159.24999999999991,159.2339999999999,159.2429999999999,666
2026-05-25T18:00:00+00:00,159.2429999999999,159.2469999999999,159.2329999999999,159.2449999999999,605.7550586505488
2026-05-25T18:30:00+00:00,159.2449999999999,159.24999999999991,159.24099999999993,159.24499999999992,345.3294167016366
2026-05-25T19:00:00+00:00,159.24499999999992,159.2479999999999,159.23399999999992,159.24399999999991,490
2026-05-25T19:30:00+00:00,159.24399999999991,159.26299999999992,159.23899999999992,159.25699999999992,474
2026-05-25T20:00:00+00:00,159.25699999999992,159.26999999999992,159.2489999999999,159.26499999999993,870.0743193524651
2026-05-25T20:30:00+00:00,159.26499999999993,159.28199999999993,159.2199999999999,159.2199999999999,1462
2026-05-25T21:00:00+00:00,159.2199999999999,159.305,159.19399999999996,159.24,113.21958789118467
2026-05-25T21:30:00+00:00,159.24,159.255,159.185,159.24699999999999,2096
2026-05-25T22:00:00+00:00,159.24699999999999,159.338,159.24699999999999,159.298,849
2026-05-25T22:30:00+00:00,159.298,159.31799999999998,159.29399999999998,159.301,363
2026-05-25T23:00:00+00:00,159.301,159.329,159.286,159.31199999999998,751
2026-05-25T23:30:00+00:00,159.31199999999998,159.341,159.309,159.331,1241.1335504885992
2026-05-26T00:00:00+00:00,159.331,159.37,159.31,159.352,3998
2026-05-26T00:30:00+00:00,159.352,159.369,159.321,159.346,3427
2026-05-26T01:00:00+00:00,159.346,159.379,159.32,159.329,3758
2026-05-26T01:30:00+00:00,159.329,159.355,159.325,159.34199999999998,2994
2026-05-26T02:00:00+00:00,159.34199999999998,159.34799999999998,159.313,159.32399999999998,1926
2026-05-26T02:30:00+00:00,159.32399999999998,159.361,159.31199999999998,159.32,3429
2026-05-26T03:00:00+00:00,159.32,159.321,159.287,159.30599999999998,1196
2026-05-26T03:30:00+00:00,159.30599999999998,159.31799999999998,159.292,159.317,1825
2026-05-26T04:00:00+00:00,159.317,159.329,159.309,159.313,1038
2026-05-26T04:30:00+00:00,159.313,159.393,159.311,159.377,2709
2026-05-26T05:00:00+00:00,159.377,159.38899999999998,159.34799999999998,159.382,2612
2026-05-26T05:30:00+00:00,159.382,159.409,159.368,159.40099999999998,2743
2026-05-26T06:00:00+00:00,159.40099999999998,159.44299999999998,159.392,159.442,4146
2026-05-26T06:30:00+00:00,159.442,159.49699999999999,159.429,159.474,4241
2026-05-26T07:00:00+00:00,159.474,159.56799999999998,159.474,159.547,3582
2026-05-26T07:30:00+00:00,159.547,159.578,159.524,159.572,3106
2026-05-26T08:00:00+00:00,159.572,159.615,159.57,159.6,2598
2026-05-26T08:30:00+00:00,159.6,159.611,159.57,159.587,2198
2026-05-26T09:00:00+00:00,159.587,159.599,159.53799999999998,159.558,3026
2026-05-26T09:30:00+00:00,159.558,159.573,159.534,159.536,2664
2026-05-26T10:00:00+00:00,159.536,159.55599999999998,159.51,159.511,2166
2026-05-26T10:30:00+00:00,159.511,159.529,159.483,159.522,4275
2026-05-26T11:00:00+00:00,159.522,159.535,159.511,159.525,2346
2026-05-26T11:30:00+00:00,159.525,159.591,159.525,159.567,4097
2026-05-26T12:00:00+00:00,159.567,159.602,159.56,159.59,3231
2026-05-26T12:30:00+00:00,159.59,159.605,159.564,159.605,4194
2026-05-26T13:00:00+00:00,159.605,159.637,159.602,159.636,2646
2026-05-26T13:30:00+00:00,159.636,159.676,159.621,159.652,3692
2026-05-26T14:00:00+00:00,159.652,159.67,159.626,159.638,4517
2026-05-26T14:30:00+00:00,159.638,159.702,159.603,159.697,4423
2026-05-26T15:00:00+00:00,159.697,159.727,159.677,159.718,3511
2026-05-26T15:30:00+00:00,159.718,159.757,159.702,159.738,3280
2026-05-26T16:00:00+00:00,159.738,159.74,159.659,159.691,1828
2026-05-26T16:30:00+00:00,159.691,159.716,159.659,159.685,2023
2026-05-26T17:00:00+00:00,159.685,159.696,159.662,159.695,1831
2026-05-26T17:30:00+00:00,159.695,159.756,159.688,159.738,2030
2026-05-26T18:00:00+00:00,159.738,159.751,159.692,159.707,2029
2026-05-26T18:30:00+00:00,159.707,159.721,159.678,159.71,2195
2026-05-26T19:00:00+00:00,159.71,159.72299999999998,159.692,159.707,1400
2026-05-26T19:30:00+00:00,159.707,159.708,159.676,159.695,1567
2026-05-26T20:00:00+00:00,159.695,159.698,159.674,159.683,933
2026-05-26T20:30:00+00:00,159.683,159.71099999999998,159.66299999999998,159.667,1583
2026-05-26T21:00:00+00:00,159.667,159.688,159.608,159.68499999999997,230.87125544942324
2026-05-26T21:30:00+00:00,159.68499999999997,159.68899999999996,159.64599999999996,159.64999999999998,265.50063532401526
2026-05-26T22:00:00+00:00,159.64999999999998,159.71699999999996,159.64999999999998,159.70299999999997,1414
2026-05-26T22:30:00+00:00,159.70299999999997,159.71399999999997,159.66999999999996,159.66999999999996,297.8582311168496
2026-05-26T23:00:00+00:00,159.66999999999996,159.68799999999996,159.64899999999997,159.66299999999998,801
2026-05-26T23:30:00+00:00,159.66299999999998,159.66599999999997,159.61499999999998,159.66299999999998,871.4353800660984
2026-05-27T00:00:00+00:00,159.66299999999998,159.66699999999997,159.58799999999997,159.61099999999996,3884
2026-05-27T00:30:00+00:00,159.61099999999996,159.72299999999996,159.60599999999997,159.69199999999998,4487
2026-05-27T01:00:00+00:00,159.69199999999998,159.70799999999997,159.62699999999998,159.65399999999997,2497
2026-05-27T01:30:00+00:00,159.65399999999997,159.71799999999996,159.65099999999998,159.71199999999996,2987
2026-05-27T02:00:00+00:00,159.71199999999996,159.71599999999998,159.66099999999997,159.70299999999997,5129
2026-05-27T02:30:00+00:00,159.70299999999997,159.70399999999998,159.63499999999996,159.63799999999998,2744
2026-05-27T03:00:00+00:00,159.63799999999998,159.63799999999998,159.59899999999996,159.61199999999997,2797
2026-05-27T03:30:00+00:00,159.61199999999997,159.64099999999996,159.60099999999997,159.61599999999996,1612
2026-05-27T04:00:00+00:00,159.61599999999996,159.63299999999998,159.60899999999998,159.63299999999998,1603
2026-05-27T04:30:00+00:00,159.63299999999998,159.65899999999996,159.62599999999998,159.65499999999997,1719
2026-05-27T05:00:00+00:00,159.65499999999997,159.68999999999997,159.64199999999997,159.67899999999997,2075
2026-05-27T05:30:00+00:00,159.67899999999997,159.76199999999997,159.67699999999996,159.75999999999996,1947
2026-05-27T06:00:00+00:00,159.75999999999996,159.78899999999996,159.74499999999998,159.75999999999996,2319
2026-05-27T06:30:00+00:00,159.75999999999996,159.77499999999998,159.70799999999997,159.76599999999996,2123
2026-05-27T07:00:00+00:00,159.76599999999996,159.77699999999996,159.73699999999997,159.75999999999996,2252
2026-05-27T07:30:00+00:00,159.75999999999996,159.77599999999998,159.71499999999997,159.76799999999997,2310
2026-05-27T08:00:00+00:00,159.76799999999997,159.85699999999997,159.72999999999996,159.84799999999996,3429
2026-05-27T08:30:00+00:00,159.84799999999996,159.85399999999996,159.78399999999996,159.80599999999995,3253
2026-05-27T09:00:00+00:00,159.80599999999995,159.81099999999998,159.72999999999996,159.74699999999996,2330
2026-05-27T09:30:00+00:00,159.74699999999996,159.77099999999996,159.72899999999996,159.76799999999997,1767
2026-05-27T10:00:00+00:00,159.76799999999997,159.80399999999997,159.75799999999998,159.78999999999996,2312
2026-05-27T10:30:00+00:00,159.78999999999996,159.80499999999998,159.77599999999998,159.795,1699.6448402304873
2026-05-27T11:00:00+00:00,159.795,159.83299999999997,159.78599999999997,159.83199999999997,2377
2026-05-27T11:30:00+00:00,159.83199999999997,159.86299999999997,159.82299999999998,159.84599999999998,2116
2026-05-27T12:00:00+00:00,159.84599999999998,159.86199999999997,159.658,159.74199999999996,11600
2026-05-27T12:30:00+00:00,159.74199999999996,159.83699999999996,159.69999999999996,159.83099999999996,8406
2026-05-27T13:00:00+00:00,159.83099999999996,159.84299999999996,159.80099999999996,159.83199999999997,5025
2026-05-27T13:30:00+00:00,159.83199999999997,159.84999999999997,159.79399999999998,159.79699999999997,8702
2026-05-27T14:00:00+00:00,159.79699999999997,159.82699999999997,159.78199999999998,159.80999999999997,4901
2026-05-27T14:30:00+00:00,159.80999999999997,159.92599999999996,159.795,159.92199999999997,8348
2026-05-27T15:00:00+00:00,159.92199999999997,159.94999999999996,159.86399999999998,159.88499999999996,3915
2026-05-27T15:30:00+00:00,159.88499999999996,159.91899999999998,159.84799999999998,159.88699999999997,4400
2026-05-27T16:00:00+00:00,159.88699999999997,159.93799999999996,159.87899999999996,159.91799999999998,2581
2026-05-27T16:30:00+00:00,159.91799999999998,159.93299999999996,159.89799999999997,159.90999999999997,2883
2026-05-27T17:00:00+00:00,159.90999999999997,159.99199999999996,159.90899999999996,159.98299999999998,2142
2026-05-27T17:30:00+00:00,159.98299999999998,159.98699999999997,159.92599999999996,159.93699999999998,2147
2026-05-27T18:00:00+00:00,159.93699999999998,159.97099999999998,159.92799999999997,159.94599999999997,2714
2026-05-27T18:30:00+00:00,159.94599999999997,159.95899999999997,159.90499999999997,159.91899999999998,2410
2026-05-27T19:00:00+00:00,159.91899999999998,159.94499999999996,159.91499999999996,159.93499999999997,2353
2026-05-27T19:30:00+00:00,159.93499999999997,159.96299999999997,159.91899999999998,159.95199999999997,2362
2026-05-27T20:00:00+00:00,159.95199999999997,159.95499999999998,159.91699999999997,159.93699999999998,1319
2026-05-27T20:30:00+00:00,159.93699999999998,159.95099999999996,159.91099999999997,159.91099999999997,1628
2026-05-27T21:00:00+00:00,159.91099999999997,159.91099999999997,159.84099999999998,159.86399999999998,338
2026-05-27T21:30:00+00:00,159.86399999999998,159.87699999999998,159.83199999999997,159.87699999999998,403.86627956621976
2026-05-27T22:00:00+00:00,159.87699999999998,159.91799999999998,159.87499999999997,159.90399999999997,694
2026-05-27T22:30:00+00:00,159.90399999999997,159.92699999999996,159.89399999999998,159.91499999999996,453.76309427880744
2026-05-27T23:00:00+00:00,159.91499999999996,159.95999999999998,159.90699999999998,159.95399999999998,979
2026-05-27T23:30:00+00:00,159.95399999999998,159.98799999999997,159.93599999999998,159.97899999999996,1544
2026-05-28T00:00:00+00:00,159.97899999999996,159.99299999999997,159.95199999999997,159.95899999999997,3617
2026-05-28T00:30:00+00:00,159.95899999999997,160.01299999999998,159.95899999999997,159.96799999999996,3652
2026-05-28T01:00:00+00:00,159.96799999999996,159.99199999999996,159.94899999999996,159.96499999999997,2510
2026-05-28T01:30:00+00:00,159.96499999999997,160.00499999999997,159.95099999999996,160.00099999999998,1826
2026-05-28T02:00:00+00:00,160.00099999999998,160.01699999999997,159.93999999999997,159.94999999999996,2601
2026-05-28T02:30:00+00:00,159.94999999999996,159.99499999999998,159.93299999999996,159.97099999999998,2420
2026-05-28T03:00:00+00:00,159.97099999999998,159.99999999999997,159.95099999999996,159.99799999999996,3562
2026-05-28T03:30:00+00:00,159.99799999999996,160.06399999999996,159.99599999999998,160.02999999999997,3739
2026-05-28T04:00:00+00:00,160.02999999999997,160.03299999999996,159.93799999999996,159.97699999999998,3087
2026-05-28T04:30:00+00:00,159.97699999999998,160.00699999999998,159.94999999999996,159.98799999999997,1949
2026-05-28T05:00:00+00:00,159.98799999999997,159.99399999999997,159.96099999999996,159.97899999999996,2712
2026-05-28T05:30:00+00:00,159.97899999999996,159.97999999999996,159.94199999999998,159.96899999999997,2308
2026-05-28T06:00:00+00:00,159.96899999999997,159.98299999999998,159.91899999999998,159.93499999999997,4385
2026-05-28T06:30:00+00:00,159.93499999999997,159.94499999999996,159.88399999999996,159.90099999999998,2820
2026-05-28T07:00:00+00:00,159.90099999999998,159.92199999999997,159.85399999999996,159.91899999999998,4353
2026-05-28T07:30:00+00:00,159.91899999999998,159.93499999999997,159.88199999999998,159.88999999999996,3827
2026-05-28T08:00:00+00:00,159.88999999999996,159.93699999999995,159.86199999999997,159.91499999999996,5076
2026-05-28T08:30:00+00:00,159.91499999999996,159.92699999999996,159.86499999999998,159.86999999999998,2990
2026-05-28T09:00:00+00:00,159.86999999999998,159.88299999999998,159.79399999999998,159.80599999999995,3380
2026-05-28T09:30:00+00:00,159.80599999999995,159.83799999999997,159.80099999999996,159.82699999999997,3497
2026-05-28T10:00:00+00:00,159.82699999999997,159.83399999999997,159.79199999999997,159.80199999999996,3531
2026-05-28T10:30:00+00:00,159.80199999999996,159.87799999999996,159.80099999999996,159.87599999999998,5088
2026-05-28T11:00:00+00:00,159.87599999999998,159.88099999999997,159.82799999999997,159.86699999999996,4192
2026-05-28T11:30:00+00:00,159.86699999999996,159.88099999999997,159.85199999999998,159.87099999999998,3825
2026-05-28T12:00:00+00:00,159.87099999999998,159.87399999999997,159.81799999999996,159.81999999999996,5109
2026-05-28T12:30:00+00:00,159.81999999999996,159.81999999999996,159.71199999999996,159.78199999999998,5909
2026-05-28T13:00:00+00:00,159.78199999999998,159.81399999999996,159.73299999999998,159.80299999999997,4768
2026-05-28T13:30:00+00:00,159.80299999999997,159.87099999999998,159.79299999999998,159.86399999999998,5418
2026-05-28T14:00:00+00:00,159.86399999999998,159.90499999999997,159.58899999999997,159.65399999999997,14152
2026-05-28T14:30:00+00:00,159.65399999999997,159.75099999999998,159.61499999999998,159.63799999999998,14079
2026-05-28T15:00:00+00:00,159.63799999999998,159.65399999999997,159.59599999999998,159.62199999999996,6405
2026-05-28T15:30:00+00:00,159.62199999999996,159.70899999999997,159.60999999999996,159.70299999999997,5651
2026-05-28T16:00:00+00:00,159.70299999999997,159.75099999999998,159.52199999999996,159.58299999999997,7538
2026-05-28T16:30:00+00:00,159.58299999999997,159.62999999999997,159.56199999999995,159.57699999999997,7915
2026-05-28T17:00:00+00:00,159.57699999999997,159.65199999999996,159.55999999999997,159.65099999999998,3756
2026-05-28T17:30:00+00:00,159.65099999999998,159.65099999999998,159.60199999999998,159.61099999999996,3079
2026-05-28T18:00:00+00:00,159.61099999999996,159.66899999999998,159.58599999999996,159.66099999999997,6199
2026-05-28T18:30:00+00:00,159.66099999999997,159.69699999999997,159.65799999999996,159.66899999999995,3747.733475479744
2026-05-28T19:00:00+00:00,159.66899999999995,159.69799999999995,159.66199999999998,159.66299999999995,2901
2026-05-28T19:30:00+00:00,159.66299999999995,159.66699999999997,159.61899999999997,159.66099999999997,4567
2026-05-28T20:00:00+00:00,159.66099999999997,159.68299999999996,159.64799999999997,159.67299999999997,1678
2026-05-28T20:30:00+00:00,159.67299999999997,159.68599999999995,159.63199999999998,159.64099999999996,1649
2026-05-28T21:00:00+00:00,159.64099999999996,159.64099999999996,159.56899999999996,159.60099999999994,298.78086880041786
2026-05-28T21:30:00+00:00,159.60099999999994,159.64499999999995,159.59799999999996,159.63299999999992,1065.6239033107402
2026-05-28T22:00:00+00:00,159.63299999999992,159.66699999999994,159.62299999999993,159.65799999999993,907
2026-05-28T22:30:00+00:00,159.65799999999993,159.68699999999993,159.64599999999993,159.66999999999993,576
2026-05-28T23:00:00+00:00,159.66999999999993,159.67199999999994,159.63899999999992,159.64199999999994,1219.0393606393607
2026-05-28T23:30:00+00:00,159.64199999999994,159.68099999999993,159.62599999999995,159.67799999999994,1335.5951558231188
2026-05-29T00:00:00+00:00,159.67799999999994,159.71899999999994,159.65199999999993,159.67999999999995,4700
2026-05-29T00:30:00+00:00,159.67999999999995,159.72999999999993,159.66999999999993,159.69599999999994,3747
2026-05-29T01:00:00+00:00,159.69599999999994,159.72399999999993,159.65799999999993,159.68199999999993,4326
2026-05-29T01:30:00+00:00,159.68199999999993,159.73599999999993,159.67699999999994,159.72099999999995,3014
2026-05-29T02:00:00+00:00,159.72099999999995,159.72999999999993,159.70099999999994,159.70399999999995,1821
2026-05-29T02:30:00+00:00,159.70399999999995,159.72099999999995,159.67599999999993,159.72099999999995,1787
2026-05-29T03:00:00+00:00,159.72099999999995,159.76199999999994,159.71799999999993,159.74299999999994,2648
2026-05-29T03:30:00+00:00,159.74299999999994,159.77499999999995,159.72999999999993,159.76599999999993,2443
2026-05-29T04:00:00+00:00,159.76599999999993,159.78199999999995,159.74199999999993,159.74399999999994,3153
2026-05-29T04:30:00+00:00,159.74399999999994,159.76199999999994,159.70599999999993,159.70799999999994,1937
2026-05-29T05:00:00+00:00,159.70799999999994,159.73299999999995,159.69099999999995,159.70699999999994,1786
2026-05-29T05:30:00+00:00,159.70699999999994,159.73799999999994,159.69199999999995,159.71699999999993,1780
2026-05-29T06:00:00+00:00,159.71699999999993,159.73799999999994,159.69999999999993,159.71299999999994,2140
2026-05-29T06:30:00+00:00,159.71299999999994,159.71499999999995,159.60599999999994,159.61799999999994,3276
2026-05-29T07:00:00+00:00,159.61799999999994,159.68699999999993,159.60999999999993,159.68099999999993,4578
2026-05-29T07:30:00+00:00,159.68099999999993,159.72399999999993,159.66499999999994,159.66999999999993,3848
2026-05-29T08:00:00+00:00,159.66999999999993,159.68699999999993,159.61599999999993,159.68299999999994,2887
2026-05-29T08:30:00+00:00,159.68299999999994,159.72599999999994,159.66799999999995,159.70099999999994,3401
2026-05-29T09:00:00+00:00,159.70099999999994,159.70599999999993,159.64299999999994,159.65599999999995,3989
2026-05-29T09:30:00+00:00,159.65599999999995,159.70599999999993,159.64499999999995,159.70399999999995,3415
2026-05-29T10:00:00+00:00,159.70399999999995,159.72599999999994,159.67399999999995,159.68299999999994,4011
2026-05-29T10:30:00+00:00,159.68299999999994,159.69899999999993,159.66899999999993,159.69199999999995,3916
2026-05-29T11:00:00+00:00,159.69199999999995,159.70799999999994,159.67399999999995,159.68799999999993,3162
2026-05-29T11:30:00+00:00,159.68799999999993,159.70499999999993,159.65399999999994,159.65899999999993,4775
2026-05-29T12:00:00+00:00,159.65899999999993,159.68999999999994,159.65799999999993,159.68099999999993,3169
2026-05-29T12:30:00+00:00,159.68099999999993,159.71299999999994,159.65999999999994,159.66299999999995,4975
2026-05-29T13:00:00+00:00,159.66299999999995,159.69199999999995,159.64799999999994,159.67699999999994,3427
2026-05-29T13:30:00+00:00,159.67699999999994,159.71599999999995,159.66499999999994,159.70599999999993,3699
2026-05-29T14:00:00+00:00,159.70599999999993,159.76299999999995,159.67699999999994,159.75899999999993,4282
2026-05-29T14:30:00+00:00,159.75899999999993,159.76299999999995,159.56599999999995,159.59399999999994,10253
2026-05-29T15:00:00+00:00,159.59399999999994,159.61399999999995,159.50099999999995,159.58499999999995,9453
2026-05-29T15:30:00+00:00,159.58499999999995,159.65299999999993,159.54399999999993,159.63799999999995,9009
2026-05-29T16:00:00+00:00,159.63799999999995,159.65899999999993,159.60599999999994,159.64099999999993,4227
2026-05-29T16:30:00+00:00,159.64099999999993,159.65499999999994,159.58799999999994,159.60699999999994,5025
2026-05-29T17:00:00+00:00,159.60699999999994,159.66599999999994,159.58999999999995,159.64199999999994,2942
2026-05-29T17:30:00+00:00,159.64199999999994,159.69299999999993,159.63099999999994,159.68899999999994,2950
2026-05-29T18:00:00+00:00,159.68899999999994,159.70999999999995,159.66499999999994,159.67699999999994,3526
2026-05-29T18:30:00+00:00,159.67699999999994,159.70599999999993,159.62899999999993,159.66899999999993,4728
2026-05-29T19:00:00+00:00,159.66899999999993,159.68099999999993,159.62299999999993,159.66899999999993,1976
2026-05-29T19:30:00+00:00,159.66899999999993,159.67999999999995,159.64699999999993,159.66899999999993,2397
2026-05-29T20:00:00+00:00,159.66899999999993,159.69699999999995,159.65599999999995,159.67899999999995,1322
2026-05-29T20:30:00+00:00,159.67899999999995,159.68599999999995,159.62799999999993,159.63699999999992,1105.6862636532944
2026-05-31T21:00:00+00:00,159.63699999999992,159.64499999999992,159.62099999999992,159.63299999999995,90.70942198074222
2026-05-31T21:30:00+00:00,159.63299999999995,159.63899999999992,159.60499999999996,159.62099999999995,103.87922838212586
2026-05-31T22:00:00+00:00,159.62099999999995,159.70499999999996,159.60399999999996,159.68599999999995,2943
2026-05-31T22:30:00+00:00,159.68599999999995,159.71399999999997,159.65899999999996,159.67099999999996,1889.9143746408295
2026-05-31T23:00:00+00:00,159.67099999999996,159.68099999999995,159.653,159.661,1452.1190836906467
2026-05-31T23:30:00+00:00,159.661,159.668,159.57999999999998,159.648,1222
2026-06-01T00:00:00+00:00,159.648,159.725,159.648,159.70999999999998,5031
2026-06-01T00:30:00+00:00,159.70999999999998,159.756,159.708,159.743,4255
2026-06-01T01:00:00+00:00,159.743,159.784,159.737,159.778,3772
2026-06-01T01:30:00+00:00,159.778,159.783,159.75199999999998,159.772,2702
2026-06-01T02:00:00+00:00,159.772,159.784,159.753,159.759,1264
2026-06-01T02:30:00+00:00,159.759,159.766,159.736,159.749,1946
2026-06-01T03:00:00+00:00,159.749,159.772,159.724,159.753,2582
2026-06-01T03:30:00+00:00,159.753,159.767,159.727,159.76399999999998,1890
2026-06-01T04:00:00+00:00,159.76399999999998,159.768,159.749,159.755,1129
2026-06-01T04:30:00+00:00,159.755,159.762,159.742,159.745,1356
2026-06-01T05:00:00+00:00,159.745,159.751,159.72199999999998,159.732,1865
2026-06-01T05:30:00+00:00,159.732,159.766,159.731,159.744,2358
2026-06-01T06:00:00+00:00,159.744,159.781,159.715,159.775,5191
2026-06-01T06:30:00+00:00,159.775,159.785,159.7,159.712,3951
2026-06-01T07:00:00+00:00,159.712,159.754,159.69299999999998,159.738,5377
2026-06-01T07:30:00+00:00,159.738,159.772,159.731,159.753,2987
2026-06-01T08:00:00+00:00,159.753,159.76,159.724,159.733,3367
2026-06-01T08:30:00+00:00,159.733,159.75,159.727,159.737,3249
2026-06-01T09:00:00+00:00,159.737,159.769,159.72899999999998,159.756,3756
2026-06-01T09:30:00+00:00,159.756,159.769,159.742,159.743,3127
2026-06-01T10:00:00+00:00,159.743,159.765,159.73999999999998,159.75,2729
2026-06-01T10:30:00+00:00,159.75,159.753,159.727,159.739,2616
2026-06-01T11:00:00+00:00,159.739,159.763,159.732,159.74699999999999,1993
2026-06-01T11:30:00+00:00,159.74699999999999,159.78199999999998,159.74599999999998,159.777,2708
2026-06-01T12:00:00+00:00,159.777,159.78199999999998,159.74699999999999,159.754,4993
2026-06-01T12:30:00+00:00,159.754,159.781,159.72,159.772,5180
2026-06-01T13:00:00+00:00,159.772,159.983,159.772,159.97799999999998,10450
2026-06-01T13:30:00+00:00,159.97799999999998,160.025,159.947,160.019,8352
2026-06-01T14:00:00+00:00,160.019,160.04999999999998,159.944,159.99099999999999,8649
2026-06-01T14:30:00+00:00,159.99099999999999,160.034,159.95499999999998,160.007,8059
2026-06-01T15:00:00+00:00,160.007,160.022,159.917,159.94,6251
2026-06-01T15:30:00+00:00,159.94,159.968,159.864,159.946,7663
2026-06-01T16:00:00+00:00,159.946,159.99699999999999,159.90699999999998,159.969,4742
2026-06-01T16:30:00+00:00,159.969,159.974,159.856,159.88899999999998,9255
2026-06-01T17:00:00+00:00,159.88899999999998,159.969,159.878,159.88,5046
2026-06-01T17:30:00+00:00,159.88,159.934,159.85399999999998,159.92,7170
2026-06-01T18:00:00+00:00,159.92,159.934,159.904,159.933,2485
2026-06-01T18:30:00+00:00,159.933,160.053,159.921,160.046,3791
2026-06-01T19:00:00+00:00,160.046,160.046,159.94899999999998,159.96099999999998,2993
2026-06-01T19:30:00+00:00,159.96099999999998,160.005,159.935,159.98,4412
2026-06-01T20:00:00+00:00,159.98,159.993,159.94899999999998,159.965,1599
2026-06-01T20:30:00+00:00,159.965,159.968,159.941,159.944,2170
2026-06-01T21:00:00+00:00,159.944,159.944,159.855,159.884,510
2026-06-01T21:30:00+00:00,159.884,159.93699999999998,159.862,159.887,2202
2026-06-01T22:00:00+00:00,159.887,159.95399999999998,159.887,159.941,1518
2026-06-01T22:30:00+00:00,159.941,159.945,159.921,159.941,1226
2026-06-01T23:00:00+00:00,159.941,159.945,159.923,159.932,933
2026-06-01T23:30:00+00:00,159.932,159.945,159.90699999999998,159.933,1033
2026-06-02T00:00:00+00:00,159.933,159.97199999999998,159.923,159.968,2676
2026-06-02T00:30:00+00:00,159.968,160.01,159.95,159.95,4335
2026-06-02T01:00:00+00:00,159.95,159.974,159.923,159.958,4868
2026-06-02T01:30:00+00:00,159.958,160.011,159.944,159.993,4423
2026-06-02T02:00:00+00:00,159.993,159.99599999999998,159.97,159.977,3406
2026-06-02T02:30:00+00:00,159.977,160.01,159.96699999999998,160.001,1995
2026-06-02T03:00:00+00:00,160.001,160.006,159.97899999999998,159.99699999999999,1918
2026-06-02T03:30:00+00:00,159.99699999999999,160.012,159.97899999999998,160.006,1600
2026-06-02T04:00:00+00:00,160.006,160.01399999999998,159.99599999999998,160.009,2010
2026-06-02T04:30:00+00:00,160.009,160.015,159.999,160.01399999999998,1652
2026-06-02T05:00:00+00:00,160.01399999999998,160.016,159.999,160.013,1969
2026-06-02T05:30:00+00:00,160.013,160.028,160.01,160.02599999999998,1257
2026-06-02T06:00:00+00:00,160.02599999999998,160.029,159.975,159.989,4763
2026-06-02T06:30:00+00:00,159.989,160.03199999999998,159.977,159.989,4707
2026-06-02T07:00:00+00:00,159.989,160.009,159.982,160.001,2979
2026-06-02T07:30:00+00:00,160.001,160.015,159.97799999999998,159.98,3650
2026-06-02T08:00:00+00:00,159.98,160.015,159.94199999999998,160.013,5423
2026-06-02T08:30:00+00:00,160.013,160.03199999999998,159.992,160.029,2940
2026-06-02T09:00:00+00:00,160.029,160.036,159.98999999999998,159.99099999999999,2186
2026-06-02T09:30:00+00:00,159.99099999999999,160.035,159.982,160.027,2249
2026-06-02T10:00:00+00:00,160.027,160.04,160.005,160.015,2279
2026-06-02T10:30:00+00:00,160.015,160.019,159.993,160.015,1625
2026-06-02T11:00:00+00:00,160.015,160.022,159.998,160.01999999999998,2544
2026-06-02T11:30:00+00:00,160.01999999999998,160.035,160.01399999999998,160.028,2424
2026-06-02T12:00:00+00:00,160.028,160.06,160.021,160.04,3185
2026-06-02T12:30:00+00:00,160.04,160.071,160.037,160.06799999999998,2785
2026-06-02T13:00:00+00:00,160.06799999999998,160.08599999999998,160.054,160.084,3806
2026-06-02T13:30:00+00:00,160.084,160.12099999999998,160.072,160.09099999999998,2740
2026-06-02T14:00:00+00:00,160.09099999999998,160.161,160.09099999999998,160.154,4046
2026-06-02T14:30:00+00:00,160.154,160.159,160.094,160.147,2474
2026-06-02T15:00:00+00:00,160.147,160.18099999999998,160.143,160.17999999999998,2806
2026-06-02T15:30:00+00:00,160.17999999999998,160.188,160.153,160.161,2131
2026-06-02T16:00:00+00:00,160.161,160.212,160.149,160.212,2404
2026-06-02T16:30:00+00:00,160.212,160.232,160.189,160.191,1899
2026-06-02T17:00:00+00:00,160.191,160.23399999999998,160.17499999999998,160.22299999999998,3103
2026-06-02T17:30:00+00:00,160.22299999999998,160.254,160.213,160.249,2333
2026-06-02T18:00:00+00:00,160.249,160.274,160.23399999999998,160.25,2197
2026-06-02T18:30:00+00:00,160.25,160.254,160.189,160.19,2142
2026-06-02T19:00:00+00:00,160.19,160.215,160.17399999999998,160.20499999999998,1571
2026-06-02T19:30:00+00:00,160.20499999999998,160.23999999999998,160.191,160.213,1908
2026-06-02T20:00:00+00:00,160.213,160.225,160.20499999999998,160.218,861.7647247827786
2026-06-02T20:30:00+00:00,160.218,160.236,160.19,160.194,1520
2026-06-02T21:00:00+00:00,160.194,160.194,160.11599999999999,160.162,863
2026-06-02T21:30:00+00:00,160.162,160.19199999999998,160.125,160.19,750.151596028611
2026-06-02T22:00:00+00:00,160.19,160.231,160.165,160.206,1028
2026-06-02T22:30:00+00:00,160.206,160.245,160.20499999999998,160.242,713
2026-06-02T23:00:00+00:00,160.242,160.277,160.236,160.267,1485
2026-06-02T23:30:00+00:00,160.267,160.284,160.257,160.269,1721
2026-06-03T00:00:00+00:00,160.269,160.271,160.194,160.19799999999998,3276
2026-06-03T00:30:00+00:00,160.19799999999998,160.24699999999999,160.179,160.226,3901
2026-06-03T01:00:00+00:00,160.226,160.231,160.158,160.166,2846
2026-06-03T01:30:00+00:00,160.166,160.196,160.1,160.14499999999998,3529
2026-06-03T02:00:00+00:00,160.14499999999998,160.148,160.12,160.146,1979
2026-06-03T02:30:00+00:00,160.146,160.166,160.131,160.159,2536
2026-06-03T03:00:00+00:00,160.159,160.188,160.154,160.183,1791
2026-06-03T03:30:00+00:00,160.183,160.188,160.166,160.173,1720
2026-06-03T04:00:00+00:00,160.173,160.183,160.152,160.177,2107
2026-06-03T04:30:00+00:00,160.177,160.185,160.16,160.17499999999998,1560
2026-06-03T05:00:00+00:00,160.17499999999998,160.194,160.156,160.19299999999998,2185
2026-06-03T05:30:00+00:00,160.19299999999998,160.218,160.176,160.212,3357
2026-06-03T06:00:00+00:00,160.212,160.24599999999998,160.191,160.225,4313
2026-06-03T06:30:00+00:00,160.225,160.272,160.213,160.265,3936
2026-06-03T07:00:00+00:00,160.265,160.28199999999998,160.19199999999998,160.24599999999998,5345
2026-06-03T07:30:00+00:00,160.24599999999998,160.256,159.828,159.987,12069
2026-06-03T08:00:00+00:00,159.987,160.036,159.92399999999998,159.974,7323
2026-06-03T08:30:00+00:00,159.974,160.10299999999998,159.652,160.042,11747
2026-06-03T09:00:00+00:00,160.042,160.154,160.041,160.153,3154
2026-06-03T09:30:00+00:00,160.153,160.17,160.075,160.077,2336
2026-06-03T10:00:00+00:00,160.077,160.123,159.95,160.111,6137
2026-06-03T10:30:00+00:00,160.111,160.141,160.07399999999998,160.07899999999998,3329
2026-06-03T11:00:00+00:00,160.07899999999998,160.094,160.066,160.083,2273
2026-06-03T11:30:00+00:00,160.083,160.125,160.075,160.123,2722
2026-06-03T12:00:00+00:00,160.123,160.154,160.09099999999998,160.148,5099
2026-06-03T12:30:00+00:00,160.148,160.219,160.14499999999998,160.20399999999998,6414
2026-06-03T13:00:00+00:00,160.20399999999998,160.243,160.176,160.227,4934
2026-06-03T13:30:00+00:00,160.227,160.26999999999998,160.21099999999998,160.25799999999998,5135
2026-06-03T14:00:00+00:00,160.25799999999998,160.28199999999998,160.18099999999998,160.261,5485
2026-06-03T14:30:00+00:00,160.261,160.279,160.201,160.231,7041
2026-06-03T15:00:00+00:00,160.231,160.281,160.22299999999998,160.257,6249
2026-06-03T15:30:00+00:00,160.257,160.292,160.24599999999998,160.256,3962
2026-06-03T16:00:00+00:00,160.256,160.333,160.237,160.29899999999998,3905
2026-06-03T16:30:00+00:00,160.29899999999998,160.321,160.269,160.271,4996
2026-06-03T17:00:00+00:00,160.271,160.319,160.238,160.308,2727
2026-06-03T17:30:00+00:00,160.308,160.33599999999998,160.307,160.333,2847
2026-06-03T18:00:00+00:00,160.333,160.34099999999998,160.31199999999998,160.32,2263
2026-06-03T18:30:00+00:00,160.32,160.344,160.30499999999998,160.31799999999998,3316
2026-06-03T19:00:00+00:00,160.31799999999998,160.32399999999998,160.289,160.321,3133
2026-06-03T19:30:00+00:00,160.321,160.367,160.313,160.361,2637
2026-06-03T20:00:00+00:00,160.361,160.37099999999998,160.34099999999998,160.358,1416
2026-06-03T20:30:00+00:00,160.358,160.37699999999998,160.349,160.35,1411
2026-06-03T21:00:00+00:00,160.35,160.35,160.269,160.331,291
2026-06-03T21:30:00+00:00,160.331,160.341,160.268,160.289,568.0042735497777
2026-06-03T22:00:00+00:00,160.289,160.364,160.281,160.316,1039
2026-06-03T22:30:00+00:00,160.316,160.316,160.11599999999999,160.206,2393
2026-06-03T23:00:00+00:00,160.206,160.265,160.179,160.238,2595
2026-06-03T23:30:00+00:00,160.238,160.268,160.206,160.234,2687
2026-06-04T00:00:00+00:00,160.234,160.254,160.195,160.22899999999998,5258
2026-06-04T00:30:00+00:00,160.22899999999998,160.231,160.17499999999998,160.195,3692
2026-06-04T01:00:00+00:00,160.195,160.21699999999998,160.16,160.18,4817
2026-06-04T01:30:00+00:00,160.18,160.195,160.158,160.171,4884
2026-06-04T02:00:00+00:00,160.171,160.201,160.161,160.184,3462
2026-06-04T02:30:00+00:00,160.184,160.19899999999998,160.172,160.183,1967
2026-06-04T03:00:00+00:00,160.183,160.253,160.182,160.251,2104.485307017544
2026-06-04T03:30:00+00:00,160.251,160.276,160.246,160.258,2106
2026-06-04T04:00:00+00:00,160.258,160.279,160.248,160.266,2066
2026-06-04T04:30:00+00:00,160.266,160.267,159.876,160.157,6820
2026-06-04T05:00:00+00:00,160.157,160.219,160.145,160.21,3253
2026-06-04T05:30:00+00:00,160.21,160.219,160.149,160.173,3082
2026-06-04T06:00:00+00:00,160.173,160.208,160.125,160.155,4713
2026-06-04T06:30:00+00:00,160.155,160.194,160.112,160.191,5430
2026-06-04T07:00:00+00:00,160.191,160.197,160.16,160.177,5572
2026-06-04T07:30:00+00:00,160.177,160.215,160.151,160.19,4312
2026-06-04T08:00:00+00:00,160.19,160.207,160.155,160.16,5995
2026-06-04T08:30:00+00:00,160.16,160.188,160.13,160.163,4265
2026-06-04T09:00:00+00:00,160.163,160.183,160.13,160.173,5424
2026-06-04T09:30:00+00:00,160.173,160.182,160.129,160.142,4672
2026-06-04T10:00:00+00:00,160.142,160.179,160.141,160.164,3457
2026-06-04T10:30:00+00:00,160.164,160.184,160.15,160.164,3167
2026-06-04T11:00:00+00:00,160.164,160.164,160.083,160.108,5998
2026-06-04T11:30:00+00:00,160.108,160.146,160.035,160.055,5984
2026-06-04T12:00:00+00:00,160.055,160.163,160.042,160.10999999999999,7616
2026-06-04T12:30:00+00:00,160.10999999999999,160.154,160.075,160.152,4627
2026-06-04T13:00:00+00:00,160.152,160.18099999999998,160.13,160.158,5148
2026-06-04T13:30:00+00:00,160.158,160.209,160.134,160.20499999999998,5764
2026-06-04T14:00:00+00:00,160.20499999999998,160.24,160.162,160.232,4009
2026-06-04T14:30:00+00:00,160.232,160.29,160.231,160.273,4875
2026-06-04T15:00:00+00:00,160.273,160.317,160.265,160.279,3198
2026-06-04T15:30:00+00:00,160.279,160.289,160.245,160.258,3316
2026-06-04T16:00:00+00:00,160.258,160.27,160.226,160.245,2175
2026-06-04T16:30:00+00:00,160.245,160.28,160.23499999999999,160.256,3596
2026-06-04T17:00:00+00:00,160.256,160.289,160.255,160.282,2411
2026-06-04T17:30:00+00:00,160.282,160.282,160.256,160.282,1888
2026-06-04T18:00:00+00:00,160.282,160.286,160.255,160.283,1973
2026-06-04T18:30:00+00:00,160.283,160.319,160.283,160.314,3317
2026-06-04T19:00:00+00:00,160.314,160.32,160.304,160.313,1851
2026-06-04T19:30:00+00:00,160.313,160.314,160.292,160.29999999999998,2182
2026-06-04T20:00:00+00:00,160.29999999999998,160.32999999999998,160.293,160.328,1614
2026-06-04T20:30:00+00:00,160.328,160.332,160.299,160.299,2349
2026-06-04T21:00:00+00:00,160.299,160.299,160.208,160.28599999999997,200.1731111470636
2026-06-04T21:30:00+00:00,160.28599999999997,160.295,160.20499999999998,160.22499999999997,612
2026-06-04T22:00:00+00:00,160.22499999999997,160.30199999999996,160.22499999999997,160.26799999999997,429
2026-06-04T22:30:00+00:00,160.26799999999997,160.30999999999997,160.26799999999997,160.289,467
2026-06-04T23:00:00+00:00,160.289,160.30099999999996,160.26099999999997,160.26899999999998,1121
2026-06-04T23:30:00+00:00,160.26899999999998,160.29399999999998,160.26399999999998,160.28399999999996,949
2026-06-05T00:00:00+00:00,160.28399999999996,160.29599999999996,160.259,160.26399999999998,5320
2026-06-05T00:30:00+00:00,160.26399999999998,160.26899999999998,160.23199999999997,160.24599999999998,3141
2026-06-05T01:00:00+00:00,160.24599999999998,160.259,160.18699999999998,160.24199999999996,4999
2026-06-05T01:30:00+00:00,160.24199999999996,160.25399999999996,160.21999999999997,160.24899999999997,4335
2026-06-05T02:00:00+00:00,160.24899999999997,160.25999999999996,160.22499999999997,160.253,2587
2026-06-05T02:30:00+00:00,160.253,160.26299999999998,160.23799999999997,160.26199999999997,1858
2026-06-05T03:00:00+00:00,160.26199999999997,160.28199999999998,160.25499999999997,160.25799999999998,2782
2026-06-05T03:30:00+00:00,160.25799999999998,160.26199999999997,160.23099999999997,160.24499999999998,1889
2026-06-05T04:00:00+00:00,160.24499999999998,160.24999999999997,160.22999999999996,160.24899999999997,1556
2026-06-05T04:30:00+00:00,160.24899999999997,160.25799999999998,160.24199999999996,160.24799999999996,1409
2026-06-05T05:00:00+00:00,160.24799999999996,160.25799999999998,160.20899999999997,160.22199999999998,1820
2026-06-05T05:30:00+00:00,160.22199999999998,160.25199999999995,160.20699999999997,160.24899999999997,1641.3167409400487
2026-06-05T06:00:00+00:00,160.24899999999997,160.25899999999996,160.22999999999996,160.23599999999996,2974
2026-06-05T06:30:00+00:00,160.23599999999996,160.25099999999998,160.20999999999995,160.22499999999997,3595
2026-06-05T07:00:00+00:00,160.22499999999997,160.23199999999997,160.19699999999997,160.19999999999996,3769
2026-06-05T07:30:00+00:00,160.19999999999996,160.23799999999997,160.19399999999996,160.23599999999996,3544
2026-06-05T08:00:00+00:00,160.23599999999996,160.23699999999997,160.20499999999996,160.21699999999996,2774
2026-06-05T08:30:00+00:00,160.21699999999996,160.23899999999998,160.21099999999996,160.23299999999998,2184
2026-06-05T09:00:00+00:00,160.23299999999998,160.24399999999997,160.17899999999997,160.21099999999996,4322
2026-06-05T09:30:00+00:00,160.21099999999996,160.23699999999997,160.18599999999995,160.22899999999996,2933
2026-06-05T10:00:00+00:00,160.22899999999996,160.23599999999996,160.19599999999997,160.19699999999997,2560
2026-06-05T10:30:00+00:00,160.19699999999997,160.21999999999997,160.18999999999997,160.19599999999997,2883
2026-06-05T11:00:00+00:00,160.19599999999997,160.21499999999997,160.17799999999997,160.18799999999996,3811
2026-06-05T11:30:00+00:00,160.18799999999996,160.20299999999997,160.11699999999996,160.13199999999998,3871
2026-06-05T12:00:00+00:00,160.13199999999998,160.18899999999996,160.12199999999996,160.17799999999997,5482
2026-06-05T12:30:00+00:00,160.17799999999997,160.50799999999995,160.17399999999995,160.49799999999996,13321
2026-06-05T13:00:00+00:00,160.49799999999996,160.54899999999995,159.99499999999998,160.44699999999997,17966
2026-06-05T13:30:00+00:00,160.44699999999997,160.46499999999997,160.21999999999997,160.43199999999996,9659
2026-06-05T14:00:00+00:00,160.43199999999996,160.52199999999996,160.34599999999998,160.47599999999997,9072
2026-06-05T14:30:00+00:00,160.47599999999997,160.56899999999996,160.45099999999996,160.55699999999996,5291
2026-06-05T15:00:00+00:00,160.55699999999996,160.57599999999996,160.51599999999996,160.54399999999995,5757
2026-06-05T15:30:00+00:00,160.54399999999995,160.58599999999996,160.48999999999995,160.54999999999995,3650
2026-06-05T16:00:00+00:00,160.54999999999995,160.61299999999997,160.52699999999996,160.57999999999996,4836
2026-06-05T16:30:00+00:00,160.57999999999996,160.62699999999995,160.53399999999996,160.56499999999997,3617
2026-06-05T17:00:00+00:00,160.56499999999997,160.60399999999996,160.55599999999995,160.59499999999997,3235
2026-06-05T17:30:00+00:00,160.59499999999997,160.62699999999995,160.58899999999997,160.60699999999997,2475
2026-06-05T18:00:00+00:00,160.60699999999997,160.62699999999995,160.48999999999995,160.52699999999996,3747
2026-06-05T18:30:00+00:00,160.52699999999996,160.52899999999997,160.37599999999998,160.44799999999995,4705
2026-06-05T19:00:00+00:00,160.44799999999995,160.47999999999996,160.40099999999995,160.47499999999997,2414
2026-06-05T19:30:00+00:00,160.47499999999997,160.49299999999997,160.46299999999997,160.46999999999997,1739
2026-06-05T20:00:00+00:00,160.46999999999997,160.52899999999997,160.46099999999996,160.48999999999995,1513
2026-06-05T20:30:00+00:00,160.48999999999995,160.58399999999997,160.47299999999996,160.56799999999998,2428.5106382978724
2026-06-07T21:00:00+00:00,160.56799999999998,160.59699999999995,160.52699999999996,160.55099999999996,84.68306215588146
2026-06-07T21:30:00+00:00,160.55099999999996,160.599,160.49,160.587,277.65547609633006
2026-06-07T22:00:00+00:00,160.587,160.704,160.563,160.689,1641
2026-06-07T22:30:00+00:00,160.689,160.694,160.653,160.679,2071
2026-06-07T23:00:00+00:00,160.679,160.687,160.588,160.621,2233
2026-06-07T23:30:00+00:00,160.621,160.691,160.609,160.681,2962
2026-06-08T00:00:00+00:00,160.681,160.687,160.601,160.649,4680
2026-06-08T00:30:00+00:00,160.649,160.692,160.58800000000002,160.67000000000002,7044
2026-06-08T01:00:00+00:00,160.67000000000002,160.68800000000002,160.609,160.669,6410
2026-06-08T01:30:00+00:00,160.669,160.697,160.64700000000002,160.681,5896
2026-06-08T02:00:00+00:00,160.681,160.70600000000002,160.673,160.70000000000002,3086
2026-06-08T02:30:00+00:00,160.70000000000002,160.725,160.69,160.722,2105
2026-06-08T03:00:00+00:00,160.722,160.739,160.714,160.72,2301
2026-06-08T03:30:00+00:00,160.72,160.731,160.685,160.685,1726
2026-06-08T04:00:00+00:00,160.685,160.69400000000002,160.63500000000002,160.667,2310
2026-06-08T04:30:00+00:00,160.667,160.702,160.66,160.691,2789
2026-06-08T05:00:00+00:00,160.691,160.692,160.638,160.65,3229
2026-06-08T05:30:00+00:00,160.65,160.68,160.548,160.609,5283
2026-06-08T06:00:00+00:00,160.609,160.687,160.57500000000002,160.67000000000002,6502
2026-06-08T06:30:00+00:00,160.67000000000002,160.67000000000002,160.6,160.61100000000002,4320
2026-06-08T07:00:00+00:00,160.61100000000002,160.612,160.497,160.55200000000002,6974
2026-06-08T07:30:00+00:00,160.55200000000002,160.57500000000002,160.518,160.57500000000002,5079
2026-06-08T08:00:00+00:00,160.57500000000002,160.58800000000002,160.482,160.496,5952
2026-06-08T08:30:00+00:00,160.496,160.56300000000002,160.19500000000002,160.372,8933
2026-06-08T09:00:00+00:00,160.372,160.422,160.333,160.358,7187
2026-06-08T09:30:00+00:00,160.358,160.388,160.33,160.357,8294
2026-06-08T10:00:00+00:00,160.357,160.423,160.334,160.387,4202
2026-06-08T10:30:00+00:00,160.387,160.401,160.28,160.352,6357
2026-06-08T11:00:00+00:00,160.352,160.358,160.232,160.305,9135
2026-06-08T11:30:00+00:00,160.305,160.33,160.269,160.318,5328
2026-06-08T12:00:00+00:00,160.318,160.329,160.288,160.303,5827
2026-06-08T12:30:00+00:00,160.303,160.321,160.262,160.305,3817
2026-06-08T13:00:00+00:00,160.305,160.341,160.28300000000002,160.309,5558
2026-06-08T13:30:00+00:00,160.309,160.386,160.293,160.381,4790
2026-06-08T14:00:00+00:00,160.381,160.548,160.37800000000001,160.484,4703
2026-06-08T14:30:00+00:00,160.484,160.52,160.41400000000002,160.423,5669
2026-06-08T15:00:00+00:00,160.423,160.467,160.38400000000001,160.45600000000002,5466
2026-06-08T15:30:00+00:00,160.45600000000002,160.487,160.442,160.46800000000002,3955
2026-06-08T16:00:00+00:00,160.46800000000002,160.46900000000002,160.43,160.467,3126
2026-06-08T16:30:00+00:00,160.467,160.517,160.447,160.506,3872
2026-06-08T17:00:00+00:00,160.506,160.53900000000002,160.47,160.524,4379
2026-06-08T17:30:00+00:00,160.524,160.55200000000002,160.484,160.511,2671
2026-06-08T18:00:00+00:00,160.511,160.518,160.48600000000002,160.50300000000001,1967
2026-06-08T18:30:00+00:00,160.50300000000001,160.615,160.496,160.601,1545
2026-06-08T19:00:00+00:00,160.601,160.61700000000002,160.566,160.58200000000002,1585
2026-06-08T19:30:00+00:00,160.58200000000002,160.59300000000002,160.555,160.559,3445
2026-06-08T20:00:00+00:00,160.559,160.572,160.51000000000002,160.517,2518
2026-06-08T20:30:00+00:00,160.517,160.535,160.51600000000002,160.52,1464
2026-06-08T21:00:00+00:00,160.52,160.52,160.429,160.475,468.9881534132978
2026-06-08T21:30:00+00:00,160.475,160.511,160.467,160.473,543.0246719160104
2026-06-08T22:00:00+00:00,160.473,160.532,160.472,160.507,956
2026-06-08T22:30:00+00:00,160.507,160.53300000000002,160.505,160.523,925.9407961204283
2026-06-08T23:00:00+00:00,160.523,160.549,160.508,160.549,935
2026-06-08T23:30:00+00:00,160.549,160.57500000000002,160.52,160.52700000000002,1231
2026-06-09T00:00:00+00:00,160.52700000000002,160.546,160.478,160.507,3532
2026-06-09T00:30:00+00:00,160.507,160.624,160.498,160.58100000000002,5003
2026-06-09T01:00:00+00:00,160.58100000000002,160.596,160.547,160.568,7512
2026-06-09T01:30:00+00:00,160.568,160.574,160.52100000000002,160.538,2960
2026-06-09T02:00:00+00:00,160.538,160.566,160.532,160.53900000000002,2217
2026-06-09T02:30:00+00:00,160.53900000000002,160.57,160.53300000000002,160.567,1980
2026-06-09T03:00:00+00:00,160.567,160.58100000000002,160.55100000000002,160.574,2684
2026-06-09T03:30:00+00:00,160.574,160.60300000000004,160.56,160.60200000000003,2390
2026-06-09T04:00:00+00:00,160.60200000000003,160.60300000000004,160.568,160.57200000000003,1569
2026-06-09T04:30:00+00:00,160.57200000000003,160.57700000000003,160.53100000000003,160.53600000000003,1656
2026-06-09T05:00:00+00:00,160.53600000000003,160.55400000000003,160.51100000000002,160.51200000000003,1927
2026-06-09T05:30:00+00:00,160.51200000000003,160.52500000000003,160.455,160.49900000000002,4634
2026-06-09T06:00:00+00:00,160.49900000000002,160.49900000000002,160.40000000000003,160.45900000000003,4913
2026-06-09T06:30:00+00:00,160.45900000000003,160.52700000000002,160.455,160.51600000000002,5231
2026-06-09T07:00:00+00:00,160.51600000000002,160.562,160.49900000000002,160.51900000000003,5653
2026-06-09T07:30:00+00:00,160.51900000000003,160.55,160.49900000000002,160.544,5126
2026-06-09T08:00:00+00:00,160.544,160.56900000000002,160.52100000000002,160.54100000000003,4160
2026-06-09T08:30:00+00:00,160.54100000000003,160.57100000000003,160.51700000000002,160.52500000000003,2982
2026-06-09T09:00:00+00:00,160.52500000000003,160.53500000000003,160.49300000000002,160.50500000000002,3099
2026-06-09T09:30:00+00:00,160.50500000000002,160.54500000000002,160.49200000000002,160.53700000000003,2078
2026-06-09T10:00:00+00:00,160.53700000000003,160.56100000000004,160.50600000000003,160.51500000000001,3090
2026-06-09T10:30:00+00:00,160.51500000000001,160.52100000000002,160.491,160.514,3032
2026-06-09T11:00:00+00:00,160.514,160.51900000000003,160.491,160.497,2635
2026-06-09T11:30:00+00:00,160.497,160.526,160.49,160.50500000000002,1854
2026-06-09T12:00:00+00:00,160.50500000000002,160.532,160.49300000000002,160.532,3712
2026-06-09T12:30:00+00:00,160.532,160.54300000000003,160.51000000000002,160.53400000000002,3174
2026-06-09T13:00:00+00:00,160.53400000000002,160.55,160.52200000000002,160.54300000000003,3816
2026-06-09T13:30:00+00:00,160.54300000000003,160.574,160.49300000000002,160.54200000000003,5712
2026-06-09T14:00:00+00:00,160.54200000000003,160.56500000000003,160.49300000000002,160.53300000000002,5299
2026-06-09T14:30:00+00:00,160.53300000000002,160.60700000000003,160.52300000000002,160.59900000000002,5645
2026-06-09T15:00:00+00:00,160.59900000000002,160.61400000000003,160.58300000000003,160.61400000000003,4987
2026-06-09T15:30:00+00:00,160.61400000000003,160.651,160.56000000000003,160.57500000000002,5337
2026-06-09T16:00:00+00:00,160.57500000000002,160.70200000000003,160.56100000000004,160.69100000000003,4854
2026-06-09T16:30:00+00:00,160.69100000000003,160.79300000000003,160.68800000000002,160.747,7525
2026-06-09T17:00:00+00:00,160.747,160.75100000000003,160.63000000000002,160.65300000000002,5983
2026-06-09T17:30:00+00:00,160.65300000000002,160.70700000000002,160.63700000000003,160.70200000000003,4057
2026-06-09T18:00:00+00:00,160.70200000000003,160.72600000000003,160.67900000000003,160.70000000000002,3444
2026-06-09T18:30:00+00:00,160.70000000000002,160.72200000000004,160.68800000000002,160.705,2878
2026-06-09T19:00:00+00:00,160.705,160.75900000000001,160.70300000000003,160.758,2023
2026-06-09T19:30:00+00:00,160.758,160.76900000000003,160.72200000000004,160.76000000000002,2846
2026-06-09T20:00:00+00:00,160.76000000000002,160.77100000000002,160.699,160.70600000000002,1539
2026-06-09T20:30:00+00:00,160.70600000000002,160.735,160.69500000000002,160.69500000000002,1681
2026-06-09T21:00:00+00:00,160.69500000000002,160.71,160.64800000000002,160.71,233.04800438745787
2026-06-09T21:30:00+00:00,160.71,160.716,160.66,160.678,402.30437605450794
2026-06-09T22:00:00+00:00,160.678,160.73600000000002,160.67600000000002,160.70100000000002,916.3435619735259
2026-06-09T22:30:00+00:00,160.70100000000002,160.741,160.70100000000002,160.741,716
2026-06-09T23:00:00+00:00,160.741,160.75900000000001,160.74,160.75300000000001,967
2026-06-09T23:30:00+00:00,160.75300000000001,160.75500000000002,160.71500000000003,160.728,1522
2026-06-10T00:00:00+00:00,160.728,160.733,160.692,160.717,3487
2026-06-10T00:30:00+00:00,160.717,160.77300000000002,160.70300000000003,160.722,5241
2026-06-10T01:00:00+00:00,160.722,160.733,160.57700000000003,160.69700000000003,4333
2026-06-10T01:30:00+00:00,160.69700000000003,160.734,160.69700000000003,160.71900000000002,3300
2026-06-10T02:00:00+00:00,160.71900000000002,160.72100000000003,160.67900000000003,160.68900000000002,2855
2026-06-10T02:30:00+00:00,160.68900000000002,160.711,160.67700000000002,160.70300000000003,3257
2026-06-10T03:00:00+00:00,160.70300000000003,160.711,160.67800000000003,160.69400000000002,2668
2026-06-10T03:30:00+00:00,160.69400000000002,160.711,160.68900000000002,160.699,2014
2026-06-10T04:00:00+00:00,160.699,160.70800000000003,160.69000000000003,160.69600000000003,2168
2026-06-10T04:30:00+00:00,160.69600000000003,160.711,160.68500000000003,160.71,1987
2026-06-10T05:00:00+00:00,160.71,160.716,160.68900000000002,160.693,2047
2026-06-10T05:30:00+00:00,160.693,160.698,160.66700000000003,160.68400000000003,2433
2026-06-10T06:00:00+00:00,160.68400000000003,160.72600000000003,160.66500000000002,160.70700000000002,4069
2026-06-10T06:30:00+00:00,160.70700000000002,160.729,160.692,160.723,2932
2026-06-10T07:00:00+00:00,160.723,160.733,160.68800000000002,160.71500000000003,2672
2026-06-10T07:30:00+00:00,160.71500000000003,160.73600000000002,160.70800000000003,160.73000000000002,2682
2026-06-10T08:00:00+00:00,160.73000000000002,160.752,160.723,160.739,3182
2026-06-10T08:30:00+00:00,160.739,160.77,160.72600000000003,160.764,2552
2026-06-10T09:00:00+00:00,160.764,160.77800000000002,160.745,160.76700000000002,2792
2026-06-10T09:30:00+00:00,160.76700000000002,160.81600000000003,160.757,160.782,2583
2026-06-10T10:00:00+00:00,160.782,160.80900000000003,160.781,160.805,2083
2026-06-10T10:30:00+00:00,160.805,160.817,160.79500000000002,160.80200000000002,2020
2026-06-10T11:00:00+00:00,160.80200000000002,160.86300000000003,160.79600000000002,160.82600000000002,6164
2026-06-10T11:30:00+00:00,160.82600000000002,160.86700000000002,160.806,160.836,3451
2026-06-10T12:00:00+00:00,160.836,160.854,160.752,160.752,5647
2026-06-10T12:30:00+00:00,160.752,160.80800000000002,160.65900000000002,160.776,8197
2026-06-10T13:00:00+00:00,160.776,160.79500000000002,160.735,160.758,5814
2026-06-10T13:30:00+00:00,160.758,160.763,160.68,160.72400000000002,5617
2026-06-10T14:00:00+00:00,160.72400000000002,160.76200000000003,160.70800000000003,160.75600000000003,5655
2026-06-10T14:30:00+00:00,160.75600000000003,160.83200000000002,160.74300000000002,160.824,5523
2026-06-10T15:00:00+00:00,160.824,160.83400000000003,160.79100000000003,160.79200000000003,4437
2026-06-10T15:30:00+00:00,160.79200000000003,160.86700000000002,160.782,160.81300000000002,6852
2026-06-10T16:00:00+00:00,160.81300000000002,160.81900000000002,160.78000000000003,160.81000000000003,3780
2026-06-10T16:30:00+00:00,160.81000000000003,160.84900000000002,160.80700000000002,160.82700000000003,3252
2026-06-10T17:00:00+00:00,160.82700000000003,160.84900000000002,160.799,160.818,3970
2026-06-10T17:30:00+00:00,160.818,160.88400000000001,160.818,160.84400000000002,4674
2026-06-10T18:00:00+00:00,160.84400000000002,160.84500000000003,160.806,160.81500000000003,3655
2026-06-10T18:30:00+00:00,160.81500000000003,160.84000000000003,160.78900000000002,160.83700000000002,2580
2026-06-10T19:00:00+00:00,160.83700000000002,160.86700000000002,160.83300000000003,160.866,1902
2026-06-10T19:30:00+00:00,160.866,160.88100000000003,160.84600000000003,160.877,2087
2026-06-10T20:00:00+00:00,160.877,160.89300000000003,160.86700000000002,160.877,1322
2026-06-10T20:30:00+00:00,160.877,160.912,160.86,160.876,1887
2026-06-10T21:00:00+00:00,160.876,160.876,160.78000000000003,160.818,318
2026-06-10T21:30:00+00:00,160.818,160.853,160.80700000000002,160.84900000000002,312.76145972407653
2026-06-10T22:00:00+00:00,160.84900000000002,160.89900000000003,160.84300000000002,160.88100000000003,917
2026-06-10T22:30:00+00:00,160.88100000000003,160.894,160.854,160.882,1311
2026-06-10T23:00:00+00:00,160.882,160.901,160.85700000000003,160.87,3075
2026-06-10T23:30:00+00:00,160.87,160.88500000000002,160.853,160.87,2114
2026-06-11T00:00:00+00:00,160.87,160.882,160.83,160.87,3931
2026-06-11T00:30:00+00:00,160.87,160.88600000000002,160.848,160.853,3385
2026-06-11T01:00:00+00:00,160.853,160.88400000000001,160.763,160.781,2434
2026-06-11T01:30:00+00:00,160.781,160.83300000000003,160.77700000000002,160.82600000000002,1638
2026-06-11T02:00:00+00:00,160.82600000000002,160.852,160.812,160.84900000000002,1779
2026-06-11T02:30:00+00:00,160.84900000000002,160.87400000000002,160.836,160.854,1568
2026-06-11T03:00:00+00:00,160.854,160.87400000000002,160.85000000000002,160.85600000000002,1283
2026-06-11T03:30:00+00:00,160.85600000000002,160.86800000000002,160.84600000000003,160.84900000000002,941
2026-06-11T04:00:00+00:00,160.84900000000002,160.871,160.848,160.854,800
2026-06-11T04:30:00+00:00,160.854,160.85700000000003,160.83300000000003,160.84400000000002,1014
2026-06-11T05:00:00+00:00,160.84400000000002,160.85500000000002,160.83200000000002,160.85000000000002,866
2026-06-11T05:30:00+00:00,160.85000000000002,160.888,160.842,160.883,1049
2026-06-11T06:00:00+00:00,160.883,160.92000000000002,160.87400000000002,160.918,2234
2026-06-11T06:30:00+00:00,160.918,160.92700000000002,160.88500000000002,160.895,1989
2026-06-11T07:00:00+00:00,160.895,160.895,160.83100000000002,160.84900000000002,2567
2026-06-11T07:30:00+00:00,160.84900000000002,160.88000000000002,160.83200000000002,160.84500000000003,1956
2026-06-11T08:00:00+00:00,160.84500000000003,160.859,160.83700000000002,160.85700000000003,2030
2026-06-11T08:30:00+00:00,160.85700000000003,160.883,160.85000000000002,160.87300000000002,1840
2026-06-11T09:00:00+00:00,160.87300000000002,160.888,160.86700000000002,160.871,1345
2026-06-11T09:30:00+00:00,160.871,160.88700000000003,160.852,160.87,1294
2026-06-11T10:00:00+00:00,160.87,160.89200000000002,160.86700000000002,160.88500000000002,1375
2026-06-11T10:30:00+00:00,160.88500000000002,160.88700000000003,160.86,160.865,2656
2026-06-11T11:00:00+00:00,160.865,160.876,160.84600000000003,160.866,2133
2026-06-11T11:30:00+00:00,160.866,160.87400000000002,160.848,160.87300000000002,1688
2026-06-11T12:00:00+00:00,160.87300000000002,160.93300000000002,160.86200000000002,160.906,4059
2026-06-11T12:30:00+00:00,160.906,160.93400000000003,160.86,160.87300000000002,6253
2026-06-11T13:00:00+00:00,160.87300000000002,160.9,160.86200000000002,160.87500000000003,5905
2026-06-11T13:30:00+00:00,160.87500000000003,160.88000000000002,160.79500000000002,160.82500000000002,5196
2026-06-11T14:00:00+00:00,160.82500000000002,160.889,160.811,160.88100000000003,2878
2026-06-11T14:30:00+00:00,160.88100000000003,160.89100000000002,160.83400000000003,160.84600000000003,3172
2026-06-11T15:00:00+00:00,160.84600000000003,160.85100000000003,160.80800000000002,160.82000000000002,3243
2026-06-11T15:30:00+00:00,160.82000000000002,160.859,160.811,160.847,2369
2026-06-11T16:00:00+00:00,160.847,160.895,160.84400000000002,160.87800000000001,1488
2026-06-11T16:30:00+00:00,160.87800000000001,160.88600000000002,160.858,160.86700000000002,1820
2026-06-11T17:00:00+00:00,160.86700000000002,160.88600000000002,160.73700000000002,160.74,3818
2026-06-11T17:30:00+00:00,160.74,160.74,160.371,160.461,15045
2026-06-11T18:00:00+00:00,160.461,160.62800000000001,160.38600000000002,160.44400000000002,9139
2026-06-11T18:30:00+00:00,160.44400000000002,160.508,160.276,160.41600000000003,5395
2026-06-11T19:00:00+00:00,160.41600000000003,160.42000000000002,160.156,160.17600000000002,7690
2026-06-11T19:30:00+00:00,160.17600000000002,160.17700000000002,159.87300000000002,160.132,7612
2026-06-11T20:00:00+00:00,160.132,160.23600000000002,160.08100000000002,160.21900000000002,2783
2026-06-11T20:30:00+00:00,160.21900000000002,160.32100000000003,160.198,160.20800000000003,2693
2026-06-11T21:00:00+00:00,160.20800000000003,160.239,160.19500000000002,160.234,219.56821091116203
2026-06-11T21:30:00+00:00,160.234,160.31900000000002,160.23000000000002,160.26600000000002,1607
2026-06-11T22:00:00+00:00,160.26600000000002,160.401,160.26600000000002,160.38500000000002,2109
2026-06-11T22:30:00+00:00,160.38500000000002,160.431,160.333,160.36,3189
2026-06-11T23:00:00+00:00,160.36,160.392,160.312,160.39100000000002,2129
2026-06-11T23:30:00+00:00,160.39100000000002,160.491,160.389,160.478,2605
2026-06-12T00:00:00+00:00,160.478,160.542,160.476,160.523,5521
2026-06-12T00:30:00+00:00,160.523,160.561,160.46900000000002,160.513,5377
2026-06-12T01:00:00+00:00,160.513,160.55,160.493,160.512,4873
2026-06-12T01:30:00+00:00,160.512,160.609,160.50300000000001,160.609,3659
2026-06-12T02:00:00+00:00,160.609,160.64100000000002,160.58700000000002,160.638,2352
2026-06-12T02:30:00+00:00,160.638,160.649,160.604,160.632,2724
2026-06-12T03:00:00+00:00,160.632,160.639,160.58400000000003,160.59300000000002,3079.2666409415397
2026-06-12T03:30:00+00:00,160.59300000000002,160.598,160.55100000000002,160.57100000000003,3451
2026-06-12T04:00:00+00:00,160.57100000000003,160.609,160.56600000000003,160.59000000000003,3209
2026-06-12T04:30:00+00:00,160.59000000000003,160.60100000000003,160.56700000000004,160.59500000000003,2773
2026-06-12T05:00:00+00:00,160.59500000000003,160.64400000000003,160.58,160.62300000000002,3227
2026-06-12T05:30:00+00:00,160.62300000000002,160.69100000000003,160.62300000000002,160.68400000000003,2733
2026-06-12T06:00:00+00:00,160.68400000000003,160.69700000000003,160.59700000000004,160.603,4750
2026-06-12T06:30:00+00:00,160.603,160.67200000000003,160.59700000000004,160.65900000000002,5749
2026-06-12T07:00:00+00:00,160.65900000000002,160.711,160.65300000000002,160.71000000000004,4210
2026-06-12T07:30:00+00:00,160.71000000000004,160.71600000000004,160.609,160.62300000000002,4127
2026-06-12T08:00:00+00:00,160.62300000000002,160.633,160.29000000000002,160.51300000000003,11082
2026-06-12T08:30:00+00:00,160.51300000000003,160.51300000000003,160.40800000000002,160.43300000000002,7770
2026-06-12T09:00:00+00:00,160.43300000000002,160.45200000000003,160.294,160.36,8927
2026-06-12T09:30:00+00:00,160.36,160.42300000000003,160.31700000000004,160.40600000000003,4871
2026-06-12T10:00:00+00:00,160.40600000000003,160.532,160.377,160.49500000000003,5953
2026-06-12T10:30:00+00:00,160.49500000000003,160.50500000000002,160.42000000000002,160.43400000000003,4661
2026-06-12T11:00:00+00:00,160.43400000000003,160.51600000000002,160.431,160.48800000000003,4378
2026-06-12T11:30:00+00:00,160.48800000000003,160.52300000000002,160.44600000000003,160.51100000000002,3565
2026-06-12T12:00:00+00:00,160.51100000000002,160.58700000000002,160.51100000000002,160.586,5574
2026-06-12T12:30:00+00:00,160.586,160.64800000000002,160.58300000000003,160.59600000000003,4493
2026-06-12T13:00:00+00:00,160.59600000000003,160.621,160.54500000000002,160.54800000000003,4578
2026-06-12T13:30:00+00:00,160.54800000000003,160.68000000000004,160.53000000000003,160.609,8561
2026-06-12T14:00:00+00:00,160.609,160.63000000000002,160.55,160.60000000000002,6812
2026-06-12T14:30:00+00:00,160.60000000000002,160.62300000000002,160.49800000000002,160.58100000000002,9678
2026-06-12T15:00:00+00:00,160.58100000000002,160.59000000000003,160.51600000000002,160.53000000000003,6775
2026-06-12T15:30:00+00:00,160.53000000000003,160.58800000000002,160.50700000000003,160.586,5561
2026-06-12T16:00:00+00:00,160.586,160.61800000000002,160.51800000000003,160.56500000000003,6227
2026-06-12T16:30:00+00:00,160.56500000000003,160.58300000000003,160.54700000000003,160.57000000000002,3079
2026-06-12T17:00:00+00:00,160.57000000000002,160.57700000000003,160.526,160.532,3088
2026-06-12T17:30:00+00:00,160.532,160.55100000000002,160.52400000000003,160.53900000000002,2040
2026-06-12T18:00:00+00:00,160.53900000000002,160.56600000000003,160.532,160.55500000000004,2501
2026-06-12T18:30:00+00:00,160.55500000000004,160.58,160.532,160.574,1944
2026-06-12T19:00:00+00:00,160.574,160.58300000000003,160.538,160.56600000000003,2178
2026-06-12T19:30:00+00:00,160.56600000000003,160.58300000000003,160.54300000000003,160.54700000000003,2491
2026-06-12T20:00:00+00:00,160.54700000000003,160.55800000000002,160.53900000000002,160.55800000000002,1260
2026-06-12T20:30:00+00:00,160.55800000000002,160.57100000000003,160.50500000000002,160.50500000000002,1221.2353486646884
2026-06-14T21:00:00+00:00,160.50500000000002,160.59600000000003,160.36400000000003,160.37700000000004,445.92880805015466
2026-06-14T21:30:00+00:00,160.37700000000004,160.37700000000004,160.22800000000004,160.24700000000004,491
2026-06-14T22:00:00+00:00,160.24700000000004,160.41000000000003,160.18200000000004,160.38700000000003,4091
2026-06-14T22:30:00+00:00,160.38700000000003,160.39700000000005,160.33400000000003,160.38800000000003,2019
2026-06-14T23:00:00+00:00,160.38800000000003,160.40500000000003,160.35100000000003,160.39900000000003,1580
2026-06-14T23:30:00+00:00,160.39900000000003,160.42900000000003,160.35100000000003,160.41300000000004,1908
2026-06-15T00:00:00+00:00,160.41300000000004,160.41300000000004,160.33300000000003,160.39500000000004,4842
2026-06-15T00:30:00+00:00,160.39500000000004,160.57500000000005,160.39300000000003,160.55900000000003,4947
2026-06-15T01:00:00+00:00,160.55900000000003,160.66200000000003,160.54200000000003,160.60700000000003,3808
2026-06-15T01:30:00+00:00,160.60700000000003,160.66700000000003,160.58100000000005,160.65500000000003,2473
2026-06-15T02:00:00+00:00,160.65500000000003,160.67900000000003,160.61700000000005,160.61900000000003,2436
2026-06-15T02:30:00+00:00,160.61900000000003,160.61900000000003,160.57200000000003,160.59300000000005,1920
2026-06-15T03:00:00+00:00,160.59300000000005,160.59400000000002,160.52000000000004,160.52700000000004,1753
2026-06-15T03:30:00+00:00,160.52700000000004,160.54100000000003,160.49900000000002,160.50600000000003,1790
2026-06-15T04:00:00+00:00,160.50600000000003,160.54200000000003,160.50200000000004,160.54200000000003,1620
2026-06-15T04:30:00+00:00,160.54200000000003,160.54400000000004,160.46400000000003,160.50000000000003,1957
2026-06-15T05:00:00+00:00,160.50000000000003,160.50800000000004,160.43900000000005,160.47600000000003,2413
2026-06-15T05:30:00+00:00,160.47600000000003,160.50200000000004,160.44800000000004,160.50100000000003,2027
2026-06-15T06:00:00+00:00,160.50100000000003,160.58300000000003,160.49500000000003,160.57000000000005,3853
2026-06-15T06:30:00+00:00,160.57000000000005,160.61200000000002,160.55800000000005,160.57900000000004,4244
2026-06-15T07:00:00+00:00,160.57900000000004,160.58700000000005,160.49400000000003,160.51200000000003,4993
2026-06-15T07:30:00+00:00,160.51200000000003,160.58800000000002,160.51100000000002,160.56300000000005,3672
2026-06-15T08:00:00+00:00,160.56300000000005,160.59500000000003,160.52700000000004,160.55600000000004,3904
2026-06-15T08:30:00+00:00,160.55600000000004,160.59800000000004,160.55000000000004,160.58500000000004,3076
2026-06-15T09:00:00+00:00,160.58500000000004,160.59000000000003,160.54000000000005,160.57600000000005,2862
2026-06-15T09:30:00+00:00,160.57600000000005,160.59600000000003,160.56000000000003,160.57300000000004,1914
2026-06-15T10:00:00+00:00,160.57300000000004,160.59800000000004,160.56400000000005,160.56800000000004,2102
2026-06-15T10:30:00+00:00,160.56800000000004,160.57900000000004,160.54000000000005,160.57600000000005,2710
2026-06-15T11:00:00+00:00,160.57600000000005,160.61300000000003,160.56400000000005,160.61300000000003,2990.162799585085
2026-06-15T11:30:00+00:00,160.61300000000003,160.65600000000003,160.59900000000005,160.63700000000003,2971
2026-06-15T12:00:00+00:00,160.63700000000003,160.64300000000003,160.59800000000004,160.59900000000005,4372
2026-06-15T12:30:00+00:00,160.59900000000005,160.61000000000004,160.56900000000005,160.58900000000003,4006
2026-06-15T13:00:00+00:00,160.58900000000003,160.60400000000004,160.55000000000004,160.55300000000003,3426
2026-06-15T13:30:00+00:00,160.55300000000003,160.56800000000004,160.51900000000003,160.52200000000005,3182
2026-06-15T14:00:00+00:00,160.52200000000005,160.53800000000004,160.48000000000005,160.49300000000002,3366
2026-06-15T14:30:00+00:00,160.49300000000002,160.58800000000002,160.49100000000004,160.58500000000004,4553
2026-06-15T15:00:00+00:00,160.58500000000004,160.60900000000004,160.57700000000003,160.59800000000004,4013
2026-06-15T15:30:00+00:00,160.59800000000004,160.65400000000002,160.58900000000003,160.65100000000004,2666
2026-06-15T16:00:00+00:00,160.65100000000004,160.65700000000004,160.59600000000003,160.63900000000004,3021
2026-06-15T16:30:00+00:00,160.63900000000004,160.69200000000004,160.63900000000004,160.66700000000003,2328
2026-06-15T17:00:00+00:00,160.66700000000003,160.72100000000003,160.66300000000004,160.72000000000003,1702
2026-06-15T17:30:00+00:00,160.72000000000003,160.73100000000002,160.70000000000005,160.72200000000004,1805
2026-06-15T18:00:00+00:00,160.72200000000004,160.74600000000004,160.70500000000004,160.74300000000002,2068
2026-06-15T18:30:00+00:00,160.74300000000002,160.77000000000004,160.71500000000003,160.75800000000004,3429
2026-06-15T19:00:00+00:00,160.75800000000004,160.78400000000005,160.74100000000004,160.76900000000003,2484
2026-06-15T19:30:00+00:00,160.76900000000003,160.84300000000005,160.73200000000003,160.83800000000002,3803
2026-06-15T20:00:00+00:00,160.83800000000002,160.84700000000004,160.77900000000002,160.78900000000004,2314
2026-06-15T20:30:00+00:00,160.78900000000004,160.81600000000003,160.75700000000003,160.77000000000004,2842
2026-06-15T21:00:00+00:00,160.77000000000004,160.77000000000004,160.71500000000003,160.75500000000002,135.21794368041913
2026-06-15T21:30:00+00:00,160.75500000000002,160.80800000000005,160.73800000000003,160.78700000000003,553
2026-06-15T22:00:00+00:00,160.78700000000003,160.80400000000003,160.76800000000003,160.77300000000002,676
2026-06-15T22:30:00+00:00,160.77300000000002,160.79400000000004,160.76400000000004,160.77900000000002,448
2026-06-15T23:00:00+00:00,160.77900000000002,160.77900000000002,160.72300000000004,160.72500000000002,721
2026-06-15T23:30:00+00:00,160.72500000000002,160.72700000000003,160.67100000000005,160.69600000000003,1024
2026-06-16T00:00:00+00:00,160.69600000000003,160.72300000000004,160.68300000000005,160.69400000000005,2261
2026-06-16T00:30:00+00:00,160.69400000000005,160.71400000000003,160.60400000000004,160.65000000000003,4309
2026-06-16T01:00:00+00:00,160.65000000000003,160.66600000000003,160.55300000000003,160.59600000000003,4049
2026-06-16T01:30:00+00:00,160.59600000000003,160.62600000000003,160.57000000000005,160.61100000000005,3675
2026-06-16T02:00:00+00:00,160.61100000000005,160.64500000000004,160.59500000000003,160.60200000000003,1562
2026-06-16T02:30:00+00:00,160.60200000000003,160.60700000000003,160.55200000000005,160.58900000000003,1807
2026-06-16T03:00:00+00:00,160.58900000000003,160.69200000000004,160.49900000000002,160.68400000000003,5747
2026-06-16T03:30:00+00:00,160.68400000000003,160.69800000000004,160.65200000000004,160.65800000000004,3303
2026-06-16T04:00:00+00:00,160.65800000000004,160.80000000000004,160.64100000000005,160.78000000000003,3832
2026-06-16T04:30:00+00:00,160.78000000000003,160.78800000000004,160.69200000000004,160.70500000000004,4210
2026-06-16T05:00:00+00:00,160.70500000000004,160.75400000000005,160.69500000000005,160.70600000000005,2241
2026-06-16T05:30:00+00:00,160.70600000000005,160.75200000000004,160.68200000000004,160.74500000000003,3306
2026-06-16T06:00:00+00:00,160.74500000000003,160.74600000000004,160.68400000000003,160.68800000000005,3613
2026-06-16T06:30:00+00:00,160.68800000000005,160.71300000000002,160.59400000000002,160.66100000000003,7699
2026-06-16T07:00:00+00:00,160.66100000000003,160.79400000000004,160.64500000000004,160.72900000000004,5236
2026-06-16T07:30:00+00:00,160.72900000000004,160.78100000000003,160.68400000000003,160.68800000000005,5186
2026-06-16T08:00:00+00:00,160.68800000000005,160.74900000000002,160.67500000000004,160.72400000000005,5767
2026-06-16T08:30:00+00:00,160.72400000000005,160.78200000000004,160.71300000000002,160.77200000000005,3962
2026-06-16T09:00:00+00:00,160.77200000000005,160.78700000000003,160.75500000000002,160.76700000000002,2363
2026-06-16T09:30:00+00:00,160.76700000000002,160.81200000000004,160.76100000000002,160.79200000000003,4368
2026-06-16T10:00:00+00:00,160.79200000000003,160.79400000000004,160.75300000000004,160.76300000000003,3137
2026-06-16T10:30:00+00:00,160.76300000000003,160.77400000000003,160.72800000000004,160.74200000000005,3098
2026-06-16T11:00:00+00:00,160.74200000000005,160.79400000000004,160.74100000000004,160.77200000000005,3188
2026-06-16T11:30:00+00:00,160.77200000000005,160.81000000000003,160.76800000000003,160.80800000000005,2718
2026-06-16T12:00:00+00:00,160.80800000000005,160.82700000000003,160.78400000000005,160.78700000000003,3556
2026-06-16T12:30:00+00:00,160.78700000000003,160.79600000000005,160.76500000000004,160.77300000000002,2575
2026-06-16T13:00:00+00:00,160.77300000000002,160.85900000000004,160.77100000000004,160.83700000000005,3453
2026-06-16T13:30:00+00:00,160.83700000000005,160.85100000000003,160.79200000000003,160.84500000000003,4564
2026-06-16T14:00:00+00:00,160.84500000000003,160.88800000000003,160.83300000000003,160.87400000000002,3970
2026-06-16T14:30:00+00:00,160.87400000000002,160.91500000000005,160.82200000000003,160.85000000000002,6672
2026-06-16T15:00:00+00:00,160.85000000000002,160.91000000000003,160.84100000000004,160.89900000000003,3270
2026-06-16T15:30:00+00:00,160.89900000000003,160.90800000000004,160.78500000000003,160.84200000000004,6294
2026-06-16T16:00:00+00:00,160.84200000000004,160.85000000000002,160.78500000000003,160.81600000000003,4356
2026-06-16T16:30:00+00:00,160.81600000000003,160.85900000000004,160.80700000000004,160.84500000000003,3397
2026-06-16T17:00:00+00:00,160.84500000000003,160.88100000000003,160.83500000000004,160.87900000000005,2620
2026-06-16T17:30:00+00:00,160.87900000000005,160.89400000000003,160.86400000000003,160.88700000000003,2242
2026-06-16T18:00:00+00:00,160.88700000000003,160.90200000000004,160.86900000000003,160.89400000000003,2398
2026-06-16T18:30:00+00:00,160.89400000000003,160.91200000000003,160.88100000000003,160.88500000000005,2130
2026-06-16T19:00:00+00:00,160.88500000000005,160.88800000000003,160.84800000000004,160.85900000000004,2483
2026-06-16T19:30:00+00:00,160.85900000000004,160.92900000000003,160.84900000000005,160.91800000000003,2682
2026-06-16T20:00:00+00:00,160.91800000000003,160.92000000000004,160.90900000000005,160.91600000000003,1276
2026-06-16T20:30:00+00:00,160.91600000000003,160.93200000000004,160.82400000000004,160.82400000000004,941
2026-06-16T21:00:00+00:00,160.82400000000004,160.82500000000005,160.77500000000003,160.80900000000005,167.22577512595893
2026-06-16T21:30:00+00:00,160.80900000000005,160.89600000000004,160.80300000000005,160.85100000000003,590
2026-06-16T22:00:00+00:00,160.85100000000003,160.89500000000004,160.85100000000003,160.87100000000004,1291
2026-06-16T22:30:00+00:00,160.87100000000004,160.88800000000003,160.85500000000005,160.85600000000005,3698
2026-06-16T23:00:00+00:00,160.85600000000005,160.88000000000005,160.84800000000004,160.85500000000005,1081
2026-06-16T23:30:00+00:00,160.85500000000005,160.89300000000003,160.84800000000004,160.87700000000004,820
2026-06-17T00:00:00+00:00,160.87700000000004,160.87700000000004,160.82000000000005,160.84000000000003,2734
2026-06-17T00:30:00+00:00,160.84000000000003,160.86700000000005,160.79600000000005,160.80300000000005,2498
2026-06-17T01:00:00+00:00,160.80300000000005,160.82200000000003,160.76100000000005,160.78000000000003,2073
2026-06-17T01:30:00+00:00,160.78000000000003,160.80400000000003,160.76900000000003,160.80100000000004,1266
2026-06-17T02:00:00+00:00,160.80100000000004,160.80400000000003,160.76400000000004,160.77900000000005,1256
2026-06-17T02:30:00+00:00,160.77900000000005,160.79300000000003,160.76400000000004,160.78300000000004,1782
2026-06-17T03:00:00+00:00,160.78300000000004,160.80600000000004,160.76300000000003,160.77600000000004,1834
2026-06-17T03:30:00+00:00,160.77600000000004,160.78700000000003,160.76800000000003,160.77200000000005,966
2026-06-17T04:00:00+00:00,160.77200000000005,160.77700000000004,160.72300000000004,160.74400000000003,1374
2026-06-17T04:30:00+00:00,160.74400000000003,160.74600000000004,160.70800000000006,160.71800000000005,1422
2026-06-17T05:00:00+00:00,160.71800000000005,160.73800000000003,160.71300000000005,160.73200000000003,1092
2026-06-17T05:30:00+00:00,160.73200000000003,160.78000000000003,160.72500000000005,160.77700000000004,1239
2026-06-17T06:00:00+00:00,160.77700000000004,160.79200000000003,160.71800000000005,160.75100000000003,3474
2026-06-17T06:30:00+00:00,160.75100000000003,160.75100000000003,160.69800000000004,160.70200000000006,3218
2026-06-17T07:00:00+00:00,160.70200000000006,160.73800000000003,160.70100000000005,160.72400000000005,3367
2026-06-17T07:30:00+00:00,160.72400000000005,160.75600000000003,160.63400000000004,160.64000000000004,3358
2026-06-17T08:00:00+00:00,160.64000000000004,160.70600000000005,160.56800000000004,160.66900000000004,5166
2026-06-17T08:30:00+00:00,160.66900000000004,160.68300000000005,160.59300000000005,160.65800000000004,4302
2026-06-17T09:00:00+00:00,160.65800000000004,160.67600000000004,160.61500000000004,160.64000000000004,2685
2026-06-17T09:30:00+00:00,160.64000000000004,160.67700000000005,160.62700000000004,160.63500000000005,2400
2026-06-17T10:00:00+00:00,160.63500000000005,160.67500000000004,160.63200000000003,160.67300000000003,2675
2026-06-17T10:30:00+00:00,160.67300000000003,160.69500000000005,160.65700000000004,160.68600000000004,2521
2026-06-17T11:00:00+00:00,160.68600000000004,160.73800000000003,160.68100000000004,160.72700000000003,3205
2026-06-17T11:30:00+00:00,160.72700000000003,160.78300000000004,160.72700000000003,160.76200000000003,2946
2026-06-17T12:00:00+00:00,160.76200000000003,160.77600000000004,160.71700000000004,160.74200000000005,3101
2026-06-17T12:30:00+00:00,160.74200000000005,160.76500000000004,160.68200000000004,160.69700000000003,2999
2026-06-17T13:00:00+00:00,160.69700000000003,160.75100000000003,160.69300000000004,160.74800000000005,5076
2026-06-17T13:30:00+00:00,160.74800000000005,160.75400000000005,160.63600000000005,160.64600000000004,4414
2026-06-17T14:00:00+00:00,160.64600000000004,160.72800000000004,160.64600000000004,160.70000000000005,4579
2026-06-17T14:30:00+00:00,160.70000000000005,160.79800000000003,160.68400000000005,160.77100000000004,6451
2026-06-17T15:00:00+00:00,160.77100000000004,160.78700000000003,160.66700000000003,160.68100000000004,5665
2026-06-17T15:30:00+00:00,160.68100000000004,160.71400000000003,160.64200000000005,160.67400000000004,3507
2026-06-17T16:00:00+00:00,160.67400000000004,160.68700000000004,160.65000000000003,160.65500000000003,2378
2026-06-17T16:30:00+00:00,160.65500000000003,160.66900000000004,160.65000000000003,160.65100000000004,2390
2026-06-17T17:00:00+00:00,160.65100000000004,160.69600000000005,160.64800000000005,160.65100000000004,3444
2026-06-17T17:30:00+00:00,160.65100000000004,160.67700000000005,160.64000000000004,160.64000000000004,2402
2026-06-17T18:00:00+00:00,160.64000000000004,160.92800000000005,160.64000000000004,160.91600000000005,11363
2026-06-17T18:30:00+00:00,160.91600000000005,160.95400000000004,160.76300000000003,160.94500000000005,16792
2026-06-17T19:00:00+00:00,160.94500000000005,161.14500000000004,160.91900000000004,161.14300000000003,16379
2026-06-17T19:30:00+00:00,161.14300000000003,161.24700000000004,161.12800000000004,161.18300000000005,10685
2026-06-17T20:00:00+00:00,161.18300000000005,161.20900000000003,161.13100000000003,161.13600000000005,3286
2026-06-17T20:30:00+00:00,161.13600000000005,161.16000000000005,161.07500000000005,161.07500000000005,4008
2026-06-17T21:00:00+00:00,161.07500000000005,161.07800000000003,161.02600000000004,161.02700000000004,226.9224683713412
2026-06-17T21:30:00+00:00,161.02700000000004,161.03000000000003,160.94100000000003,161.02500000000003,1196.7501581914785
2026-06-17T22:00:00+00:00,161.02500000000003,161.09900000000005,160.97500000000005,161.06800000000004,2990
2026-06-17T22:30:00+00:00,161.06800000000004,161.08100000000005,161.05100000000004,161.05900000000005,800
2026-06-17T23:00:00+00:00,161.05900000000005,161.06300000000005,160.99100000000004,161.03700000000003,1275
2026-06-17T23:30:00+00:00,161.03700000000003,161.07600000000005,161.02000000000004,161.05800000000005,1781
2026-06-18T00:00:00+00:00,161.05800000000005,161.09900000000005,160.98500000000004,161.09300000000005,5342
2026-06-18T00:30:00+00:00,161.09300000000005,161.20100000000005,161.07900000000004,161.15100000000004,4945
2026-06-18T01:00:00+00:00,161.15100000000004,161.15100000000004,161.09400000000005,161.10300000000004,3314
2026-06-18T01:30:00+00:00,161.10300000000004,161.13400000000004,161.07400000000004,161.08700000000005,2115
2026-06-18T02:00:00+00:00,161.08700000000005,161.11300000000003,161.06500000000005,161.07200000000003,3002
2026-06-18T02:30:00+00:00,161.07200000000003,161.09500000000003,161.01200000000003,161.03000000000003,2204
2026-06-18T03:00:00+00:00,161.03000000000003,161.06600000000003,161.02000000000004,161.03300000000004,2377
2026-06-18T03:30:00+00:00,161.03300000000004,161.05500000000004,161.02500000000003,161.03700000000003,1392
2026-06-18T04:00:00+00:00,161.03700000000003,161.07300000000004,161.02700000000004,161.06700000000004,2051
2026-06-18T04:30:00+00:00,161.06700000000004,161.07400000000004,161.03800000000004,161.04600000000005,2490
2026-06-18T05:00:00+00:00,161.04600000000005,161.06100000000004,161.03200000000004,161.05800000000005,1910
2026-06-18T05:30:00+00:00,161.05800000000005,161.10200000000003,161.03900000000004,161.09500000000003,2158
2026-06-18T06:00:00+00:00,161.09500000000003,161.10100000000003,161.04300000000003,161.08700000000005,4252
2026-06-18T06:30:00+00:00,161.08700000000005,161.13400000000004,161.08100000000005,161.08500000000004,4164
2026-06-18T07:00:00+00:00,161.08500000000004,161.08800000000005,161.02900000000005,161.05700000000004,4700
2026-06-18T07:30:00+00:00,161.05700000000004,161.13300000000004,161.02500000000003,161.04700000000005,4736
2026-06-18T08:00:00+00:00,161.04700000000005,161.09900000000005,161.04200000000003,161.08800000000005,3990
2026-06-18T08:30:00+00:00,161.08800000000005,161.22700000000003,161.07800000000003,161.22500000000005,5029
2026-06-18T09:00:00+00:00,161.22500000000005,161.24800000000005,160.92100000000005,161.17000000000004,11066
2026-06-18T09:30:00+00:00,161.17000000000004,161.25500000000005,161.16400000000004,161.24300000000005,4436
2026-06-18T10:00:00+00:00,161.24300000000005,161.34200000000004,161.19800000000004,161.27900000000005,5762
2026-06-18T10:30:00+00:00,161.27900000000005,161.40000000000003,161.26900000000003,161.37300000000005,3405
2026-06-18T11:00:00+00:00,161.37300000000005,161.40200000000004,161.34800000000004,161.36200000000005,5330
2026-06-18T11:30:00+00:00,161.36200000000005,161.38800000000003,161.31900000000005,161.38000000000005,4760
2026-06-18T12:00:00+00:00,161.38000000000005,161.39700000000005,161.28000000000003,161.33200000000005,7543
2026-06-18T12:30:00+00:00,161.33200000000005,161.37400000000005,161.31300000000005,161.32500000000005,6051
2026-06-18T13:00:00+00:00,161.32500000000005,161.37800000000004,161.28900000000004,161.29000000000005,7491
2026-06-18T13:30:00+00:00,161.29000000000005,161.34700000000004,161.25100000000003,161.33900000000003,6718
2026-06-18T14:00:00+00:00,161.33900000000003,161.36500000000004,161.29900000000004,161.32700000000006,5640
2026-06-18T14:30:00+00:00,161.32700000000006,161.34900000000005,161.29000000000005,161.30800000000005,5216
2026-06-18T15:00:00+00:00,161.30800000000005,161.43800000000005,161.30100000000004,161.43100000000004,5300.616656135473
2026-06-18T15:30:00+00:00,161.43100000000004,161.82400000000004,161.42400000000004,161.81900000000005,6964
2026-06-18T16:00:00+00:00,161.81900000000005,161.84700000000004,161.64600000000004,161.76100000000002,7970
2026-06-18T16:30:00+00:00,161.76100000000002,161.90300000000005,161.71000000000004,161.87800000000004,4565
2026-06-18T17:00:00+00:00,161.87800000000004,161.90700000000004,161.78800000000004,161.83900000000003,4923
2026-06-18T17:30:00+00:00,161.83900000000003,161.89700000000005,161.83700000000005,161.89700000000005,3920
2026-06-18T18:00:00+00:00,161.89700000000005,161.90400000000002,161.85500000000005,161.89100000000005,3291
2026-06-18T18:30:00+00:00,161.89100000000005,162.13600000000002,161.89100000000005,162.12700000000004,6663
2026-06-18T19:00:00+00:00,162.12700000000004,162.25800000000004,162.12600000000003,162.19400000000005,8804
2026-06-18T19:30:00+00:00,162.19400000000005,162.19500000000005,161.35600000000002,161.88000000000002,17265
2026-06-18T20:00:00+00:00,161.88000000000002,161.91100000000003,161.78200000000004,161.81800000000004,2750
2026-06-18T20:30:00+00:00,161.81800000000004,161.86400000000003,161.81700000000004,161.81800000000004,2244
2026-06-18T21:00:00+00:00,161.81800000000004,161.85000000000005,161.75300000000004,161.83000000000004,372.58573228529724
2026-06-18T21:30:00+00:00,161.83000000000004,161.83000000000004,161.75300000000004,161.77300000000005,608
2026-06-18T22:00:00+00:00,161.77300000000005,161.86600000000004,161.75900000000004,161.79600000000005,1594.8417930877154
2026-06-18T22:30:00+00:00,161.79600000000005,161.79700000000005,161.61300000000006,161.71400000000006,1789
2026-06-18T23:00:00+00:00,161.71400000000006,161.80100000000004,161.69000000000005,161.76900000000006,1712
2026-06-18T23:30:00+00:00,161.76900000000006,161.79800000000006,161.70600000000005,161.73800000000006,1965
2026-06-19T00:00:00+00:00,161.73800000000006,161.74200000000005,161.66300000000004,161.67300000000006,4222
2026-06-19T00:30:00+00:00,161.67300000000006,161.67300000000006,161.44500000000005,161.54600000000005,6319
2026-06-19T01:00:00+00:00,161.54600000000005,161.58800000000005,161.42900000000006,161.51600000000005,6710
2026-06-19T01:30:00+00:00,161.51600000000005,161.65100000000004,161.51100000000005,161.63700000000006,3369
2026-06-19T02:00:00+00:00,161.63700000000006,161.66400000000004,161.58400000000006,161.61800000000005,3094
2026-06-19T02:30:00+00:00,161.61800000000005,161.68300000000005,161.54300000000006,161.67100000000005,4167
2026-06-19T03:00:00+00:00,161.67100000000005,161.74200000000005,161.64500000000004,161.74000000000004,3158
2026-06-19T03:30:00+00:00,161.74000000000004,161.78700000000006,161.70300000000006,161.78600000000006,3222
2026-06-19T04:00:00+00:00,161.78600000000006,161.85100000000006,161.78600000000006,161.82600000000005,3399
2026-06-19T04:30:00+00:00,161.82600000000005,161.82700000000006,161.77900000000005,161.81600000000006,3310
2026-06-19T05:00:00+00:00,161.81600000000006,161.89900000000006,161.77900000000005,161.84100000000004,5841
2026-06-19T05:30:00+00:00,161.84100000000004,161.85700000000006,161.77200000000005,161.77700000000004,4458
2026-06-19T06:00:00+00:00,161.77700000000004,161.82900000000004,161.74000000000004,161.79000000000005,6487
2026-06-19T06:30:00+00:00,161.79000000000005,161.84200000000004,161.70900000000006,161.71600000000004,4437
2026-06-19T07:00:00+00:00,161.71600000000004,161.79300000000006,161.68000000000006,161.74400000000006,4936
2026-06-19T07:30:00+00:00,161.74400000000006,161.78700000000006,161.71900000000005,161.75900000000004,4845
2026-06-19T08:00:00+00:00,161.75900000000004,161.76600000000005,161.68200000000004,161.74700000000004,4206
2026-06-19T08:30:00+00:00,161.74700000000004,161.76100000000005,161.72000000000006,161.72600000000006,2853
2026-06-19T09:00:00+00:00,161.72600000000006,161.76900000000006,161.71000000000004,161.72800000000004,2927
2026-06-19T09:30:00+00:00,161.72800000000004,161.72800000000004,161.67400000000006,161.70500000000004,4060
2026-06-19T10:00:00+00:00,161.70500000000004,161.76000000000005,161.68200000000004,161.74400000000006,4228
2026-06-19T10:30:00+00:00,161.74400000000006,161.77200000000005,161.71700000000004,161.72000000000006,4667
2026-06-19T11:00:00+00:00,161.72000000000006,161.75200000000004,161.70500000000004,161.73500000000004,4368
2026-06-19T11:30:00+00:00,161.73500000000004,161.73700000000005,161.67600000000004,161.70100000000005,2793
2026-06-19T12:00:00+00:00,161.70100000000005,161.71500000000006,161.65500000000006,161.71300000000005,3774
2026-06-19T12:30:00+00:00,161.71300000000005,161.72400000000005,161.59800000000004,161.61000000000004,6272
2026-06-19T13:00:00+00:00,161.61000000000004,161.70900000000006,161.59700000000004,161.69400000000005,5102
2026-06-19T13:30:00+00:00,161.69400000000005,161.74000000000004,161.69400000000005,161.73500000000004,4245
2026-06-19T14:00:00+00:00,161.73500000000004,161.76200000000006,161.70600000000005,161.71700000000004,3221
2026-06-19T14:30:00+00:00,161.71700000000004,161.73600000000005,161.59000000000006,161.60600000000005,4808
2026-06-19T15:00:00+00:00,161.60600000000005,161.70800000000006,161.57200000000006,161.70600000000005,4396
2026-06-19T15:30:00+00:00,161.70600000000005,161.75000000000006,161.69900000000004,161.74700000000004,1202
2026-06-19T16:00:00+00:00,161.74700000000004,161.76900000000006,161.70800000000006,161.71100000000004,1050
2026-06-19T16:30:00+00:00,161.71100000000004,161.78100000000006,161.70700000000005,161.77500000000006,1098
2026-06-19T17:00:00+00:00,161.77500000000006,161.77800000000005,161.75600000000006,161.75600000000006,516.3026555885648
2026-06-19T17:30:00+00:00,161.75600000000006,161.76600000000005,161.70200000000006,161.71300000000005,959
2026-06-19T18:00:00+00:00,161.71300000000005,161.72400000000005,161.69800000000006,161.71000000000004,908
2026-06-19T18:30:00+00:00,161.71000000000004,161.71800000000005,161.67500000000004,161.70800000000006,647
2026-06-19T19:00:00+00:00,161.70800000000006,161.72400000000005,161.67000000000004,161.70800000000003,884.2005209034608
2026-06-19T19:30:00+00:00,161.70800000000003,161.73700000000002,161.70000000000002,161.73100000000002,248.13584844558017
2026-06-19T20:00:00+00:00,161.73100000000002,161.75600000000003,161.65500000000003,161.74400000000003,5988
2026-06-19T20:30:00+00:00,161.74400000000003,161.74600000000004,161.67600000000004,161.69900000000004,2381.1639043651103
2026-06-21T21:00:00+00:00,161.69900000000004,161.72700000000006,161.69800000000006,161.71900000000005,162.11802353122386
2026-06-21T21:30:00+00:00,161.71900000000005,161.78400000000005,161.70400000000006,161.78100000000006,178.32637272118413
2026-06-21T22:00:00+00:00,161.78100000000006,161.90900000000005,161.78100000000006,161.89100000000005,1011.0988372093024
2026-06-21T22:30:00+00:00,161.89100000000005,161.93600000000004,161.89000000000004,161.93500000000003,797.2250783880229
2026-06-21T23:00:00+00:00,161.93500000000003,161.94800000000004,161.90100000000004,161.92400000000004,973.2169024520366
2026-06-21T23:30:00+00:00,161.92400000000004,161.99800000000005,161.90900000000005,161.91900000000004,1836
2026-06-22T00:00:00+00:00,161.91900000000004,161.98700000000005,161.89700000000005,161.94200000000004,4005
2026-06-22T00:30:00+00:00,161.94200000000004,162.05000000000004,161.92600000000004,161.97600000000006,4783
2026-06-22T01:00:00+00:00,161.97600000000006,161.97800000000004,161.91800000000003,161.94800000000004,6833
2026-06-22T01:30:00+00:00,161.94800000000004,162.03100000000003,161.93500000000006,162.01900000000003,3807
2026-06-22T02:00:00+00:00,162.01900000000003,162.08100000000005,162.00600000000006,162.04500000000004,2416
2026-06-22T02:30:00+00:00,162.04500000000004,162.04600000000005,162.00000000000006,162.02100000000004,2061
2026-06-22T03:00:00+00:00,162.02100000000004,162.06000000000006,162.01300000000003,162.05900000000005,2341
2026-06-22T03:30:00+00:00,162.05900000000005,162.09000000000006,162.04300000000003,162.07000000000005,2282
2026-06-22T04:00:00+00:00,162.07000000000005,162.15000000000003,162.06900000000005,162.14100000000005,3073
2026-06-22T04:30:00+00:00,162.14100000000005,162.17600000000004,162.13600000000005,162.15000000000003,2992
2026-06-22T05:00:00+00:00,162.15000000000003,162.16700000000006,162.12800000000004,162.12900000000005,2477
2026-06-22T05:30:00+00:00,162.12900000000005,162.18400000000005,162.12300000000005,162.18200000000004,3168
2026-06-22T06:00:00+00:00,162.18200000000004,162.19400000000005,162.09500000000006,162.12700000000004,4898
2026-06-22T06:30:00+00:00,162.12700000000004,162.19800000000004,162.12500000000006,162.16400000000004,3629
2026-06-22T07:00:00+00:00,162.16400000000004,162.22400000000005,162.13000000000005,162.22200000000004,4906
2026-06-22T07:30:00+00:00,162.22200000000004,162.24900000000005,162.21000000000004,162.22200000000004,3320
2026-06-22T08:00:00+00:00,162.22200000000004,162.26700000000005,162.18700000000004,162.22600000000006,6831
2026-06-22T08:30:00+00:00,162.22600000000006,162.27000000000004,162.19900000000004,162.25400000000005,5369
2026-06-22T09:00:00+00:00,162.25400000000005,162.25600000000006,162.18900000000005,162.23000000000005,4815
2026-06-22T09:30:00+00:00,162.23000000000005,162.24700000000004,162.19700000000006,162.22400000000005,4861
2026-06-22T10:00:00+00:00,162.22400000000005,162.23200000000006,162.13500000000005,162.16900000000004,4084
2026-06-22T10:30:00+00:00,162.16900000000004,162.22200000000004,162.16200000000003,162.20800000000006,4474
2026-06-22T11:00:00+00:00,162.20800000000006,162.22900000000004,162.15600000000003,162.21900000000005,4865
2026-06-22T11:30:00+00:00,162.21900000000005,162.27300000000005,162.19000000000005,162.24600000000004,3970
2026-06-22T12:00:00+00:00,162.24600000000004,162.26500000000004,162.21700000000004,162.23200000000006,5463
2026-06-22T12:30:00+00:00,162.23200000000006,162.26000000000005,162.20800000000006,162.25400000000005,4414
2026-06-22T13:00:00+00:00,162.25400000000005,162.33200000000005,162.21400000000006,162.32400000000004,8241
2026-06-22T13:30:00+00:00,162.32400000000004,162.39000000000004,162.29700000000005,162.38000000000005,5857
2026-06-22T14:00:00+00:00,162.38000000000005,162.40800000000004,161.68300000000005,162.17400000000004,15790
2026-06-22T14:30:00+00:00,162.17400000000004,162.24100000000004,161.55200000000005,161.80800000000005,21566
2026-06-22T15:00:00+00:00,161.80800000000005,161.94500000000005,161.64300000000006,161.89200000000005,13089
2026-06-22T15:30:00+00:00,161.89200000000005,162.02800000000005,161.83400000000006,161.99000000000004,8792
2026-06-22T16:00:00+00:00,161.99000000000004,162.13000000000005,161.95900000000006,162.05400000000006,6547
2026-06-22T16:30:00+00:00,162.05400000000006,162.07200000000006,161.97800000000004,162.03700000000003,4077
2026-06-22T17:00:00+00:00,162.03700000000003,162.04700000000005,161.96700000000004,161.99900000000005,3155
2026-06-22T17:30:00+00:00,161.99900000000005,162.04700000000005,161.97800000000004,161.98400000000004,2967
2026-06-22T18:00:00+00:00,161.98400000000004,162.00600000000006,161.96900000000005,161.98800000000006,2853
2026-06-22T18:30:00+00:00,161.98800000000006,161.99100000000004,161.88100000000006,161.90100000000004,3705
2026-06-22T19:00:00+00:00,161.90100000000004,162.11300000000006,161.90100000000004,162.11300000000006,3244
2026-06-22T19:30:00+00:00,162.11300000000006,162.17300000000006,162.08100000000005,162.08600000000004,4313
2026-06-22T20:00:00+00:00,162.08600000000004,162.09700000000004,162.04400000000004,162.07000000000005,2331
2026-06-22T20:30:00+00:00,162.07000000000005,162.09400000000005,162.04200000000006,162.04300000000003,3280
2026-06-22T21:00:00+00:00,162.04300000000003,162.04300000000003,161.96200000000005,162.00300000000001,168.45132306982515
2026-06-22T21:30:00+00:00,162.00300000000001,162.01800000000003,161.99400000000003,162.00100000000003,1886
2026-06-22T22:00:00+00:00,162.00100000000003,162.121,162.00100000000003,162.09400000000002,1056
2026-06-22T22:30:00+00:00,162.09400000000002,162.09700000000004,162.026,162.06600000000003,909
2026-06-22T23:00:00+00:00,162.06600000000003,162.07100000000003,162.038,162.05900000000003,1160
2026-06-22T23:30:00+00:00,162.05900000000003,162.07200000000003,162.03700000000003,162.06100000000004,1535
2026-06-23T00:00:00+00:00,162.06100000000004,162.07000000000002,162.00500000000002,162.03600000000003,4414
2026-06-23T00:30:00+00:00,162.03600000000003,162.11300000000003,162.00100000000003,162.06000000000003,5426
2026-06-23T01:00:00+00:00,162.06000000000003,162.074,162.03600000000003,162.06000000000003,3080
2026-06-23T01:30:00+00:00,162.06000000000003,162.08900000000003,162.056,162.07000000000002,1798
2026-06-23T02:00:00+00:00,162.07000000000002,162.07000000000002,162.008,162.038,2106
2026-06-23T02:30:00+00:00,162.038,162.08,162.01200000000003,162.06300000000002,1919
2026-06-23T03:00:00+00:00,162.06300000000002,162.08800000000002,162.04300000000003,162.07500000000002,2054
2026-06-23T03:30:00+00:00,162.07500000000002,162.08300000000003,162.02,162.038,2113
2026-06-23T04:00:00+00:00,162.038,162.07800000000003,162.03400000000002,162.06000000000003,2224
2026-06-23T04:30:00+00:00,162.06000000000003,162.09700000000004,162.05900000000003,162.09400000000002,1787
2026-06-23T05:00:00+00:00,162.09400000000002,162.11300000000003,162.07100000000003,162.08700000000002,2187
2026-06-23T05:30:00+00:00,162.08700000000002,162.16800000000003,162.08200000000002,162.13600000000002,2619
2026-06-23T06:00:00+00:00,162.13600000000002,162.22400000000002,162.13000000000002,162.20700000000002,4768
2026-06-23T06:30:00+00:00,162.20700000000002,162.22100000000003,162.12300000000002,162.12600000000003,4546
2026-06-23T07:00:00+00:00,162.12600000000003,162.14200000000002,161.80500000000004,161.95000000000002,14054
2026-06-23T07:30:00+00:00,161.95000000000002,162.02800000000002,161.90600000000003,161.94800000000004,9080
2026-06-23T08:00:00+00:00,161.94800000000004,161.96800000000002,161.74800000000002,161.907,10471
2026-06-23T08:30:00+00:00,161.907,161.96500000000003,161.88400000000001,161.919,5540
2026-06-23T09:00:00+00:00,161.919,161.95000000000002,161.82100000000003,161.907,6350
2026-06-23T09:30:00+00:00,161.907,161.93200000000002,161.86200000000002,161.86800000000002,4509
2026-06-23T10:00:00+00:00,161.86800000000002,161.90800000000002,161.84400000000002,161.86100000000002,3694
2026-06-23T10:30:00+00:00,161.86100000000002,161.96400000000003,161.83400000000003,161.93800000000002,4230
2026-06-23T11:00:00+00:00,161.93800000000002,161.99000000000004,161.913,161.98900000000003,4559
2026-06-23T11:30:00+00:00,161.98900000000003,162.09600000000003,161.98800000000003,162.07200000000003,4241
2026-06-23T12:00:00+00:00,162.07200000000003,162.09100000000004,161.96600000000004,161.97700000000003,5817
2026-06-23T12:30:00+00:00,161.97700000000003,162.04900000000004,161.92800000000003,162.04000000000002,4673
2026-06-23T13:00:00+00:00,162.04000000000002,162.06400000000002,161.98600000000002,161.99000000000004,6499
2026-06-23T13:30:00+00:00,161.99000000000004,162.01600000000002,161.949,162.00700000000003,4785
2026-06-23T14:00:00+00:00,162.00700000000003,162.06700000000004,161.97200000000004,162.062,5766
2026-06-23T14:30:00+00:00,162.062,162.06600000000003,161.99200000000002,162.026,5928
2026-06-23T15:00:00+00:00,162.026,162.07000000000002,162.01500000000001,162.02500000000003,4355
2026-06-23T15:30:00+00:00,162.02500000000003,162.05700000000002,161.98800000000003,162.032,4033
2026-06-23T16:00:00+00:00,162.032,162.06900000000002,162.02200000000002,162.05900000000003,2123
2026-06-23T16:30:00+00:00,162.05900000000003,162.08200000000002,162.02300000000002,162.07900000000004,2767
2026-06-23T17:00:00+00:00,162.07900000000004,162.10200000000003,162.06700000000004,162.08700000000002,2460
2026-06-23T17:30:00+00:00,162.08700000000002,162.09600000000003,162.02800000000002,162.04100000000003,3565
2026-06-23T18:00:00+00:00,162.04100000000003,162.06900000000002,162.03600000000003,162.062,2106
2026-06-23T18:30:00+00:00,162.062,162.07900000000004,162.02900000000002,162.05200000000002,2504
2026-06-23T19:00:00+00:00,162.05200000000002,162.05700000000002,162.02500000000003,162.03500000000003,2518
2026-06-23T19:30:00+00:00,162.03500000000003,162.062,161.99500000000003,162.062,3629
2026-06-23T20:00:00+00:00,162.062,162.09500000000003,162.05400000000003,162.05500000000004,1812
2026-06-23T20:30:00+00:00,162.05500000000004,162.07600000000002,162.04900000000004,162.05100000000002,725
2026-06-23T21:00:00+00:00,162.05100000000002,162.05100000000002,161.95000000000002,161.973,401.922467333722
2026-06-23T21:30:00+00:00,161.973,162.03900000000002,161.93900000000002,161.98400000000004,428.3762156154487
2026-06-23T22:00:00+00:00,161.98400000000004,162.092,161.98400000000004,162.062,566.7650596054436
2026-06-23T22:30:00+00:00,162.062,162.062,162.02,162.04800000000003,577
2026-06-23T23:00:00+00:00,162.04800000000003,162.06500000000003,162.02300000000002,162.05500000000004,997
2026-06-23T23:30:00+00:00,162.05500000000004,162.09900000000002,162.03700000000003,162.09000000000003,1682
2026-06-24T00:00:00+00:00,162.09000000000003,162.10300000000004,162.04000000000002,162.09000000000003,3405
2026-06-24T00:30:00+00:00,162.09000000000003,162.122,162.06600000000003,162.11100000000002,2697
2026-06-24T01:00:00+00:00,162.11100000000002,162.11400000000003,162.05400000000003,162.062,2859
2026-06-24T01:30:00+00:00,162.062,162.07500000000002,162.03600000000003,162.05800000000002,2706
2026-06-24T02:00:00+00:00,162.05800000000002,162.07600000000002,162.02,162.04300000000003,2493
2026-06-24T02:30:00+00:00,162.04300000000003,162.056,162.03300000000002,162.03700000000003,2113
2026-06-24T03:00:00+00:00,162.03700000000003,162.09100000000004,162.03500000000003,162.044,3401
2026-06-24T03:30:00+00:00,162.044,162.05800000000002,162.03400000000002,162.04100000000003,2745
2026-06-24T04:00:00+00:00,162.04100000000003,162.05500000000004,162.02,162.04900000000004,2189
2026-06-24T04:30:00+00:00,162.04900000000004,162.05100000000002,162.03100000000003,162.04700000000003,1855
2026-06-24T05:00:00+00:00,162.04700000000003,162.10600000000002,162.03300000000002,162.092,3119
2026-06-24T05:30:00+00:00,162.092,162.104,162.06600000000003,162.10000000000002,2465
2026-06-24T06:00:00+00:00,162.10000000000002,162.175,162.10000000000002,162.17400000000004,3871
2026-06-24T06:30:00+00:00,162.17400000000004,162.20400000000004,162.07100000000003,162.19700000000003,3321
2026-06-24T07:00:00+00:00,162.19700000000003,162.217,162.17300000000003,162.175,3750
2026-06-24T07:30:00+00:00,162.175,162.229,162.15400000000002,162.20400000000004,3435
2026-06-24T08:00:00+00:00,162.20400000000004,162.24200000000002,162.17200000000003,162.18900000000002,3841
2026-06-24T08:30:00+00:00,162.18900000000002,162.24600000000004,162.17100000000002,162.24400000000003,3259
2026-06-24T09:00:00+00:00,162.24400000000003,162.26700000000002,162.23800000000003,162.25300000000001,2718
2026-06-24T09:30:00+00:00,162.25300000000001,162.26200000000003,162.19800000000004,162.229,2688
2026-06-24T10:00:00+00:00,162.229,162.241,162.199,162.21600000000004,2698
2026-06-24T10:30:00+00:00,162.21600000000004,162.22100000000003,162.17400000000004,162.17700000000002,2844
2026-06-24T11:00:00+00:00,162.17700000000002,162.20600000000002,162.14300000000003,162.15000000000003,2866
2026-06-24T11:30:00+00:00,162.15000000000003,162.18600000000004,162.11100000000002,162.14400000000003,4914
2026-06-24T12:00:00+00:00,162.14400000000003,162.18800000000002,162.12400000000002,162.17700000000002,4889
2026-06-24T12:30:00+00:00,162.17700000000002,162.24400000000003,162.175,162.24300000000002,4516
2026-06-24T13:00:00+00:00,162.24300000000002,162.24900000000002,162.193,162.199,5926
2026-06-24T13:30:00+00:00,162.199,162.25300000000001,162.18900000000002,162.235,5764
2026-06-24T14:00:00+00:00,162.235,162.24500000000003,162.19500000000002,162.22700000000003,4041
2026-06-24T14:30:00+00:00,162.22700000000003,162.30400000000003,162.21300000000002,162.28100000000003,3269
2026-06-24T15:00:00+00:00,162.28100000000003,162.3,162.21900000000002,162.26000000000002,5208
2026-06-24T15:30:00+00:00,162.26000000000002,162.27900000000002,162.23600000000002,162.24800000000002,4290
2026-06-24T16:00:00+00:00,162.24800000000002,162.26000000000002,162.21400000000003,162.22000000000003,3718
2026-06-24T16:30:00+00:00,162.22000000000003,162.25100000000003,162.17800000000003,162.24500000000003,2835
2026-06-24T17:00:00+00:00,162.24500000000003,162.29800000000003,162.23600000000002,162.27800000000002,2155
2026-06-24T17:30:00+00:00,162.27800000000002,162.30800000000002,162.22500000000002,162.30400000000003,3398
2026-06-24T18:00:00+00:00,162.30400000000003,162.318,162.27900000000002,162.28400000000002,3730
2026-06-24T18:30:00+00:00,162.28400000000002,162.294,162.25100000000003,162.25100000000003,4266
2026-06-24T19:00:00+00:00,162.25100000000003,162.32600000000002,162.23600000000002,162.323,3306.141073080481
2026-06-24T19:30:00+00:00,162.323,162.324,162.276,162.31,3376
2026-06-24T20:00:00+00:00,162.31,162.318,162.28400000000002,162.29500000000002,2722
2026-06-24T20:30:00+00:00,162.29500000000002,162.31300000000002,162.264,162.264,2217
2026-06-24T21:00:00+00:00,162.264,162.264,162.193,162.23600000000002,166.81553851742137
2026-06-24T21:30:00+00:00,162.23600000000002,162.276,162.22500000000002,162.24900000000002,888
2026-06-24T22:00:00+00:00,162.24900000000002,162.27,162.24000000000004,162.25200000000004,1262.308503062242
2026-06-24T22:30:00+00:00,162.25200000000004,162.26900000000003,162.23200000000003,162.26200000000003,677
2026-06-24T23:00:00+00:00,162.26200000000003,162.27900000000002,162.24500000000003,162.27300000000002,837
2026-06-24T23:30:00+00:00,162.27300000000002,162.28000000000003,162.25700000000003,162.26200000000003,881.2538613861386
2026-06-25T00:00:00+00:00,162.26200000000003,162.27300000000002,162.22100000000003,162.23700000000005,3607
2026-06-25T00:30:00+00:00,162.23700000000005,162.24400000000003,162.18700000000004,162.20200000000003,2957
2026-06-25T01:00:00+00:00,162.20200000000003,162.23500000000004,162.04700000000003,162.15700000000004,4727
2026-06-25T01:30:00+00:00,162.15700000000004,162.23400000000004,162.13000000000002,162.20800000000003,3313
2026-06-25T02:00:00+00:00,162.20800000000003,162.22200000000004,162.15500000000003,162.16900000000004,3215
2026-06-25T02:30:00+00:00,162.16900000000004,162.21200000000005,162.16900000000004,162.20600000000005,2113
2026-06-25T03:00:00+00:00,162.20600000000005,162.21600000000004,162.18800000000005,162.20700000000005,2425
2026-06-25T03:30:00+00:00,162.20700000000005,162.24600000000004,162.19900000000004,162.21800000000005,1868
2026-06-25T04:00:00+00:00,162.21800000000005,162.23500000000004,162.20100000000005,162.21800000000005,1410
2026-06-25T04:30:00+00:00,162.21800000000005,162.26700000000002,162.20500000000004,162.25800000000004,1375
2026-06-25T05:00:00+00:00,162.25800000000004,162.25900000000004,162.21900000000005,162.22500000000005,1626
2026-06-25T05:30:00+00:00,162.22500000000005,162.32400000000004,162.22500000000005,162.31400000000005,2610
2026-06-25T06:00:00+00:00,162.31400000000005,162.33100000000005,162.27800000000005,162.32400000000004,3004
2026-06-25T06:30:00+00:00,162.32400000000004,162.38100000000003,162.31300000000005,162.37600000000003,3002
2026-06-25T07:00:00+00:00,162.37600000000003,162.39000000000004,162.24400000000003,162.31200000000004,4570
2026-06-25T07:30:00+00:00,162.31200000000004,162.34900000000005,162.29300000000003,162.30500000000004,3691
2026-06-25T08:00:00+00:00,162.30500000000004,162.32700000000003,162.26500000000004,162.29000000000005,4061
2026-06-25T08:30:00+00:00,162.29000000000005,162.32600000000005,162.26800000000003,162.29000000000005,3668
2026-06-25T09:00:00+00:00,162.29000000000005,162.33300000000003,162.28500000000003,162.32700000000003,2476
2026-06-25T09:30:00+00:00,162.32700000000003,162.32700000000003,162.27800000000005,162.30700000000004,2913
2026-06-25T10:00:00+00:00,162.30700000000004,162.32300000000004,162.29600000000005,162.32000000000005,2224
2026-06-25T10:30:00+00:00,162.32000000000005,162.39000000000004,162.31700000000004,162.36900000000003,1825
2026-06-25T11:00:00+00:00,162.36900000000003,162.39500000000004,162.35000000000005,162.38900000000004,2386
2026-06-25T11:30:00+00:00,162.38900000000004,162.44000000000003,162.23500000000004,162.35900000000004,5850
2026-06-25T12:00:00+00:00,162.35900000000004,162.39400000000003,162.33700000000005,162.36600000000004,4008
2026-06-25T12:30:00+00:00,162.36600000000004,162.37700000000004,162.25300000000004,162.33000000000004,9382
2026-06-25T13:00:00+00:00,162.33000000000004,162.34600000000003,162.27500000000003,162.27500000000003,6545
2026-06-25T13:30:00+00:00,162.27500000000003,162.31400000000005,162.19300000000004,162.23400000000004,5217
2026-06-25T14:00:00+00:00,162.23400000000004,162.25500000000002,162.05100000000004,162.23700000000005,8678
2026-06-25T14:30:00+00:00,162.23700000000005,162.23800000000003,162.10500000000005,162.16900000000004,7502
2026-06-25T15:00:00+00:00,162.16900000000004,162.21000000000004,162.10500000000005,162.14000000000004,6400
2026-06-25T15:30:00+00:00,162.14000000000004,162.21600000000004,162.12400000000005,162.16500000000005,5805
2026-06-25T16:00:00+00:00,162.16500000000005,162.20600000000005,162.15000000000003,162.18000000000004,3918
2026-06-25T16:30:00+00:00,162.18000000000004,162.26000000000005,162.18000000000004,162.26000000000005,3078
2026-06-25T17:00:00+00:00,162.26000000000005,162.27500000000003,162.21900000000005,162.26500000000004,3452
2026-06-25T17:30:00+00:00,162.26500000000004,162.30200000000005,162.24300000000005,162.27200000000005,2410
2026-06-25T18:00:00+00:00,162.27200000000005,162.33600000000004,162.25500000000002,162.25700000000003,3456
2026-06-25T18:30:00+00:00,162.25700000000003,162.30500000000004,162.25400000000005,162.28500000000003,2479
2026-06-25T19:00:00+00:00,162.28500000000003,162.31700000000004,162.26700000000002,162.27400000000003,1947
2026-06-25T19:30:00+00:00,162.27400000000003,162.31500000000003,162.23200000000003,162.28000000000003,2010
2026-06-25T20:00:00+00:00,162.28000000000003,162.30500000000004,162.26700000000002,162.28800000000004,1977
2026-06-25T20:30:00+00:00,162.28800000000004,162.30000000000004,162.27300000000002,162.27300000000002,1295
2026-06-25T21:00:00+00:00,162.27300000000002,162.27600000000004,162.15900000000005,162.27600000000004,390
2026-06-25T21:30:00+00:00,162.27600000000004,162.30700000000004,162.20800000000006,162.24900000000005,4005.64943457189
2026-06-25T22:00:00+00:00,162.24900000000005,162.29800000000006,162.24900000000005,162.27900000000005,743
2026-06-25T22:30:00+00:00,162.27900000000005,162.29400000000004,162.26400000000004,162.28000000000006,645
2026-06-25T23:00:00+00:00,162.28000000000006,162.31100000000004,162.25500000000005,162.29700000000005,1390
2026-06-25T23:30:00+00:00,162.29700000000005,162.30800000000005,162.26000000000005,162.29800000000006,830
2026-06-26T00:00:00+00:00,162.29800000000006,162.31900000000005,162.28600000000006,162.31200000000004,1920
2026-06-26T00:30:00+00:00,162.31200000000004,162.33500000000004,162.29100000000005,162.32500000000005,2476
2026-06-26T01:00:00+00:00,162.32500000000005,162.33800000000005,162.30400000000006,162.33600000000004,2816
2026-06-26T01:30:00+00:00,162.33600000000004,162.34300000000005,162.28700000000003,162.29800000000006,2540
2026-06-26T02:00:00+00:00,162.29800000000006,162.30900000000005,162.27600000000004,162.30200000000005,2420
2026-06-26T02:30:00+00:00,162.30200000000005,162.30300000000005,162.26600000000005,162.27100000000004,1504
2026-06-26T03:00:00+00:00,162.27100000000004,162.27300000000005,162.21700000000004,162.22400000000005,1431
2026-06-26T03:30:00+00:00,162.22400000000005,162.23200000000006,162.11700000000005,162.14400000000003,2217
2026-06-26T04:00:00+00:00,162.14400000000003,162.17900000000006,162.06200000000004,162.09500000000006,2834
2026-06-26T04:30:00+00:00,162.09500000000006,162.15000000000003,162.07000000000005,162.12200000000004,2903
2026-06-26T05:00:00+00:00,162.12200000000004,162.13700000000006,162.09200000000004,162.10100000000006,2414
2026-06-26T05:30:00+00:00,162.10100000000006,162.11900000000006,162.03200000000004,162.03800000000004,4285
2026-06-26T06:00:00+00:00,162.03800000000004,162.17900000000006,162.02600000000004,162.16900000000004,5631
2026-06-26T06:30:00+00:00,162.16900000000004,162.24400000000006,162.12100000000004,162.21200000000005,4480
2026-06-26T07:00:00+00:00,162.21200000000005,162.22100000000006,162.13700000000006,162.18500000000006,3482
2026-06-26T07:30:00+00:00,162.18500000000006,162.19800000000004,162.11400000000006,162.11900000000006,3905
2026-06-26T08:00:00+00:00,162.11900000000006,162.13300000000004,162.02900000000005,162.07800000000006,4238
2026-06-26T08:30:00+00:00,162.07800000000006,162.14800000000005,162.06200000000004,162.08200000000005,3242
2026-06-26T09:00:00+00:00,162.08200000000005,162.12500000000006,162.03900000000004,162.08700000000005,3316
2026-06-26T09:30:00+00:00,162.08700000000005,162.11900000000006,162.02700000000004,162.10000000000005,3867
2026-06-26T10:00:00+00:00,162.10000000000005,162.13600000000005,162.06300000000005,162.10000000000005,2923
2026-06-26T10:30:00+00:00,162.10000000000005,162.12400000000005,162.08200000000005,162.11400000000006,3103
2026-06-26T11:00:00+00:00,162.11400000000006,162.14100000000005,162.10300000000004,162.11400000000006,2639
2026-06-26T11:30:00+00:00,162.11400000000006,162.17700000000005,162.11200000000005,162.15900000000005,2698
2026-06-26T12:00:00+00:00,162.15900000000005,162.17400000000004,162.13200000000003,162.16500000000005,4179
2026-06-26T12:30:00+00:00,162.16500000000005,162.19900000000004,162.14100000000005,162.15100000000004,2918
2026-06-26T13:00:00+00:00,162.15100000000004,162.21400000000006,162.12800000000004,162.15100000000004,6037
2026-06-26T13:30:00+00:00,162.15100000000004,162.18200000000004,162.11400000000006,162.12500000000006,4091
2026-06-26T14:00:00+00:00,162.12500000000006,162.13700000000006,162.07000000000005,162.10600000000005,4081
2026-06-26T14:30:00+00:00,162.10600000000005,162.23600000000005,162.08200000000005,162.21900000000005,5029
2026-06-26T15:00:00+00:00,162.21900000000005,162.24000000000004,162.13300000000004,162.15100000000004,3273
2026-06-26T15:30:00+00:00,162.15100000000004,162.22000000000006,162.12800000000004,162.16500000000005,3279
2026-06-26T16:00:00+00:00,162.16500000000005,162.24100000000004,162.15400000000005,162.23000000000005,2715
2026-06-26T16:30:00+00:00,162.23000000000005,162.26500000000004,162.20700000000005,162.24800000000005,2211
2026-06-26T17:00:00+00:00,162.24800000000005,162.26200000000006,162.22400000000005,162.23800000000006,1908
2026-06-26T17:30:00+00:00,162.23800000000006,162.27000000000004,162.23100000000005,162.26400000000004,1817
2026-06-26T18:00:00+00:00,162.26400000000004,162.26900000000003,162.22300000000004,162.22800000000004,2000
2026-06-26T18:30:00+00:00,162.22800000000004,162.24300000000005,162.20500000000004,162.23000000000005,1562
2026-06-26T19:00:00+00:00,162.23000000000005,162.23900000000006,162.20900000000006,162.23300000000006,1012
2026-06-26T19:30:00+00:00,162.23300000000006,162.25800000000004,162.20400000000004,162.25100000000006,1265
2026-06-26T20:00:00+00:00,162.25100000000006,162.27000000000004,162.22000000000006,162.23200000000006,1091
2026-06-26T20:30:00+00:00,162.23200000000006,162.27300000000005,162.18300000000005,162.18300000000005,1893.0174966352624
2026-06-28T21:00:00+00:00,162.18300000000005,162.19600000000005,162.18200000000004,162.19400000000005,44.71229212492672
2026-06-28T21:30:00+00:00,162.19400000000005,162.26500000000004,162.17900000000006,162.26500000000004,366.65833226889725
2026-06-28T22:00:00+00:00,162.26500000000004,162.34400000000005,162.22800000000004,162.26600000000005,1188
2026-06-28T22:30:00+00:00,162.26600000000005,162.28400000000005,162.25500000000005,162.26800000000006,633
2026-06-28T23:00:00+00:00,162.26800000000006,162.27700000000004,162.24900000000005,162.27100000000004,1448
2026-06-28T23:30:00+00:00,162.27100000000004,162.28700000000003,162.25300000000004,162.26900000000003,953
2026-06-29T00:00:00+00:00,162.26900000000003,162.27000000000004,162.20200000000006,162.24300000000005,2738
2026-06-29T00:30:00+00:00,162.24300000000005,162.24700000000004,162.19500000000005,162.23800000000006,2864
2026-06-29T01:00:00+00:00,162.23800000000006,162.25400000000005,162.20900000000006,162.24400000000006,3659
2026-06-29T01:30:00+00:00,162.24400000000006,162.27000000000004,162.22700000000006,162.26700000000005,1618
2026-06-29T02:00:00+00:00,162.26700000000005,162.26900000000003,162.20800000000006,162.23600000000005,2063
2026-06-29T02:30:00+00:00,162.23600000000005,162.26900000000003,162.23200000000006,162.26300000000003,2386
2026-06-29T03:00:00+00:00,162.26300000000003,162.27000000000004,162.25200000000004,162.25400000000005,1482
2026-06-29T03:30:00+00:00,162.25400000000005,162.27400000000006,162.24800000000005,162.27400000000006,1386
2026-06-29T04:00:00+00:00,162.27400000000006,162.29100000000005,162.26200000000006,162.28900000000004,1157
2026-06-29T04:30:00+00:00,162.28900000000004,162.29300000000003,162.26900000000003,162.28800000000004,1174
2026-06-29T05:00:00+00:00,162.28800000000004,162.29300000000003,162.26000000000005,162.27700000000004,1457
2026-06-29T05:30:00+00:00,162.27700000000004,162.28500000000005,162.25800000000004,162.27900000000005,1654
2026-06-29T06:00:00+00:00,162.27900000000005,162.32600000000005,162.27000000000004,162.31700000000004,2399
2026-06-29T06:30:00+00:00,162.31700000000004,162.32700000000006,162.25300000000004,162.26800000000006,3360
2026-06-29T07:00:00+00:00,162.26800000000006,162.29400000000004,162.26400000000004,162.26500000000004,2393
2026-06-29T07:30:00+00:00,162.26500000000004,162.30400000000006,162.26500000000004,162.29900000000004,2011
2026-06-29T08:00:00+00:00,162.29900000000004,162.32700000000006,162.27600000000004,162.32100000000005,2200
2026-06-29T08:30:00+00:00,162.32100000000005,162.33500000000004,162.31200000000004,162.32900000000004,1431
2026-06-29T09:00:00+00:00,162.32900000000004,162.35700000000006,162.30800000000005,162.35000000000005,1497
2026-06-29T09:30:00+00:00,162.35000000000005,162.37400000000005,162.34500000000006,162.35700000000006,2061
2026-06-29T10:00:00+00:00,162.35700000000006,162.37500000000006,162.35300000000004,162.35400000000004,1476.3154956346143
2026-06-29T10:30:00+00:00,162.35400000000004,162.35800000000006,162.32100000000005,162.32900000000004,2118
2026-06-29T11:00:00+00:00,162.32900000000004,162.33700000000005,162.30800000000005,162.31300000000005,2234
2026-06-29T11:30:00+00:00,162.31300000000005,162.32800000000006,162.28900000000004,162.31300000000005,3632
2026-06-29T12:00:00+00:00,162.31300000000005,162.36300000000006,162.30900000000005,162.36000000000004,3057
2026-06-29T12:30:00+00:00,162.36000000000004,162.37900000000005,162.34400000000005,162.37000000000003,3157
2026-06-29T13:00:00+00:00,162.37000000000003,162.40800000000004,162.36300000000006,162.39600000000004,3280
2026-06-29T13:30:00+00:00,162.39600000000004,162.44000000000005,162.36900000000006,162.43300000000005,3778
2026-06-29T14:00:00+00:00,162.43300000000005,162.43300000000005,162.27900000000005,162.39400000000003,6715
2026-06-29T14:30:00+00:00,162.39400000000003,162.41200000000003,162.37000000000003,162.40400000000005,3707
2026-06-29T15:00:00+00:00,162.40400000000005,162.42100000000005,162.39400000000003,162.41000000000005,2960
2026-06-29T15:30:00+00:00,162.41000000000005,162.42600000000004,162.39700000000005,162.40600000000003,3719
2026-06-29T16:00:00+00:00,162.40600000000003,162.41300000000004,162.39100000000005,162.41100000000006,3948
2026-06-29T16:30:00+00:00,162.41100000000006,162.42100000000005,162.39400000000003,162.41500000000005,3027
2026-06-29T17:00:00+00:00,162.41500000000005,162.43400000000005,162.40900000000005,162.42400000000004,2032
2026-06-29T17:30:00+00:00,162.42400000000004,162.42500000000004,162.39300000000006,162.41000000000005,1766
2026-06-29T18:00:00+00:00,162.41000000000005,162.42400000000004,162.40000000000003,162.41800000000003,1091
2026-06-29T18:30:00+00:00,162.41800000000003,162.45600000000005,162.41700000000006,162.44300000000004,2145
2026-06-29T19:00:00+00:00,162.44300000000004,162.44600000000005,162.41100000000006,162.41500000000005,1281
2026-06-29T19:30:00+00:00,162.41500000000005,162.42200000000005,162.38000000000005,162.41300000000004,2255
2026-06-29T20:00:00+00:00,162.41300000000004,162.43000000000004,162.40300000000005,162.41500000000002,996.9362455726092
2026-06-29T20:30:00+00:00,162.41500000000002,162.43800000000002,162.39900000000003,162.40500000000003,817
2026-06-29T21:00:00+00:00,162.40500000000003,162.40500000000003,162.33,162.366,501
2026-06-29T21:30:00+00:00,162.366,162.38800000000003,162.35000000000002,162.36700000000002,1168
2026-06-29T22:00:00+00:00,162.36700000000002,162.42200000000003,162.36700000000002,162.40800000000004,610.7504232164449
2026-06-29T22:30:00+00:00,162.40800000000004,162.41600000000003,162.39400000000003,162.39600000000004,546
2026-06-29T23:00:00+00:00,162.39600000000004,162.41000000000003,162.38800000000003,162.401,446.84438204219066
2026-06-29T23:30:00+00:00,162.401,162.40800000000002,162.387,162.40400000000002,577
2026-06-30T00:00:00+00:00,162.40400000000002,162.442,162.401,162.43200000000002,2102
2026-06-30T00:30:00+00:00,162.43200000000002,162.883,162.425,162.61800000000002,8974
2026-06-30T01:00:00+00:00,162.61800000000002,162.786,162.54500000000002,162.60600000000002,8247
2026-06-30T01:30:00+00:00,162.60600000000002,162.686,162.53300000000002,162.66600000000003,5459
2026-06-30T02:00:00+00:00,162.66600000000003,162.681,162.59,162.62900000000002,4315
2026-06-30T02:30:00+00:00,162.62900000000002,162.667,162.597,162.627,3163
2026-06-30T03:00:00+00:00,162.627,162.72600000000003,162.52100000000002,162.62900000000002,4672
2026-06-30T03:30:00+00:00,162.62900000000002,162.661,162.59900000000002,162.65400000000002,3029
2026-06-30T04:00:00+00:00,162.65400000000002,162.67800000000003,162.643,162.655,2077
2026-06-30T04:30:00+00:00,162.655,162.68800000000002,162.63000000000002,162.68300000000002,2943
2026-06-30T05:00:00+00:00,162.68300000000002,162.70700000000002,162.63500000000002,162.681,3460
2026-06-30T05:30:00+00:00,162.681,162.774,162.67700000000002,162.77300000000002,2287
2026-06-30T06:00:00+00:00,162.77300000000002,162.89200000000002,162.71200000000002,162.723,6203
2026-06-30T06:30:00+00:00,162.723,162.79600000000002,162.68200000000002,162.68300000000002,4038
2026-06-30T07:00:00+00:00,162.68300000000002,162.717,162.638,162.65,3828
2026-06-30T07:30:00+00:00,162.65,162.74900000000002,162.60000000000002,162.739,3262
2026-06-30T08:00:00+00:00,162.739,162.82100000000003,162.70700000000002,162.79000000000002,4235
2026-06-30T08:30:00+00:00,162.79000000000002,162.895,162.782,162.798,3600
2026-06-30T09:00:00+00:00,162.798,162.83200000000002,162.74800000000002,162.78300000000002,2941
2026-06-30T09:30:00+00:00,162.78300000000002,162.80100000000002,162.752,162.77300000000002,4423
2026-06-30T10:00:00+00:00,162.77300000000002,162.816,162.77100000000002,162.81300000000002,3407
2026-06-30T10:30:00+00:00,162.81300000000002,162.83800000000002,162.792,162.79500000000002,3787
2026-06-30T11:00:00+00:00,162.79500000000002,162.87400000000002,162.793,162.86100000000002,5735
2026-06-30T11:30:00+00:00,162.86100000000002,162.906,162.853,162.89200000000002,3163
2026-06-30T12:00:00+00:00,162.89200000000002,162.97600000000003,162.881,162.95800000000003,2827
2026-06-30T12:30:00+00:00,162.95800000000003,162.99300000000002,162.49300000000002,162.883,8975
2026-06-30T13:00:00+00:00,162.883,162.895,162.792,162.816,3105
2026-06-30T13:30:00+00:00,162.816,162.95600000000002,162.804,162.94600000000003,3181
2026-06-30T14:00:00+00:00,162.94600000000003,162.98700000000002,162.86200000000002,162.88500000000002,8082
2026-06-30T14:30:00+00:00,162.88500000000002,163.032,162.83300000000003,162.995,9804
2026-06-30T15:00:00+00:00,162.995,163.02700000000002,162.949,163.025,5714
2026-06-30T15:30:00+00:00,163.025,163.14200000000002,163.007,163.09300000000002,4375
2026-06-30T16:00:00+00:00,163.09300000000002,163.15200000000002,163.091,163.104,2449
2026-06-30T16:30:00+00:00,163.104,163.137,163.08,163.126,2318
2026-06-30T17:00:00+00:00,163.126,163.12800000000001,163.06400000000002,163.07000000000002,2195
2026-06-30T17:30:00+00:00,163.07000000000002,163.09,163.037,163.06300000000002,1890
2026-06-30T18:00:00+00:00,163.06300000000002,163.08700000000002,163.04500000000002,163.06300000000002,2479
2026-06-30T18:30:00+00:00,163.06300000000002,163.09900000000002,163.037,163.096,1969
2026-06-30T19:00:00+00:00,163.096,163.11,163.05100000000002,163.10600000000002,2586
2026-06-30T19:30:00+00:00,163.10600000000002,163.11100000000002,163.05900000000003,163.06,3217
2026-06-30T20:00:00+00:00,163.06,163.073,163.032,163.062,2240
2026-06-30T20:30:00+00:00,163.062,163.091,162.99,162.99900000000002,3821
2026-06-30T21:00:00+00:00,162.99900000000002,163.098,162.97000000000003,163.079,705.7518285904533
2026-06-30T21:30:00+00:00,163.079,163.10000000000002,163.01500000000001,163.03500000000003,1470
2026-06-30T22:00:00+00:00,163.03500000000003,163.103,163.03500000000003,163.102,889
2026-06-30T22:30:00+00:00,163.102,163.104,163.08300000000003,163.086,341.50682039084666
2026-06-30T23:00:00+00:00,163.086,163.08900000000003,163.008,163.05300000000003,569
2026-06-30T23:30:00+00:00,163.05300000000003,163.127,163.03,163.114,961
2026-07-01T00:00:00+00:00,163.114,163.175,163.114,163.12300000000002,2460
2026-07-01T00:30:00+00:00,163.12300000000002,163.256,163.12300000000002,163.163,3917
2026-07-01T01:00:00+00:00,163.163,163.21,163.11700000000002,163.155,3445
2026-07-01T01:30:00+00:00,163.155,163.167,163.066,163.16500000000002,3252
2026-07-01T02:00:00+00:00,163.16500000000002,163.18200000000002,163.139,163.167,2284
2026-07-01T02:30:00+00:00,163.167,163.27100000000002,163.16400000000002,163.228,2292
2026-07-01T03:00:00+00:00,163.228,163.286,163.21,163.286,2599
2026-07-01T03:30:00+00:00,163.286,163.318,163.27300000000002,163.27900000000002,1837
2026-07-01T04:00:00+00:00,163.27900000000002,163.292,163.25500000000002,163.269,2032
2026-07-01T04:30:00+00:00,163.269,163.27,163.036,163.20600000000002,5549
2026-07-01T05:00:00+00:00,163.20600000000002,163.24200000000002,163.174,163.211,2253
2026-07-01T05:30:00+00:00,163.211,163.222,163.16600000000003,163.191,2378
2026-07-01T06:00:00+00:00,163.191,163.23600000000002,163.173,163.187,3504
2026-07-01T06:30:00+00:00,163.187,163.209,163.14000000000001,163.157,3070
2026-07-01T07:00:00+00:00,163.157,163.20200000000003,163.092,163.18,3836
2026-07-01T07:30:00+00:00,163.18,163.18200000000002,163.10000000000002,163.15300000000002,3203
2026-07-01T08:00:00+00:00,163.15300000000002,163.18400000000003,163.127,163.12800000000001,2383
2026-07-01T08:30:00+00:00,163.12800000000001,163.14800000000002,163.115,163.14700000000002,2911
2026-07-01T09:00:00+00:00,163.14700000000002,163.199,163.13000000000002,163.151,2598
2026-07-01T09:30:00+00:00,163.151,163.223,163.145,163.215,2414
2026-07-01T10:00:00+00:00,163.215,163.227,163.156,163.17100000000002,2681
2026-07-01T10:30:00+00:00,163.17100000000002,163.185,163.156,163.17000000000002,1804
2026-07-01T11:00:00+00:00,163.17000000000002,163.20200000000003,163.16400000000002,163.17600000000002,2437
2026-07-01T11:30:00+00:00,163.17600000000002,163.216,163.17100000000002,163.17700000000002,2820
2026-07-01T12:00:00+00:00,163.17700000000002,163.19400000000002,163.151,163.17600000000002,3392
2026-07-01T12:30:00+00:00,163.17600000000002,163.245,163.167,163.18,3554
2026-07-01T13:00:00+00:00,163.18,163.21400000000003,163.026,163.04500000000002,7985
2026-07-01T13:30:00+00:00,163.04500000000002,163.04500000000002,162.776,162.888,13180
2026-07-01T14:00:00+00:00,162.888,162.93300000000002,162.792,162.93,9428
2026-07-01T14:30:00+00:00,162.93,162.931,162.80100000000002,162.877,7494
2026-07-01T15:00:00+00:00,162.877,162.95700000000002,162.85600000000002,162.89200000000002,5656
2026-07-01T15:30:00+00:00,162.89200000000002,162.94600000000003,162.87300000000002,162.894,5418
2026-07-01T16:00:00+00:00,162.894,162.90200000000002,162.841,162.876,3268
2026-07-01T16:30:00+00:00,162.876,162.943,162.866,162.93900000000002,2534
2026-07-01T17:00:00+00:00,162.93900000000002,162.97500000000002,162.905,162.967,2881
2026-07-01T17:30:00+00:00,162.967,163.02800000000002,162.96,163.013,2729
2026-07-01T18:00:00+00:00,163.013,163.06300000000002,162.99900000000002,163.054,2000
2026-07-01T18:30:00+00:00,163.054,163.06,162.994,163.00500000000002,2416
2026-07-01T19:00:00+00:00,163.00500000000002,163.03,162.99,163.001,1415
2026-07-01T19:30:00+00:00,163.001,163.067,162.989,163.05200000000002,2431
2026-07-01T20:00:00+00:00,163.05200000000002,163.08300000000003,163.031,163.08,1965
2026-07-01T20:30:00+00:00,163.08,163.10100000000003,163.05,163.05,1395
2026-07-01T21:00:00+00:00,163.05,163.05,162.98000000000002,163.01700000000002,758.8649395850844
2026-07-01T21:30:00+00:00,163.01700000000002,163.035,163.01700000000002,163.023,369.3192559623419
2026-07-01T22:00:00+00:00,163.023,163.06300000000002,163.023,163.04800000000003,720.4425438380399
2026-07-01T22:30:00+00:00,163.04800000000003,163.05000000000004,163.03100000000003,163.03600000000003,236.62643952499818
2026-07-01T23:00:00+00:00,163.03600000000003,163.07000000000005,163.02700000000004,163.06800000000004,510.1611772950245
2026-07-01T23:30:00+00:00,163.06800000000004,163.08200000000005,163.01300000000003,163.04300000000003,897
2026-07-02T00:00:00+00:00,163.04300000000003,163.08500000000004,162.97500000000005,163.07400000000004,3944
2026-07-02T00:30:00+00:00,163.07400000000004,163.09100000000004,163.02500000000003,163.05700000000004,4502
2026-07-02T01:00:00+00:00,163.05700000000004,163.07800000000006,163.02200000000005,163.05800000000005,4258
2026-07-02T01:30:00+00:00,163.05800000000005,163.07700000000006,162.99900000000005,163.02700000000004,2454
2026-07-02T02:00:00+00:00,163.02700000000004,163.04500000000004,163.00800000000004,163.01800000000006,2439
2026-07-02T02:30:00+00:00,163.01800000000006,163.02300000000005,162.99000000000004,163.01900000000003,1685
2026-07-02T03:00:00+00:00,163.01900000000003,163.03900000000004,163.01300000000003,163.02200000000005,2080
2026-07-02T03:30:00+00:00,163.02200000000005,163.02300000000005,162.92800000000005,162.95600000000005,2428
2026-07-02T04:00:00+00:00,162.95600000000005,162.95600000000005,162.85700000000006,162.94100000000006,3912
2026-07-02T04:30:00+00:00,162.94100000000006,162.94900000000004,162.88600000000005,162.92700000000005,2685
2026-07-02T05:00:00+00:00,162.92700000000005,162.92800000000005,162.88500000000005,162.89300000000006,3196
2026-07-02T05:30:00+00:00,162.89300000000006,162.90600000000003,162.81400000000005,162.82900000000004,3538
2026-07-02T06:00:00+00:00,162.82900000000004,162.83000000000004,162.62400000000005,162.74800000000005,7780
2026-07-02T06:30:00+00:00,162.74800000000005,162.74900000000005,161.60900000000004,162.31600000000006,16967
2026-07-02T07:00:00+00:00,162.31600000000006,162.44200000000004,162.09400000000005,162.17400000000004,16617
2026-07-02T07:30:00+00:00,162.17400000000004,162.22400000000005,161.86700000000005,161.92900000000006,16025
2026-07-02T08:00:00+00:00,161.92900000000006,161.95700000000005,161.65800000000004,161.69600000000005,18372
2026-07-02T08:30:00+00:00,161.69600000000005,161.76000000000005,161.39200000000005,161.51900000000003,17187
2026-07-02T09:00:00+00:00,161.51900000000003,161.83600000000004,161.51800000000006,161.74000000000004,11364
2026-07-02T09:30:00+00:00,161.74000000000004,161.76000000000005,161.61200000000005,161.69700000000006,12509
2026-07-02T10:00:00+00:00,161.69700000000006,161.98100000000005,161.69400000000005,161.96200000000005,7508
2026-07-02T10:30:00+00:00,161.96200000000005,161.97200000000004,161.82100000000005,161.85600000000005,5806
2026-07-02T11:00:00+00:00,161.85600000000005,161.92700000000005,161.81800000000004,161.85700000000006,6884
2026-07-02T11:30:00+00:00,161.85700000000006,161.99200000000005,161.85400000000004,161.97400000000005,4444
2026-07-02T12:00:00+00:00,161.97400000000005,162.13800000000003,161.96700000000004,162.02300000000005,8871
2026-07-02T12:30:00+00:00,162.02300000000005,162.02800000000005,161.11300000000006,161.52000000000004,31572
2026-07-02T13:00:00+00:00,161.52000000000004,161.65300000000005,161.42500000000004,161.60700000000006,14224
2026-07-02T13:30:00+00:00,161.60700000000006,161.61100000000005,161.34900000000005,161.35000000000005,11518
2026-07-02T14:00:00+00:00,161.35000000000005,161.55600000000004,161.32200000000006,161.54300000000003,12348
2026-07-02T14:30:00+00:00,161.54300000000003,161.61100000000005,161.49500000000006,161.53300000000004,10905
2026-07-02T15:00:00+00:00,161.53300000000004,161.57500000000005,161.32100000000005,161.39200000000005,12226
2026-07-02T15:30:00+00:00,161.39200000000005,161.43200000000004,161.25300000000004,161.40500000000006,10763
2026-07-02T16:00:00+00:00,161.40500000000006,161.57100000000005,161.38200000000003,161.56000000000006,9817
2026-07-02T16:30:00+00:00,161.56000000000006,161.58800000000005,161.43800000000005,161.47900000000004,8583
2026-07-02T17:00:00+00:00,161.47900000000004,161.61700000000005,161.47900000000004,161.60800000000006,5607
2026-07-02T17:30:00+00:00,161.60800000000006,161.62100000000004,161.55600000000004,161.56500000000005,5356
2026-07-02T18:00:00+00:00,161.56500000000005,161.59900000000005,161.51300000000003,161.57000000000005,6700
2026-07-02T18:30:00+00:00,161.57000000000005,161.58300000000006,161.52700000000004,161.54200000000006,4192
2026-07-02T19:00:00+00:00,161.54200000000006,161.61900000000006,161.54100000000005,161.61500000000004,4227
2026-07-02T19:30:00+00:00,161.61500000000004,161.66800000000003,161.61300000000006,161.62200000000004,4288
2026-07-02T20:00:00+00:00,161.62200000000004,161.63700000000006,161.56200000000004,161.57300000000004,1808
2026-07-02T20:30:00+00:00,161.57300000000004,161.62400000000005,161.57300000000004,161.59000000000006,1765
2026-07-02T21:00:00+00:00,161.59000000000006,161.63000000000005,161.54600000000005,161.61000000000004,514.6326858503498
2026-07-02T21:30:00+00:00,161.61000000000004,161.65300000000005,161.58600000000004,161.58800000000005,1534
2026-07-02T22:00:00+00:00,161.58800000000005,161.68000000000004,161.58800000000005,161.67900000000003,621
2026-07-02T22:30:00+00:00,161.67900000000003,161.83600000000004,161.67900000000003,161.79600000000005,1507
2026-07-02T23:00:00+00:00,161.79600000000005,161.81100000000004,161.76900000000003,161.79500000000004,1849
2026-07-02T23:30:00+00:00,161.79500000000004,162.00100000000003,161.79400000000004,161.99000000000004,2686
2026-07-03T00:00:00+00:00,161.99000000000004,162.05500000000004,161.92700000000005,161.98100000000005,5795
2026-07-03T00:30:00+00:00,161.98100000000005,161.99100000000004,161.72000000000006,161.72400000000005,6383
2026-07-03T01:00:00+00:00,161.72400000000005,161.80600000000004,161.45200000000006,161.63500000000005,8774
2026-07-03T01:30:00+00:00,161.63500000000005,161.79500000000004,161.60900000000004,161.76900000000003,5902
2026-07-03T02:00:00+00:00,161.76900000000003,161.78200000000004,161.65500000000006,161.68300000000005,4269
2026-07-03T02:30:00+00:00,161.68300000000005,161.76200000000006,161.65800000000004,161.70500000000004,4000
2026-07-03T03:00:00+00:00,161.70500000000004,161.75700000000003,161.68000000000004,161.73100000000005,3796
2026-07-03T03:30:00+00:00,161.73100000000005,161.74800000000005,161.67900000000003,161.70800000000006,3629
2026-07-03T04:00:00+00:00,161.70800000000006,161.74500000000003,161.69700000000003,161.71000000000004,4120
2026-07-03T04:30:00+00:00,161.71000000000004,161.74600000000004,161.66200000000003,161.66400000000004,2951
2026-07-03T05:00:00+00:00,161.66400000000004,161.66500000000005,161.51500000000004,161.60400000000004,4751
2026-07-03T05:30:00+00:00,161.60400000000004,161.71600000000004,161.57900000000004,161.69900000000004,3898
2026-07-03T06:00:00+00:00,161.69900000000004,161.69900000000004,161.48400000000004,161.52100000000004,5745
2026-07-03T06:30:00+00:00,161.52100000000004,161.54900000000004,161.01300000000003,161.40400000000005,12742
2026-07-03T07:00:00+00:00,161.40400000000005,161.45600000000005,161.24900000000005,161.28100000000003,8067
2026-07-03T07:30:00+00:00,161.28100000000003,161.53300000000004,161.27600000000004,161.33300000000006,6833
2026-07-03T08:00:00+00:00,161.33300000000006,161.44200000000004,161.30700000000004,161.39700000000005,3635
2026-07-03T08:30:00+00:00,161.39700000000005,161.57100000000005,161.39600000000004,161.56800000000004,3461
2026-07-03T09:00:00+00:00,161.56800000000004,161.60300000000004,161.49900000000005,161.58100000000005,2676
2026-07-03T09:30:00+00:00,161.58100000000005,161.66300000000004,161.55200000000005,161.66100000000006,2644
2026-07-03T10:00:00+00:00,161.66100000000006,161.70300000000003,161.64000000000004,161.66200000000003,3173
2026-07-03T10:30:00+00:00,161.66200000000003,161.69100000000003,161.60900000000004,161.63000000000005,2184
2026-07-03T11:00:00+00:00,161.63000000000005,161.66400000000004,161.59300000000005,161.63900000000004,3001
2026-07-03T11:30:00+00:00,161.63900000000004,161.69600000000005,161.63800000000003,161.65100000000004,2872
2026-07-03T12:00:00+00:00,161.65100000000004,161.68900000000005,161.63700000000006,161.66700000000006,4170
2026-07-03T12:30:00+00:00,161.66700000000006,161.70500000000004,161.64200000000005,161.70400000000004,3452
2026-07-03T13:00:00+00:00,161.70400000000004,161.81000000000003,161.70300000000003,161.74600000000004,3917
2026-07-03T13:30:00+00:00,161.74600000000004,161.80500000000004,161.74600000000004,161.78800000000004,3807
2026-07-03T14:00:00+00:00,161.78800000000004,161.81200000000004,161.74700000000004,161.75600000000006,5058
2026-07-03T14:30:00+00:00,161.75600000000006,161.83000000000004,161.74300000000005,161.82700000000006,4155
2026-07-03T15:00:00+00:00,161.82700000000006,161.88000000000005,161.80500000000004,161.81400000000005,3709
2026-07-03T15:30:00+00:00,161.81400000000005,161.86700000000005,161.81200000000004,161.85300000000004,2522
2026-07-03T16:00:00+00:00,161.85300000000004,161.90000000000003,161.84000000000003,161.89600000000004,1882
2026-07-03T16:30:00+00:00,161.89600000000004,161.92900000000003,161.87800000000004,161.88300000000004,1569
2026-07-03T17:00:00+00:00,161.88300000000004,161.89100000000005,161.83100000000005,161.85500000000005,8668
2026-07-03T17:30:00+00:00,161.85500000000005,161.87100000000004,161.81300000000005,161.83800000000005,9515
2026-07-03T18:00:00+00:00,161.83800000000005,161.87400000000005,161.82400000000004,161.86200000000005,4485
2026-07-03T18:30:00+00:00,161.86200000000005,161.89300000000006,161.85300000000004,161.88900000000004,3854
2026-07-03T19:00:00+00:00,161.88900000000004,161.89800000000005,161.87500000000006,161.88900000000004,1268.942001152295
2026-07-03T19:30:00+00:00,161.88900000000004,161.91500000000005,161.88200000000003,161.90000000000003,740
2026-07-03T20:00:00+00:00,161.90000000000003,161.92200000000005,161.89100000000005,161.91700000000006,2367
2026-07-03T20:30:00+00:00,161.91700000000006,161.95100000000005,161.85500000000005,161.86700000000005,4360.884564768534
2026-07-05T21:00:00+00:00,161.86700000000005,161.89100000000002,161.86700000000005,161.88500000000002,87.9170640761367
2026-07-05T21:30:00+00:00,161.88500000000002,161.89700000000002,161.84700000000004,161.89500000000004,290.8712065476204
2026-07-05T22:00:00+00:00,161.89500000000004,162.08100000000002,161.872,162.01300000000003,2781.546441840526
2026-07-05T22:30:00+00:00,162.01300000000003,162.032,162.00300000000001,162.02700000000002,569.7125330382689
2026-07-05T23:00:00+00:00,162.02700000000002,162.116,162.02700000000002,162.08200000000002,1155
2026-07-05T23:30:00+00:00,162.08200000000002,162.095,162.02800000000002,162.07000000000002,1636
2026-07-06T00:00:00+00:00,162.07000000000002,162.198,162.065,162.109,6413
2026-07-06T00:30:00+00:00,162.109,162.217,162.07600000000002,162.142,7500
2026-07-06T01:00:00+00:00,162.142,162.383,162.14100000000002,162.381,5759
2026-07-06T01:30:00+00:00,162.381,162.424,162.31,162.422,4126
2026-07-06T02:00:00+00:00,162.422,162.46,162.39100000000002,162.40900000000002,3007
2026-07-06T02:30:00+00:00,162.40900000000002,162.434,162.36,162.381,3108
2026-07-06T03:00:00+00:00,162.381,162.436,162.37300000000002,162.43300000000002,2276
2026-07-06T03:30:00+00:00,162.43300000000002,162.471,162.404,162.45100000000002,2781
2026-07-06T04:00:00+00:00,162.45100000000002,162.46,162.419,162.459,2039
2026-07-06T04:30:00+00:00,162.459,162.554,162.44500000000002,162.55100000000002,2768
2026-07-06T05:00:00+00:00,162.55100000000002,162.601,162.49300000000002,162.56400000000002,3813
2026-07-06T05:30:00+00:00,162.56400000000002,162.69500000000002,162.548,162.69,3438
2026-07-06T06:00:00+00:00,162.69,162.882,162.639,162.79000000000002,8167
2026-07-06T06:30:00+00:00,162.79000000000002,162.917,162.721,162.86,7015
2026-07-06T07:00:00+00:00,162.86,162.925,162.835,162.876,8516
2026-07-06T07:30:00+00:00,162.876,162.877,162.76600000000002,162.769,6137
2026-07-06T08:00:00+00:00,162.769,162.90300000000002,162.768,162.839,5234
2026-07-06T08:30:00+00:00,162.839,162.876,162.83700000000002,162.859,3841
2026-07-06T09:00:00+00:00,162.859,162.912,162.83800000000002,162.9,3971
2026-07-06T09:30:00+00:00,162.9,162.95700000000002,162.863,162.943,4275
2026-07-06T10:00:00+00:00,162.943,163.02100000000002,162.866,162.946,6997
2026-07-06T10:30:00+00:00,162.946,162.959,162.911,162.92000000000002,4155
2026-07-06T11:00:00+00:00,162.92000000000002,162.935,162.893,162.907,3469
2026-07-06T11:30:00+00:00,162.907,162.966,162.901,162.94400000000002,4059
2026-07-06T12:00:00+00:00,162.94400000000002,162.959,162.912,162.954,4706
2026-07-06T12:30:00+00:00,162.954,163.035,162.93200000000002,163.00900000000001,4563
2026-07-06T13:00:00+00:00,163.00900000000001,163.03,162.92000000000002,162.947,6114
2026-07-06T13:30:00+00:00,162.947,162.997,162.93200000000002,162.947,5042
2026-07-06T14:00:00+00:00,162.947,162.972,162.882,162.90900000000002,5392
2026-07-06T14:30:00+00:00,162.90900000000002,162.994,162.904,162.96800000000002,4780
2026-07-06T15:00:00+00:00,162.96800000000002,162.98100000000002,162.9,162.949,3963
2026-07-06T15:30:00+00:00,162.949,162.964,162.88400000000001,162.895,2506
2026-07-06T16:00:00+00:00,162.895,162.929,162.851,162.852,1904
2026-07-06T16:30:00+00:00,162.852,162.91400000000002,162.852,162.87,1958
2026-07-06T17:00:00+00:00,162.87,162.883,162.782,162.806,3051
2026-07-06T17:30:00+00:00,162.806,162.823,162.755,162.786,2227
2026-07-06T18:00:00+00:00,162.786,162.799,162.744,162.75300000000001,1950
2026-07-06T18:30:00+00:00,162.75300000000001,162.774,162.62800000000001,162.657,3613
2026-07-06T19:00:00+00:00,162.657,162.723,162.655,162.71800000000002,3035
2026-07-06T19:30:00+00:00,162.71800000000002,162.727,162.642,162.666,3964
2026-07-06T20:00:00+00:00,162.666,162.71,162.64000000000001,162.68300000000002,1773
2026-07-06T20:30:00+00:00,162.68300000000002,162.727,162.674,162.68300000000002,1593
2026-07-06T21:00:00+00:00,162.68300000000002,162.68300000000002,162.64100000000002,162.661,351
2026-07-06T21:30:00+00:00,162.661,162.73600000000002,162.632,162.669,5183
2026-07-06T22:00:00+00:00,162.669,162.727,162.654,162.69500000000002,1763
2026-07-06T22:30:00+00:00,162.69500000000002,162.698,162.673,162.67700000000002,474
2026-07-06T23:00:00+00:00,162.67700000000002,162.67700000000002,162.61,162.642,1041
2026-07-06T23:30:00+00:00,162.642,162.722,162.624,162.70600000000002,1174
2026-07-07T00:00:00+00:00,162.70600000000002,162.791,162.691,162.779,3433
2026-07-07T00:30:00+00:00,162.779,162.787,162.70100000000002,162.744,4689
2026-07-07T01:00:00+00:00,162.744,162.758,162.63400000000001,162.63500000000002,3434
2026-07-07T01:30:00+00:00,162.63500000000002,162.63500000000002,162.29500000000002,162.483,9253
2026-07-07T02:00:00+00:00,162.483,162.52200000000002,162.406,162.52,3899
2026-07-07T02:30:00+00:00,162.52,162.537,162.479,162.531,3378
2026-07-07T03:00:00+00:00,162.531,162.537,162.40300000000002,162.43900000000002,4344
2026-07-07T03:30:00+00:00,162.43900000000002,162.508,162.422,162.484,2507
2026-07-07T04:00:00+00:00,162.484,162.496,162.40200000000002,162.416,1897
2026-07-07T04:30:00+00:00,162.416,162.416,162.293,162.407,3856
2026-07-07T05:00:00+00:00,162.407,162.50300000000001,162.36100000000002,162.47,4911
2026-07-07T05:30:00+00:00,162.47,162.502,162.42000000000002,162.48000000000002,3889
2026-07-07T06:00:00+00:00,162.48000000000002,162.644,162.472,162.643,3877
2026-07-07T06:30:00+00:00,162.643,162.654,162.591,162.636,2778
2026-07-07T07:00:00+00:00,162.636,162.692,162.262,162.573,6807
2026-07-07T07:30:00+00:00,162.573,162.601,162.461,162.571,7501
2026-07-07T08:00:00+00:00,162.571,162.58100000000002,162.437,162.536,5897
2026-07-07T08:30:00+00:00,162.536,162.559,162.461,162.511,7267
2026-07-07T09:00:00+00:00,162.511,162.531,162.425,162.494,5577
2026-07-07T09:30:00+00:00,162.494,162.57600000000002,162.476,162.55100000000002,3085
2026-07-07T10:00:00+00:00,162.55100000000002,162.573,162.494,162.499,3239
2026-07-07T10:30:00+00:00,162.499,162.554,162.48600000000002,162.55,2671
2026-07-07T11:00:00+00:00,162.55,162.56300000000002,162.45700000000002,162.514,2776
2026-07-07T11:30:00+00:00,162.514,162.56900000000002,162.511,162.531,3050
2026-07-07T12:00:00+00:00,162.531,162.54000000000002,162.393,162.398,4404
2026-07-07T12:30:00+00:00,162.398,162.485,162.365,162.45100000000002,3792
2026-07-07T13:00:00+00:00,162.45100000000002,162.50900000000001,162.45100000000002,162.49300000000002,5320
2026-07-07T13:30:00+00:00,162.49300000000002,162.513,162.423,162.505,4370
2026-07-07T14:00:00+00:00,162.505,162.63400000000001,162.491,162.538,7580
2026-07-07T14:30:00+00:00,162.538,162.59,162.46800000000002,162.524,6198
2026-07-07T15:00:00+00:00,162.524,162.556,162.494,162.505,4524
2026-07-07T15:30:00+00:00,162.505,162.55800000000002,162.46900000000002,162.524,2777
2026-07-07T16:00:00+00:00,162.524,162.542,162.48000000000002,162.53,2468
2026-07-07T16:30:00+00:00,162.53,162.57000000000002,162.52,162.54500000000002,2512
2026-07-07T17:00:00+00:00,162.54500000000002,162.553,162.497,162.547,2884
2026-07-07T17:30:00+00:00,162.547,162.548,162.49,162.502,2499
2026-07-07T18:00:00+00:00,162.502,162.526,162.484,162.50400000000002,1688
2026-07-07T18:30:00+00:00,162.50400000000002,162.58100000000002,162.47,162.544,4149
2026-07-07T19:00:00+00:00,162.544,162.752,162.543,162.70700000000002,6031
2026-07-07T19:30:00+00:00,162.70700000000002,162.708,162.64100000000002,162.68800000000002,4822
2026-07-07T20:00:00+00:00,162.68800000000002,162.717,162.663,162.68800000000002,1792
2026-07-07T20:30:00+00:00,162.68800000000002,162.73700000000002,162.685,162.68800000000002,1395
2026-07-07T21:00:00+00:00,162.68800000000002,162.77499999999998,162.631,162.773,816.4260923498056
2026-07-07T21:30:00+00:00,162.773,162.79999999999998,162.69199999999998,162.75599999999997,994.9726591948535
2026-07-07T22:00:00+00:00,162.75599999999997,162.80899999999997,162.71499999999997,162.74999999999997,2829
2026-07-07T22:30:00+00:00,162.74999999999997,162.80799999999996,162.74999999999997,162.78999999999996,513
2026-07-07T23:00:00+00:00,162.78999999999996,162.90399999999997,162.77899999999997,162.89399999999998,1169
2026-07-07T23:30:00+00:00,162.89399999999998,162.97699999999998,162.86499999999998,162.974,1810
2026-07-08T00:00:00+00:00,162.974,163.01399999999998,162.914,162.99399999999997,5984
2026-07-08T00:30:00+00:00,162.99399999999997,162.99399999999997,162.86299999999997,162.95499999999998,5004
2026-07-08T01:00:00+00:00,162.95499999999998,163.02799999999996,162.89299999999997,163.02599999999998,3135
2026-07-08T01:30:00+00:00,163.02599999999998,163.07099999999997,162.95799999999997,162.968,3856
2026-07-08T02:00:00+00:00,162.968,163.04299999999998,162.94599999999997,162.99999999999997,3369
2026-07-08T02:30:00+00:00,162.99999999999997,163.01599999999996,162.95399999999998,162.95399999999998,2057
2026-07-08T03:00:00+00:00,162.95399999999998,162.95799999999997,162.89999999999998,162.91699999999997,3267
2026-07-08T03:30:00+00:00,162.91699999999997,162.962,162.914,162.94899999999998,2494
2026-07-08T04:00:00+00:00,162.94899999999998,163.00599999999997,162.94499999999996,162.99399999999997,1904
2026-07-08T04:30:00+00:00,162.99399999999997,163.01699999999997,162.96399999999997,162.97599999999997,1702
2026-07-08T05:00:00+00:00,162.97599999999997,162.986,162.93499999999997,162.94299999999998,2734
2026-07-08T05:30:00+00:00,162.94299999999998,162.944,162.81599999999997,162.90599999999998,4231
2026-07-08T06:00:00+00:00,162.90599999999998,162.91699999999997,162.78799999999998,162.81499999999997,5517
2026-07-08T06:30:00+00:00,162.81499999999997,162.82799999999997,162.68499999999997,162.81399999999996,4658
2026-07-08T07:00:00+00:00,162.81399999999996,162.90099999999998,162.79999999999998,162.81499999999997,8784
2026-07-08T07:30:00+00:00,162.81499999999997,162.84999999999997,162.79099999999997,162.83399999999997,5957
2026-07-08T08:00:00+00:00,162.83399999999997,163.05499999999998,162.819,162.99899999999997,9221
2026-07-08T08:30:00+00:00,162.99899999999997,163.10699999999997,162.95999999999998,163.09799999999998,6327
2026-07-08T09:00:00+00:00,163.09799999999998,163.16699999999997,162.84999999999997,163.08499999999998,8806
2026-07-08T09:30:00+00:00,163.08499999999998,163.11499999999998,162.99999999999997,163.07099999999997,5607
2026-07-08T10:00:00+00:00,163.07099999999997,163.075,163.02299999999997,163.04699999999997,3544
2026-07-08T10:30:00+00:00,163.04699999999997,163.08799999999997,163.01599999999996,163.08599999999998,3376
2026-07-08T11:00:00+00:00,163.08599999999998,163.11999999999998,163.07899999999998,163.09399999999997,2991
2026-07-08T11:30:00+00:00,163.09399999999997,163.16699999999997,163.02999999999997,163.146,6664
2026-07-08T12:00:00+00:00,163.146,163.15699999999998,163.05399999999997,163.08499999999998,6795
2026-07-08T12:30:00+00:00,163.08499999999998,163.13299999999998,163.05399999999997,163.12999999999997,5566
2026-07-08T13:00:00+00:00,163.12999999999997,163.17299999999997,163.105,163.14,6592
2026-07-08T13:30:00+00:00,163.14,163.176,163.09399999999997,163.14999999999998,5460
2026-07-08T14:00:00+00:00,163.14999999999998,163.17399999999998,163.12299999999996,163.15999999999997,3895
2026-07-08T14:30:00+00:00,163.15999999999997,163.23499999999999,163.15699999999998,163.22099999999998,3677
2026-07-08T15:00:00+00:00,163.22099999999998,163.29899999999998,163.2,163.26999999999998,4999
2026-07-08T15:30:00+00:00,163.26999999999998,163.319,163.265,163.28099999999998,4669
2026-07-08T16:00:00+00:00,163.28099999999998,163.28199999999998,163.22499999999997,163.25799999999998,4369
2026-07-08T16:30:00+00:00,163.25799999999998,163.26599999999996,163.11199999999997,163.14299999999997,5868
2026-07-08T17:00:00+00:00,163.14299999999997,163.14499999999998,163.02899999999997,163.09099999999998,5040
2026-07-08T17:30:00+00:00,163.09099999999998,163.16199999999998,163.07199999999997,163.13899999999998,2772
2026-07-08T18:00:00+00:00,163.13899999999998,163.16899999999998,163.063,163.07299999999998,3443
2026-07-08T18:30:00+00:00,163.07299999999998,163.105,163.05399999999997,163.08699999999996,3127.718710224862
2026-07-08T19:00:00+00:00,163.08699999999996,163.08899999999997,163.04499999999996,163.05499999999995,3319
2026-07-08T19:30:00+00:00,163.05499999999995,163.16999999999996,163.03599999999994,163.08899999999997,3850
2026-07-08T20:00:00+00:00,163.08899999999997,163.16299999999995,163.08299999999997,163.15299999999996,1552
2026-07-08T20:30:00+00:00,163.15299999999996,163.26099999999997,163.14799999999997,163.18899999999996,1916
2026-07-08T21:00:00+00:00,163.18899999999996,163.21499999999997,163.07599999999996,163.16299999999995,742.5091862738736
2026-07-08T21:30:00+00:00,163.16299999999995,163.18099999999995,163.14299999999997,163.15399999999997,1502.000817661488
2026-07-08T22:00:00+00:00,163.15399999999997,163.21599999999998,163.15099999999998,163.201,612.061049724949
2026-07-08T22:30:00+00:00,163.201,163.201,163.16899999999998,163.17499999999998,405.4743732868749
2026-07-08T23:00:00+00:00,163.17499999999998,163.18499999999997,163.14899999999997,163.183,917
2026-07-08T23:30:00+00:00,163.183,163.18999999999997,163.14199999999997,163.14999999999998,917
2026-07-09T00:00:00+00:00,163.14999999999998,163.14999999999998,162.968,162.99599999999998,4146
2026-07-09T00:30:00+00:00,162.99599999999998,163.09199999999998,162.975,163.052,4665
2026-07-09T01:00:00+00:00,163.052,163.182,163.021,163.15999999999997,5683
2026-07-09T01:30:00+00:00,163.15999999999997,163.16899999999998,163.052,163.05899999999997,4571
2026-07-09T02:00:00+00:00,163.05899999999997,163.1,163.04799999999997,163.07399999999998,2807
2026-07-09T02:30:00+00:00,163.07399999999998,163.112,163.06099999999998,163.07999999999998,1524
2026-07-09T03:00:00+00:00,163.07999999999998,163.105,163.05599999999998,163.05999999999997,1523
2026-07-09T03:30:00+00:00,163.05999999999997,163.06699999999998,163.01799999999997,163.06099999999998,2926
2026-07-09T04:00:00+00:00,163.06099999999998,163.075,163.02599999999998,163.03499999999997,1785
2026-07-09T04:30:00+00:00,163.03499999999997,163.058,163.01799999999997,163.04,1319
2026-07-09T05:00:00+00:00,163.04,163.046,162.96999999999997,162.98199999999997,3009
2026-07-09T05:30:00+00:00,162.98199999999997,163.004,162.95399999999998,162.98,2434
2026-07-09T06:00:00+00:00,162.98,162.98399999999998,162.85699999999997,162.85799999999998,4607
2026-07-09T06:30:00+00:00,162.85799999999998,162.94299999999998,162.85699999999997,162.90699999999998,5094
2026-07-09T07:00:00+00:00,162.90699999999998,163.009,162.90699999999998,162.97899999999998,4992
2026-07-09T07:30:00+00:00,162.97899999999998,162.992,162.938,162.95799999999997,4835
2026-07-09T08:00:00+00:00,162.95799999999997,162.975,162.91199999999998,162.93399999999997,4691
2026-07-09T08:30:00+00:00,162.93399999999997,163.01299999999998,162.92499999999998,163.00499999999997,3938
2026-07-09T09:00:00+00:00,163.00499999999997,163.04099999999997,162.99099999999999,163.01899999999998,2228
2026-07-09T09:30:00+00:00,163.01899999999998,163.05999999999997,163.00199999999998,163.01199999999997,2323
2026-07-09T10:00:00+00:00,163.01199999999997,163.058,163.01,163.05299999999997,1318
2026-07-09T10:30:00+00:00,163.05299999999997,163.11499999999998,163.022,163.094,1972
2026-07-09T11:00:00+00:00,163.094,163.10799999999998,163.07299999999998,163.105,3093
2026-07-09T11:30:00+00:00,163.105,163.11999999999998,163.064,163.08299999999997,2426
2026-07-09T12:00:00+00:00,163.08299999999997,163.08399999999997,163.00099999999998,163.02599999999998,3348
2026-07-09T12:30:00+00:00,163.02599999999998,163.06699999999998,163.01299999999998,163.052,2553
2026-07-09T13:00:00+00:00,163.052,163.06199999999998,162.903,162.98399999999998,4182
2026-07-09T13:30:00+00:00,162.98399999999998,162.987,162.91799999999998,162.94899999999998,3808
2026-07-09T14:00:00+00:00,162.94899999999998,163.01,162.89499999999998,162.98799999999997,4406
2026-07-09T14:30:00+00:00,162.98799999999997,163.033,162.93099999999998,162.97699999999998,4542
2026-07-09T15:00:00+00:00,162.97699999999998,163.02299999999997,162.969,162.96999999999997,3079
2026-07-09T15:30:00+00:00,162.96999999999997,162.99999999999997,162.86499999999998,162.89799999999997,2946
2026-07-09T16:00:00+00:00,162.89799999999997,162.93499999999997,162.86599999999999,162.90999999999997,3046
2026-07-09T16:30:00+00:00,162.90999999999997,162.93599999999998,162.885,162.92799999999997,2042
2026-07-09T17:00:00+00:00,162.92799999999997,162.94099999999997,162.88299999999998,162.88599999999997,1655
2026-07-09T17:30:00+00:00,162.88599999999997,162.915,162.88299999999998,162.897,1277
2026-07-09T18:00:00+00:00,162.897,162.986,162.897,162.98,2223
2026-07-09T18:30:00+00:00,162.98,162.98399999999998,162.93699999999998,162.944,1862
2026-07-09T19:00:00+00:00,162.944,163.00099999999998,162.92999999999998,162.99599999999998,1522
2026-07-09T19:30:00+00:00,162.99599999999998,163.02499999999998,162.97099999999998,162.99899999999997,1700
2026-07-09T20:00:00+00:00,162.99899999999997,163.01799999999997,162.969,162.98399999999998,1511
2026-07-09T20:30:00+00:00,162.98399999999998,163.016,162.95899999999997,162.95899999999997,544.6471307619944
2026-07-09T21:00:00+00:00,162.95899999999997,162.97699999999998,162.923,162.933,251.05006852238273
2026-07-09T21:30:00+00:00,162.933,163.00799999999998,162.933,162.98199999999997,1262.864136418966
2026-07-09T22:00:00+00:00,162.98199999999997,163.04599999999996,162.96699999999998,162.98299999999998,1026
2026-07-09T22:30:00+00:00,162.98299999999998,162.98999999999998,162.968,162.97699999999998,301.68678154692316
2026-07-09T23:00:00+00:00,162.97699999999998,163.00799999999998,162.95899999999997,163.00099999999998,567
2026-07-09T23:30:00+00:00,163.00099999999998,163.00599999999997,162.97699999999998,162.98799999999997,690
2026-07-10T00:00:00+00:00,162.98799999999997,163.045,162.94799999999998,163.03999999999996,2322
2026-07-10T00:30:00+00:00,163.03999999999996,163.04099999999997,162.51099999999997,162.676,11067
2026-07-10T01:00:00+00:00,162.676,162.72699999999998,162.253,162.51899999999998,13184
2026-07-10T01:30:00+00:00,162.51899999999998,162.52399999999997,162.29399999999998,162.35699999999997,12203
2026-07-10T02:00:00+00:00,162.35699999999997,162.37699999999998,161.90699999999998,162.08799999999997,11768
2026-07-10T02:30:00+00:00,162.08799999999997,162.17999999999998,161.96999999999997,162.07399999999998,13364
2026-07-10T03:00:00+00:00,162.07399999999998,162.11999999999998,162.003,162.01399999999998,10401
2026-07-10T03:30:00+00:00,162.01399999999998,162.19799999999998,161.97499999999997,162.13899999999998,4746
2026-07-10T04:00:00+00:00,162.13899999999998,162.30999999999997,162.13899999999998,162.25699999999998,4431
2026-07-10T04:30:00+00:00,162.25699999999998,162.33199999999997,162.23899999999998,162.25699999999998,3532
2026-07-10T05:00:00+00:00,162.25699999999998,162.27999999999997,162.09499999999997,162.24499999999998,5340
2026-07-10T05:30:00+00:00,162.24499999999998,162.28499999999997,162.12199999999999,162.20299999999997,5160
2026-07-10T06:00:00+00:00,162.20299999999997,162.20999999999998,162.02999999999997,162.19199999999998,8601
2026-07-10T06:30:00+00:00,162.19199999999998,162.23699999999997,162.117,162.20299999999997,5937
2026-07-10T07:00:00+00:00,162.20299999999997,162.39499999999998,162.19599999999997,162.36999999999998,6364
2026-07-10T07:30:00+00:00,162.36999999999998,162.39199999999997,162.277,162.319,6895
2026-07-10T08:00:00+00:00,162.319,162.367,162.16199999999998,162.34799999999998,7135
2026-07-10T08:30:00+00:00,162.34799999999998,162.35599999999997,162.18699999999998,162.307,7570
2026-07-10T09:00:00+00:00,162.307,162.39,162.26099999999997,162.38699999999997,4962
2026-07-10T09:30:00+00:00,162.38699999999997,162.48,162.378,162.44799999999998,6677
2026-07-10T10:00:00+00:00,162.44799999999998,162.44799999999998,162.319,162.32599999999996,5936
2026-07-10T10:30:00+00:00,162.32599999999996,162.41899999999998,162.32299999999998,162.39,3607
2026-07-10T11:00:00+00:00,162.39,162.46399999999997,162.36999999999998,162.42999999999998,3775
2026-07-10T11:30:00+00:00,162.42999999999998,162.50699999999998,162.42199999999997,162.46899999999997,4100
2026-07-10T12:00:00+00:00,162.46899999999997,162.51599999999996,162.307,162.45099999999996,7007
2026-07-10T12:30:00+00:00,162.45099999999996,162.50699999999998,162.408,162.41799999999998,5034
2026-07-10T13:00:00+00:00,162.41799999999998,162.48299999999998,162.384,162.42499999999998,4055
2026-07-10T13:30:00+00:00,162.42499999999998,162.456,162.34399999999997,162.38899999999998,5123
2026-07-10T14:00:00+00:00,162.38899999999998,162.45899999999997,162.38199999999998,162.384,3973
2026-07-10T14:30:00+00:00,162.384,162.48999999999998,162.367,162.45,8559
2026-07-10T15:00:00+00:00,162.45,162.468,162.09499999999997,162.14199999999997,7692
2026-07-10T15:30:00+00:00,162.14199999999997,162.14299999999997,161.902,161.94199999999998,10303
2026-07-10T16:00:00+00:00,161.94199999999998,162.03599999999997,161.92099999999996,161.968,11617
2026-07-10T16:30:00+00:00,161.968,162.13499999999996,161.96699999999998,162.13099999999997,6214
2026-07-10T17:00:00+00:00,162.13099999999997,162.21099999999998,162.11299999999997,162.16199999999998,3831
2026-07-10T17:30:00+00:00,162.16199999999998,162.27499999999998,162.146,162.26699999999997,3761
2026-07-10T18:00:00+00:00,162.26699999999997,162.32899999999998,162.25499999999997,162.32799999999997,2595
2026-07-10T18:30:00+00:00,162.32799999999997,162.35699999999997,162.28999999999996,162.31199999999998,2460
2026-07-10T19:00:00+00:00,162.31199999999998,162.35799999999998,162.29999999999998,162.32099999999997,1597
2026-07-10T19:30:00+00:00,162.32099999999997,162.36799999999997,162.29899999999998,162.35999999999999,1882
2026-07-10T20:00:00+00:00,162.35999999999999,162.373,162.325,162.34099999999998,1581
2026-07-10T20:30:00+00:00,162.34099999999998,162.38199999999998,162.26399999999998,162.28599999999997,1432.8669081960488
2026-07-12T21:00:00+00:00,162.28599999999997,162.29399999999998,162.18800000000002,162.27,212.54281637021825
2026-07-12T21:30:00+00:00,162.27,162.361,162.258,162.31,1139
2026-07-12T22:00:00+00:00,162.31,162.609,162.297,162.519,3458
2026-07-12T22:30:00+00:00,162.519,162.632,162.519,162.593,2458
2026-07-12T23:00:00+00:00,162.593,162.63400000000001,162.53,162.54,2675
2026-07-12T23:30:00+00:00,162.54,162.584,162.451,162.452,4003
2026-07-13T00:00:00+00:00,162.452,162.57,162.448,162.535,9794
2026-07-13T00:30:00+00:00,162.535,162.669,162.505,162.661,9135
2026-07-13T01:00:00+00:00,162.661,162.738,162.612,162.612,9020
2026-07-13T01:30:00+00:00,162.612,162.624,162.523,162.544,7164
2026-07-13T02:00:00+00:00,162.544,162.659,162.528,162.619,5943
2026-07-13T02:30:00+00:00,162.619,162.645,162.578,162.643,4263
2026-07-13T03:00:00+00:00,162.643,162.693,162.631,162.662,4537
2026-07-13T03:30:00+00:00,162.662,162.667,162.63400000000001,162.638,5472
2026-07-13T04:00:00+00:00,162.638,162.663,162.561,162.562,5070
2026-07-13T04:30:00+00:00,162.562,162.616,162.53,162.565,4521
2026-07-13T05:00:00+00:00,162.565,162.63400000000001,162.508,162.621,8277
2026-07-13T05:30:00+00:00,162.621,162.903,162.589,162.838,11189
2026-07-13T06:00:00+00:00,162.838,162.922,162.79,162.842,10555
2026-07-13T06:30:00+00:00,162.842,162.886,162.768,162.80700000000002,8617
2026-07-13T07:00:00+00:00,162.80700000000002,162.848,162.393,162.693,13009
2026-07-13T07:30:00+00:00,162.693,162.80100000000002,162.655,162.671,10461
2026-07-13T08:00:00+00:00,162.671,162.68800000000002,162.587,162.678,11560
2026-07-13T08:30:00+00:00,162.678,162.709,162.626,162.649,6114
2026-07-13T09:00:00+00:00,162.649,162.671,162.549,162.562,5999
2026-07-13T09:30:00+00:00,162.562,162.601,162.547,162.564,5454
2026-07-13T10:00:00+00:00,162.564,162.691,162.561,162.689,6126
2026-07-13T10:30:00+00:00,162.689,162.69,162.633,162.637,7985
2026-07-13T11:00:00+00:00,162.637,162.715,162.598,162.666,7641
2026-07-13T11:30:00+00:00,162.666,162.695,162.64000000000001,162.68800000000002,5626
2026-07-13T12:00:00+00:00,162.68800000000002,162.762,162.666,162.743,6106
2026-07-13T12:30:00+00:00,162.743,162.762,162.673,162.68200000000002,4633
2026-07-13T13:00:00+00:00,162.68200000000002,162.719,162.642,162.69400000000002,6677
2026-07-13T13:30:00+00:00,162.69400000000002,162.8,162.686,162.791,7571
2026-07-13T14:00:00+00:00,162.791,162.948,162.75300000000001,162.868,10018
2026-07-13T14:30:00+00:00,162.868,162.98,162.857,162.916,7471
2026-07-13T15:00:00+00:00,162.916,162.95000000000002,162.872,162.889,4837
2026-07-13T15:30:00+00:00,162.889,162.942,162.875,162.893,4201
2026-07-13T16:00:00+00:00,162.893,162.982,162.877,162.973,4050
2026-07-13T16:30:00+00:00,162.973,163.035,162.962,163.02,8005
2026-07-13T17:00:00+00:00,163.02,163.036,162.994,163.011,4259
2026-07-13T17:30:00+00:00,163.011,163.034,163.008,163.032,3291
2026-07-13T18:00:00+00:00,163.032,163.047,162.996,163.002,3975
2026-07-13T18:30:00+00:00,163.002,163.011,162.925,162.928,5010
2026-07-13T19:00:00+00:00,162.928,163.019,162.925,163.011,2561
2026-07-13T19:30:00+00:00,163.011,163.035,162.988,163.019,2568
2026-07-13T20:00:00+00:00,163.019,163.055,162.995,163.024,1962
2026-07-13T20:30:00+00:00,163.024,163.049,162.999,162.999,1316
2026-07-13T21:00:00+00:00,162.999,163.01400000000004,162.935,163.01400000000004,118.04922978597597
2026-07-13T21:30:00+00:00,163.01400000000004,163.03600000000003,162.98200000000003,162.99400000000003,317.1933831064266
2026-07-13T22:00:00+00:00,162.99400000000003,163.03300000000004,162.97500000000002,163.00100000000003,614.7821037133976
2026-07-13T22:30:00+00:00,163.00100000000003,163.01500000000004,162.98400000000004,163.01400000000004,615.256434699714
2026-07-13T23:00:00+00:00,163.01400000000004,163.02400000000003,162.98300000000003,162.98600000000005,891
2026-07-13T23:30:00+00:00,162.98600000000005,163.01100000000005,162.96100000000004,162.99200000000005,1971
2026-07-14T00:00:00+00:00,162.99200000000005,163.04000000000005,162.95800000000003,163.00100000000003,5523
2026-07-14T00:30:00+00:00,163.00100000000003,163.02200000000005,162.80100000000004,162.95400000000004,10494
2026-07-14T01:00:00+00:00,162.95400000000004,162.96500000000003,162.89700000000005,162.96100000000004,4505
2026-07-14T01:30:00+00:00,162.96100000000004,162.99500000000003,162.90700000000004,162.96500000000003,5533
2026-07-14T02:00:00+00:00,162.96500000000003,162.98500000000004,162.90600000000003,162.92200000000005,4941
2026-07-14T02:30:00+00:00,162.92200000000005,162.94200000000004,162.87700000000004,162.89500000000004,4802
2026-07-14T03:00:00+00:00,162.89500000000004,162.94200000000004,162.88700000000003,162.89700000000005,5067
2026-07-14T03:30:00+00:00,162.89700000000005,162.90100000000004,162.79900000000004,162.85900000000004,5311
2026-07-14T04:00:00+00:00,162.85900000000004,162.88800000000003,162.83100000000005,162.88600000000005,3627
2026-07-14T04:30:00+00:00,162.88600000000005,162.91100000000003,162.86500000000004,162.88700000000003,3390
2026-07-14T05:00:00+00:00,162.88700000000003,162.88700000000003,162.83300000000003,162.87200000000004,3451
2026-07-14T05:30:00+00:00,162.87200000000004,162.87300000000005,162.81300000000005,162.85800000000003,5045
2026-07-14T06:00:00+00:00,162.85800000000003,162.94100000000003,162.84400000000005,162.93400000000005,6811
2026-07-14T06:30:00+00:00,162.93400000000005,162.94000000000005,162.86400000000003,162.91700000000003,6489
2026-07-14T07:00:00+00:00,162.91700000000003,162.94200000000004,162.86800000000005,162.88600000000005,5967
2026-07-14T07:30:00+00:00,162.88600000000005,162.93400000000005,162.88600000000005,162.91400000000004,5257
2026-07-14T08:00:00+00:00,162.91400000000004,162.95600000000005,162.89900000000003,162.90300000000005,4621
2026-07-14T08:30:00+00:00,162.90300000000005,162.91000000000005,162.61900000000003,162.84400000000005,6396
2026-07-14T09:00:00+00:00,162.84400000000005,162.85300000000004,162.76200000000003,162.79000000000005,5247
2026-07-14T09:30:00+00:00,162.79000000000005,162.80200000000005,162.72700000000003,162.75500000000005,4260
2026-07-14T10:00:00+00:00,162.75500000000005,162.79200000000003,162.72800000000004,162.77700000000004,4454
2026-07-14T10:30:00+00:00,162.77700000000004,162.83400000000003,162.77200000000005,162.82600000000005,4579
2026-07-14T11:00:00+00:00,162.82600000000005,162.84800000000004,162.79400000000004,162.81200000000004,5322
2026-07-14T11:30:00+00:00,162.81200000000004,162.81300000000005,162.75500000000005,162.76900000000003,3784
2026-07-14T12:00:00+00:00,162.76900000000003,162.80300000000005,162.66700000000003,162.66700000000003,5613
2026-07-14T12:30:00+00:00,162.66700000000003,162.70800000000003,162.16500000000005,162.48200000000003,24034
2026-07-14T13:00:00+00:00,162.48200000000003,162.54000000000005,162.40100000000004,162.44100000000003,16080
2026-07-14T13:30:00+00:00,162.44100000000003,162.54700000000005,162.42500000000004,162.49300000000005,11277
2026-07-14T14:00:00+00:00,162.49300000000005,162.56700000000004,162.41800000000003,162.55900000000005,10327
2026-07-14T14:30:00+00:00,162.55900000000005,162.58600000000004,162.38400000000004,162.53900000000004,12314
2026-07-14T15:00:00+00:00,162.53900000000004,162.59900000000005,162.44200000000004,162.51900000000003,9471
2026-07-14T15:30:00+00:00,162.51900000000003,162.74100000000004,162.51500000000004,162.71400000000003,9846
2026-07-14T16:00:00+00:00,162.71400000000003,162.76800000000003,162.70400000000004,162.72900000000004,8234
2026-07-14T16:30:00+00:00,162.72900000000004,162.73100000000005,162.67600000000004,162.68400000000005,3840
2026-07-14T17:00:00+00:00,162.68400000000005,162.80700000000004,162.68300000000005,162.75200000000004,6269
2026-07-14T17:30:00+00:00,162.75200000000004,162.77000000000004,162.72000000000003,162.76300000000003,4122
2026-07-14T18:00:00+00:00,162.76300000000003,162.78700000000003,162.73300000000003,162.78000000000003,3127
2026-07-14T18:30:00+00:00,162.78000000000003,162.85700000000003,162.75900000000004,162.76700000000005,4915
2026-07-14T19:00:00+00:00,162.76700000000005,162.76700000000005,162.70400000000004,162.73300000000003,3546
2026-07-14T19:30:00+00:00,162.73300000000003,162.78300000000004,162.71000000000004,162.78200000000004,4791
2026-07-14T20:00:00+00:00,162.78200000000004,162.81500000000005,162.77500000000003,162.81400000000005,1210
2026-07-14T20:30:00+00:00,162.81400000000005,162.83800000000005,162.80600000000004,162.80800000000005,1897
2026-07-14T21:00:00+00:00,162.80800000000005,162.80800000000005,162.66100000000003,162.70200000000003,107.88712089373357
2026-07-14T21:30:00+00:00,162.70200000000003,162.78200000000004,162.699,162.76000000000002,743.2296510027982
2026-07-14T22:00:00+00:00,162.76000000000002,162.83200000000002,162.75500000000002,162.80000000000004,1416
2026-07-14T22:30:00+00:00,162.80000000000004,162.80700000000004,162.77700000000004,162.80200000000002,1069
2026-07-14T23:00:00+00:00,162.80200000000002,162.80600000000004,162.75200000000004,162.76400000000004,918
2026-07-14T23:30:00+00:00,162.76400000000004,162.77800000000002,162.73200000000003,162.76300000000003,1447
2026-07-15T00:00:00+00:00,162.76300000000003,162.80800000000002,162.68500000000003,162.71000000000004,4688
2026-07-15T00:30:00+00:00,162.71000000000004,162.80000000000004,162.64400000000003,162.66600000000003,6673
2026-07-15T01:00:00+00:00,162.66600000000003,162.67800000000003,162.53100000000003,162.62600000000003,6988
2026-07-15T01:30:00+00:00,162.62600000000003,162.69500000000002,162.60400000000004,162.66400000000004,5412
2026-07-15T02:00:00+00:00,162.66400000000004,162.69100000000003,162.60400000000004,162.67400000000004,3696
2026-07-15T02:30:00+00:00,162.67400000000004,162.68000000000004,162.61900000000003,162.67400000000004,3132
2026-07-15T03:00:00+00:00,162.67400000000004,162.74800000000002,162.65300000000002,162.72500000000002,3699
2026-07-15T03:30:00+00:00,162.72500000000002,162.74700000000004,162.70400000000004,162.70900000000003,3551
2026-07-15T04:00:00+00:00,162.70900000000003,162.78500000000003,162.70300000000003,162.78400000000002,2193
2026-07-15T04:30:00+00:00,162.78400000000002,162.79600000000002,162.75900000000004,162.77800000000002,1791
2026-07-15T05:00:00+00:00,162.77800000000002,162.80200000000002,162.74200000000002,162.77800000000002,2545
2026-07-15T05:30:00+00:00,162.77800000000002,162.78000000000003,162.74500000000003,162.76900000000003,2899
2026-07-15T06:00:00+00:00,162.76900000000003,162.78000000000003,162.70700000000002,162.74000000000004,3522
2026-07-15T06:30:00+00:00,162.74000000000004,162.78200000000004,162.66800000000003,162.77700000000004,5612
2026-07-15T07:00:00+00:00,162.77700000000004,162.87800000000004,162.76500000000004,162.83300000000003,3359
2026-07-15T07:30:00+00:00,162.83300000000003,162.86400000000003,162.80600000000004,162.83500000000004,3277
2026-07-15T08:00:00+00:00,162.83500000000004,162.91900000000004,162.81300000000005,162.84600000000003,3905
2026-07-15T08:30:00+00:00,162.84600000000003,162.90300000000002,162.83500000000004,162.86800000000002,4414
2026-07-15T09:00:00+00:00,162.86800000000002,162.89400000000003,162.80900000000003,162.88600000000002,5575
2026-07-15T09:30:00+00:00,162.88600000000002,162.94000000000003,162.88500000000002,162.93300000000002,2400
2026-07-15T10:00:00+00:00,162.93300000000002,162.99000000000004,162.92800000000003,162.96300000000002,2931
2026-07-15T10:30:00+00:00,162.96300000000002,162.98400000000004,162.88000000000002,162.89500000000004,3707
2026-07-15T11:00:00+00:00,162.89500000000004,162.95200000000003,162.86500000000004,162.94200000000004,3613
2026-07-15T11:30:00+00:00,162.94200000000004,162.96300000000002,162.89200000000002,162.91400000000004,5604
2026-07-15T12:00:00+00:00,162.91400000000004,162.96200000000002,162.90000000000003,162.92700000000002,5466
2026-07-15T12:30:00+00:00,162.92700000000002,162.92800000000003,162.70800000000003,162.73200000000003,7785
2026-07-15T13:00:00+00:00,162.73200000000003,162.85000000000002,162.69700000000003,162.83900000000003,5739
2026-07-15T13:30:00+00:00,162.83900000000003,162.84200000000004,162.72300000000004,162.77400000000003,6396
2026-07-15T14:00:00+00:00,162.77400000000003,162.80300000000003,162.73400000000004,162.78900000000004,6658
2026-07-15T14:30:00+00:00,162.78900000000004,162.79700000000003,162.68400000000003,162.70900000000003,8771
2026-07-15T15:00:00+00:00,162.70900000000003,162.78500000000003,162.66000000000003,162.67000000000004,5688
2026-07-15T15:30:00+00:00,162.67000000000004,162.71300000000002,162.64300000000003,162.69900000000004,4160
2026-07-15T16:00:00+00:00,162.69900000000004,162.73900000000003,162.68800000000005,162.70500000000004,3761
2026-07-15T16:30:00+00:00,162.70500000000004,162.76800000000003,162.69000000000003,162.73100000000002,4913
2026-07-15T17:00:00+00:00,162.73100000000002,162.73400000000004,162.64200000000002,162.65700000000004,4049
2026-07-15T17:30:00+00:00,162.65700000000004,162.67800000000003,162.53600000000003,162.55500000000004,6309
2026-07-15T18:00:00+00:00,162.55500000000004,162.55500000000004,162.46100000000004,162.47700000000003,3985
2026-07-15T18:30:00+00:00,162.47700000000003,162.63000000000002,162.46400000000003,162.61300000000003,4972.864884160925
2026-07-15T19:00:00+00:00,162.61300000000003,162.67500000000004,162.57900000000004,162.67400000000004,3758
2026-07-15T19:30:00+00:00,162.67400000000004,162.848,162.66200000000003,162.79400000000004,6814
2026-07-15T20:00:00+00:00,162.79400000000004,162.79800000000003,162.76100000000002,162.77200000000002,1433
2026-07-15T20:30:00+00:00,162.77200000000002,162.78900000000002,162.741,162.741,1491.8875531718143
2026-07-15T21:00:00+00:00,162.741,162.741,162.65200000000002,162.68,735.730773747392
2026-07-15T21:30:00+00:00,162.68,162.697,162.67000000000002,162.679,724
2026-07-15T22:00:00+00:00,162.679,162.70600000000002,162.638,162.651,1366
2026-07-15T22:30:00+00:00,162.651,162.69100000000003,162.65,162.67600000000002,623.9547672438639
2026-07-15T23:00:00+00:00,162.67600000000002,162.67600000000002,162.619,162.64700000000002,1157
2026-07-15T23:30:00+00:00,162.64700000000002,162.65300000000002,162.584,162.62900000000002,1842
2026-07-16T00:00:00+00:00,162.62900000000002,162.685,162.612,162.62900000000002,4456
2026-07-16T00:30:00+00:00,162.62900000000002,162.71,162.608,162.649,4835
2026-07-16T01:00:00+00:00,162.649,162.656,162.582,162.603,3716
2026-07-16T01:30:00+00:00,162.603,162.673,162.588,162.66,4097
2026-07-16T02:00:00+00:00,162.66,162.723,162.655,162.655,4566
2026-07-16T02:30:00+00:00,162.655,162.72,162.64100000000002,162.705,4448
2026-07-16T03:00:00+00:00,162.705,162.711,162.638,162.645,3479
2026-07-16T03:30:00+00:00,162.645,162.66,162.627,162.64000000000001,2070
2026-07-16T04:00:00+00:00,162.64000000000001,162.692,162.637,162.692,1815
2026-07-16T04:30:00+00:00,162.692,162.695,162.64000000000001,162.65300000000002,2564
2026-07-16T05:00:00+00:00,162.65300000000002,162.675,162.639,162.67100000000002,1861
2026-07-16T05:30:00+00:00,162.67100000000002,162.73600000000002,162.65900000000002,162.713,3534
2026-07-16T06:00:00+00:00,162.713,162.727,162.67700000000002,162.698,5066
2026-07-16T06:30:00+00:00,162.698,162.731,162.666,162.674,5746
2026-07-16T07:00:00+00:00,162.674,162.685,162.536,162.642,7102
2026-07-16T07:30:00+00:00,162.642,162.654,162.567,162.639,4355
2026-07-16T08:00:00+00:00,162.639,162.709,162.619,162.669,5108
2026-07-16T08:30:00+00:00,162.669,162.73600000000002,162.65300000000002,162.702,4630
2026-07-16T09:00:00+00:00,162.702,162.726,162.666,162.70000000000002,5281
2026-07-16T09:30:00+00:00,162.70000000000002,162.75,162.697,162.727,5296
2026-07-16T10:00:00+00:00,162.727,162.751,162.719,162.728,2730
2026-07-16T10:30:00+00:00,162.728,162.74,162.685,162.707,2466
2026-07-16T11:00:00+00:00,162.707,162.741,162.669,162.74,3256
2026-07-16T11:30:00+00:00,162.74,162.786,162.701,162.71,6752
2026-07-16T12:00:00+00:00,162.71,162.77200000000002,162.707,162.728,6253
2026-07-16T12:30:00+00:00,162.728,162.854,162.717,162.85,5007
2026-07-16T13:00:00+00:00,162.85,162.87,162.78400000000002,162.785,5123
2026-07-16T13:30:00+00:00,162.785,162.9,162.77,162.872,5197
2026-07-16T14:00:00+00:00,162.872,162.95600000000002,162.864,162.954,4893
2026-07-16T14:30:00+00:00,162.954,163.008,162.91500000000002,163.001,3912
2026-07-16T15:00:00+00:00,163.001,163.032,162.976,163.00900000000001,3668
2026-07-16T15:30:00+00:00,163.00900000000001,163.02,162.965,162.982,4445
2026-07-16T16:00:00+00:00,162.982,163.102,162.976,163.074,4726
2026-07-16T16:30:00+00:00,163.074,163.078,163.01000000000002,163.03,2749
2026-07-16T17:00:00+00:00,163.03,163.062,163.03,163.031,1885
2026-07-16T17:30:00+00:00,163.031,163.041,162.954,162.97,2361
2026-07-16T18:00:00+00:00,162.97,162.981,162.92600000000002,162.942,2903
2026-07-16T18:30:00+00:00,162.942,162.969,162.93800000000002,162.946,2731
2026-07-16T19:00:00+00:00,162.946,162.989,162.93200000000002,162.978,1873
2026-07-16T19:30:00+00:00,162.978,162.981,162.941,162.96,2292
2026-07-16T20:00:00+00:00,162.96,162.96200000000002,162.928,162.939,1334
2026-07-16T20:30:00+00:00,162.939,162.947,162.911,162.937,1403
2026-07-16T21:00:00+00:00,162.937,162.943,162.89000000000001,162.917,271
2026-07-16T21:30:00+00:00,162.917,162.948,162.906,162.921,370.8121459272652
2026-07-16T22:00:00+00:00,162.921,162.93099999999998,162.87599999999998,162.923,657
2026-07-16T22:30:00+00:00,162.923,162.94299999999998,162.911,162.927,698
2026-07-16T23:00:00+00:00,162.927,162.941,162.904,162.91199999999998,1195
2026-07-16T23:30:00+00:00,162.91199999999998,162.96599999999998,162.892,162.952,1191.0763067531477
2026-07-17T00:00:00+00:00,162.952,162.99699999999999,162.939,162.974,3168
2026-07-17T00:30:00+00:00,162.974,163.027,162.929,162.988,4675
2026-07-17T01:00:00+00:00,162.988,163.034,162.97899999999998,163.012,3255
2026-07-17T01:30:00+00:00,163.012,163.043,162.993,163.035,2690
2026-07-17T02:00:00+00:00,163.035,163.037,162.982,163,2464
2026-07-17T02:30:00+00:00,163,163.009,162.90699999999998,162.94,2661
2026-07-17T03:00:00+00:00,162.94,162.96099999999998,162.928,162.94899999999998,2585
2026-07-17T03:30:00+00:00,162.94899999999998,162.981,162.945,162.962,2226
2026-07-17T04:00:00+00:00,162.962,162.994,162.939,162.993,1647
2026-07-17T04:30:00+00:00,162.993,163.001,162.97299999999998,162.988,1815
2026-07-17T05:00:00+00:00,162.988,163.01399999999998,162.976,162.987,2030
2026-07-17T05:30:00+00:00,162.987,162.988,162.934,162.97,3483
2026-07-17T06:00:00+00:00,162.97,162.992,162.906,162.916,5357
2026-07-17T06:30:00+00:00,162.916,162.968,162.701,162.832,6978
2026-07-17T07:00:00+00:00,162.832,162.833,162.72899999999998,162.792,7692
2026-07-17T07:30:00+00:00,162.792,162.862,162.768,162.857,3920
2026-07-17T08:00:00+00:00,162.857,162.993,162.834,162.98399999999998,6389
2026-07-17T08:30:00+00:00,162.98399999999998,162.989,162.92,162.95999999999998,4212
2026-07-17T09:00:00+00:00,162.95999999999998,163.023,162.959,162.99699999999999,3632
2026-07-17T09:30:00+00:00,162.99699999999999,163.022,162.927,162.93099999999998,2574
2026-07-17T10:00:00+00:00,162.93099999999998,162.98999999999998,162.927,162.983,2691
2026-07-17T10:30:00+00:00,162.983,162.986,162.928,162.93,2884
2026-07-17T11:00:00+00:00,162.93,162.94299999999998,162.868,162.905,3061
2026-07-17T11:30:00+00:00,162.905,162.939,162.873,162.93099999999998,2851
2026-07-17T12:00:00+00:00,162.93099999999998,162.94,162.875,162.897,4791
2026-07-17T12:30:00+00:00,162.897,162.98999999999998,162.891,162.981,4228
2026-07-17T13:00:00+00:00,162.981,163.013,162.96599999999998,162.98499999999999,4505
2026-07-17T13:30:00+00:00,162.98499999999999,163.012,162.891,162.928,7562
2026-07-17T14:00:00+00:00,162.928,162.974,162.899,162.96699999999998,6065
2026-07-17T14:30:00+00:00,162.96699999999998,162.983,162.93099999999998,162.977,4963
2026-07-17T15:00:00+00:00,162.977,162.994,162.918,162.93099999999998,3877
2026-07-17T15:30:00+00:00,162.93099999999998,163.012,162.923,163.005,3737
2026-07-17T16:00:00+00:00,163.005,163.067,163.003,163.039,4994
2026-07-17T16:30:00+00:00,163.039,163.089,162.99699999999999,162.99699999999999,2467
2026-07-17T17:00:00+00:00,162.99699999999999,163.047,162.969,163.027,3781
2026-07-17T17:30:00+00:00,163.027,163.042,163.01399999999998,163.016,2331
2026-07-17T18:00:00+00:00,163.016,163.031,162.986,163,3748
2026-07-17T18:30:00+00:00,163,163.018,162.998,163.01399999999998,2998
2026-07-17T19:00:00+00:00,163.01399999999998,163.04399999999998,162.98499999999999,163.029,1640
2026-07-17T19:30:00+00:00,163.029,163.04399999999998,162.953,162.956,2509
2026-07-17T20:00:00+00:00,162.956,163.015,162.932,162.99599999999998,1153
2026-07-17T20:30:00+00:00,162.99599999999998,163.005,162.92,162.926,1411.7819011406843
2026-07-19T21:00:00+00:00,162.926,162.963,162.926,162.94699999999997,164.04131197797074
2026-07-19T21:30:00+00:00,162.94699999999997,162.951,162.85299999999998,162.89399999999998,608.8549052491502
2026-07-19T22:00:00+00:00,162.89399999999998,163.09699999999998,162.89399999999998,163.03499999999997,2840
2026-07-19T22:30:00+00:00,163.03499999999997,163.04899999999998,163.00999999999996,163.02299999999997,1218
2026-07-19T23:00:00+00:00,163.02299999999997,163.05399999999997,162.99599999999998,163.05099999999996,1421
2026-07-19T23:30:00+00:00,163.05099999999996,163.06599999999997,163.02499999999998,163.03399999999996,2005
2026-07-20T00:00:00+00:00,163.03399999999996,163.05499999999998,162.97099999999998,162.97599999999997,3794
2026-07-20T00:30:00+00:00,162.97599999999997,162.98099999999997,162.84399999999997,162.85499999999996,4395
2026-07-20T01:00:00+00:00,162.85499999999996,162.92899999999997,162.82299999999998,162.89699999999996,5253
2026-07-20T01:30:00+00:00,162.89699999999996,162.90299999999996,162.86099999999996,162.87799999999996,2457
2026-07-20T02:00:00+00:00,162.87799999999996,162.88899999999998,162.84699999999998,162.85699999999997,2123
2026-07-20T02:30:00+00:00,162.85699999999997,162.88699999999997,162.85199999999998,162.88399999999996,1872
2026-07-20T03:00:00+00:00,162.88399999999996,162.89899999999997,162.86699999999996,162.88499999999996,1344
2026-07-20T03:30:00+00:00,162.88499999999996,162.88999999999996,162.86899999999997,162.88899999999998,1846
2026-07-20T04:00:00+00:00,162.88899999999998,162.89999999999998,162.86799999999997,162.88599999999997,1200
2026-07-20T04:30:00+00:00,162.88599999999997,162.88699999999997,162.84799999999996,162.85499999999996,1759
2026-07-20T05:00:00+00:00,162.85499999999996,162.87999999999997,162.83999999999997,162.87599999999998,1461
2026-07-20T05:30:00+00:00,162.87599999999998,162.89399999999998,162.84999999999997,162.89099999999996,1893
2026-07-20T06:00:00+00:00,162.89099999999996,162.92599999999996,162.87899999999996,162.90899999999996,2963
2026-07-20T06:30:00+00:00,162.90899999999996,162.93199999999996,162.87899999999996,162.92699999999996,2361
2026-07-20T07:00:00+00:00,162.92699999999996,162.97099999999998,162.90599999999998,162.91499999999996,4575
2026-07-20T07:30:00+00:00,162.91499999999996,162.92299999999997,162.82999999999996,162.88299999999998,6870
2026-07-20T08:00:00+00:00,162.88299999999998,162.89699999999996,162.85399999999996,162.89199999999997,5011
2026-07-20T08:30:00+00:00,162.89199999999997,162.89499999999995,162.86199999999997,162.88899999999998,3697
2026-07-20T09:00:00+00:00,162.88899999999998,162.92099999999996,162.88399999999996,162.91899999999995,3186
2026-07-20T09:30:00+00:00,162.91899999999995,162.94999999999996,162.91899999999995,162.93299999999996,3265
2026-07-20T10:00:00+00:00,162.93299999999996,162.94799999999998,162.90799999999996,162.92199999999997,2455
2026-07-20T10:30:00+00:00,162.92199999999997,162.92399999999998,162.90599999999998,162.92099999999996,1967
2026-07-20T11:00:00+00:00,162.92099999999996,162.94499999999996,162.90899999999996,162.91899999999995,2055
2026-07-20T11:30:00+00:00,162.91899999999995,162.91999999999996,162.72599999999997,162.86299999999997,7685
2026-07-20T12:00:00+00:00,162.86299999999997,162.94799999999998,162.86099999999996,162.92199999999997,4780
2026-07-20T12:30:00+00:00,162.92199999999997,162.93599999999998,162.90299999999996,162.92499999999995,2940
2026-07-20T13:00:00+00:00,162.92499999999995,162.94499999999996,162.91999999999996,162.93599999999998,3138
2026-07-20T13:30:00+00:00,162.93599999999998,162.99499999999998,162.90599999999998,162.99499999999998,3840
2026-07-20T14:00:00+00:00,162.99499999999998,163.08199999999997,162.98099999999997,163.05999999999997,5729
2026-07-20T14:30:00+00:00,163.05999999999997,163.10499999999996,163.02599999999995,163.03999999999996,4706
2026-07-20T15:00:00+00:00,163.03999999999996,163.09399999999997,163.03899999999996,163.07499999999996,4329
2026-07-20T15:30:00+00:00,163.07499999999996,163.09999999999997,163.06199999999995,163.08599999999996,2442
2026-07-20T16:00:00+00:00,163.08599999999996,163.11599999999996,163.04799999999997,163.06399999999996,2322
2026-07-20T16:30:00+00:00,163.06399999999996,163.08999999999997,163.04099999999997,163.04199999999997,2493
2026-07-20T17:00:00+00:00,163.04199999999997,163.04199999999997,162.97599999999997,162.98999999999998,2054
2026-07-20T17:30:00+00:00,162.98999999999998,163.00799999999998,162.97699999999998,162.98099999999997,1822
2026-07-20T18:00:00+00:00,162.98099999999997,162.99399999999997,162.93699999999995,162.97899999999996,2890
2026-07-20T18:30:00+00:00,162.97899999999996,163.04599999999996,162.97899999999996,163.01999999999995,3168
2026-07-20T19:00:00+00:00,163.01999999999995,163.02699999999996,162.97999999999996,162.98699999999997,2859
2026-07-20T19:30:00+00:00,162.98699999999997,163.03699999999998,162.97899999999996,163.03599999999997,2445
2026-07-20T20:00:00+00:00,163.03599999999997,163.04799999999997,163.00399999999996,163.02899999999997,1562
2026-07-20T20:30:00+00:00,163.02899999999997,163.04999999999995,162.99699999999996,162.99699999999996,1373
2026-07-20T21:00:00+00:00,162.99699999999996,163.02799999999996,162.95499999999996,163.02699999999996,236.52068358791337
2026-07-20T21:30:00+00:00,163.02699999999996,163.03599999999997,163.00499999999997,163.00999999999996,1541
2026-07-20T22:00:00+00:00,163.00999999999996,163.02599999999995,163.00399999999996,163.01399999999998,719
2026-07-20T22:30:00+00:00,163.01399999999998,163.03599999999997,163.01099999999997,163.02699999999996,997
2026-07-20T23:00:00+00:00,163.02699999999996,163.03199999999995,163.01299999999998,163.02599999999995,855
2026-07-20T23:30:00+00:00,163.02599999999995,163.03199999999995,163.00999999999996,163.01199999999997,1186
2026-07-21T00:00:00+00:00,163.01199999999997,163.03399999999996,162.96999999999997,163.03399999999996,3971
2026-07-21T00:30:00+00:00,163.03399999999996,163.05899999999997,163.00599999999997,163.05899999999997,3482
2026-07-21T01:00:00+00:00,163.05899999999997,163.05899999999997,162.95499999999996,163.00299999999996,3171
2026-07-21T01:30:00+00:00,163.00299999999996,163.04799999999997,162.97899999999996,163.02899999999997,3358
2026-07-21T02:00:00+00:00,163.02899999999997,163.04699999999997,163.01099999999997,163.02599999999995,2246
2026-07-21T02:30:00+00:00,163.02599999999995,163.02699999999996,163.00599999999997,163.01599999999996,1928
2026-07-21T03:00:00+00:00,163.01599999999996,163.03899999999996,163.00899999999996,163.01699999999997,2190
2026-07-21T03:30:00+00:00,163.01699999999997,163.02299999999997,162.97499999999997,163.00999999999996,2411
2026-07-21T04:00:00+00:00,163.00999999999996,163.01499999999996,162.99399999999997,163.00399999999996,1745
2026-07-21T04:30:00+00:00,163.00399999999996,163.02299999999997,162.99799999999996,163.01099999999997,2150
2026-07-21T05:00:00+00:00,163.01099999999997,163.05099999999996,163.00699999999998,163.03799999999995,2035
2026-07-21T05:30:00+00:00,163.03799999999995,163.04199999999997,162.99399999999997,163.02799999999996,2526
2026-07-21T06:00:00+00:00,163.02799999999996,163.05399999999997,163.00999999999996,163.04699999999997,2793
2026-07-21T06:30:00+00:00,163.04699999999997,163.08099999999996,163.04199999999997,163.05099999999996,3365
2026-07-21T07:00:00+00:00,163.05099999999996,163.11099999999996,163.04499999999996,163.11099999999996,3922
2026-07-21T07:30:00+00:00,163.11099999999996,163.14099999999996,163.07699999999997,163.12399999999997,2647
2026-07-21T08:00:00+00:00,163.12399999999997,163.20099999999996,163.11099999999996,163.19499999999996,2754
2026-07-21T08:30:00+00:00,163.19499999999996,163.22299999999996,163.19499999999996,163.20699999999997,2001
2026-07-21T09:00:00+00:00,163.20699999999997,163.21999999999997,163.14299999999997,163.20499999999996,3623
2026-07-21T09:30:00+00:00,163.20499999999996,163.21799999999996,163.17799999999997,163.19599999999997,2498
2026-07-21T10:00:00+00:00,163.19599999999997,163.20899999999997,163.16099999999997,163.17799999999997,3508
2026-07-21T10:30:00+00:00,163.17799999999997,163.22199999999998,163.17099999999996,163.18899999999996,3444
2026-07-21T11:00:00+00:00,163.18899999999996,163.26899999999998,163.18399999999997,163.26399999999998,2324
2026-07-21T11:30:00+00:00,163.26399999999998,163.27499999999998,163.24999999999997,163.25599999999997,1837
2026-07-21T12:00:00+00:00,163.25599999999997,163.31999999999996,163.24299999999997,163.31299999999996,2880
2026-07-21T12:30:00+00:00,163.31299999999996,163.32299999999998,163.21499999999997,163.24799999999996,3456
2026-07-21T13:00:00+00:00,163.24799999999996,163.32699999999997,163.24699999999996,163.32099999999997,3155
2026-07-21T13:30:00+00:00,163.32099999999997,163.41299999999995,163.29399999999995,163.39199999999997,5172
2026-07-21T14:00:00+00:00,163.39199999999997,163.47199999999998,163.37799999999996,163.46999999999997,3777
2026-07-21T14:30:00+00:00,163.46999999999997,163.56299999999996,163.42599999999996,163.53999999999996,6731
2026-07-21T15:00:00+00:00,163.53999999999996,163.54299999999998,163.43499999999997,163.48499999999996,4324
2026-07-21T15:30:00+00:00,163.48499999999996,163.55899999999997,163.47099999999998,163.53699999999998,3055
2026-07-21T16:00:00+00:00,163.53699999999998,163.55199999999996,163.50899999999996,163.51899999999998,2851
2026-07-21T16:30:00+00:00,163.51899999999998,163.53099999999998,163.48099999999997,163.52499999999998,1892
2026-07-21T17:00:00+00:00,163.52499999999998,163.53999999999996,163.49899999999997,163.50099999999998,1170
2026-07-21T17:30:00+00:00,163.50099999999998,163.55199999999996,163.49999999999997,163.55099999999996,1205
2026-07-21T18:00:00+00:00,163.55099999999996,163.73999999999998,163.54999999999995,163.67699999999996,5554
2026-07-21T18:30:00+00:00,163.67699999999996,163.75599999999997,163.66999999999996,163.70899999999997,3032
2026-07-21T19:00:00+00:00,163.70899999999997,163.74199999999996,163.68399999999997,163.69499999999996,2739
2026-07-21T19:30:00+00:00,163.69499999999996,163.73099999999997,163.68299999999996,163.72699999999998,3226
2026-07-21T20:00:00+00:00,163.72699999999998,163.76099999999997,163.72199999999998,163.75199999999998,1507
2026-07-21T20:30:00+00:00,163.75199999999998,163.75699999999998,163.67199999999997,163.67199999999997,1757
2026-07-21T21:00:00+00:00,163.67199999999997,163.70599999999996,163.64199999999997,163.70399999999998,536.0834330654812
2026-07-21T21:30:00+00:00,163.70399999999998,163.70499999999996,163.66999999999996,163.67699999999996,268
2026-07-21T22:00:00+00:00,163.67699999999996,163.71599999999998,163.67699999999996,163.71199999999996,858.6490136840234
2026-07-21T22:30:00+00:00,163.71199999999996,163.72699999999998,163.69699999999997,163.72399999999996,366.0777576853526
2026-07-21T23:00:00+00:00,163.72399999999996,163.74499999999998,163.72099999999998,163.72999999999996,654
2026-07-21T23:30:00+00:00,163.72999999999996,163.74099999999996,163.70799999999997,163.70899999999997,555.2355356476297
2026-07-22T00:00:00+00:00,163.70899999999997,163.72499999999997,163.55099999999996,163.58399999999997,4134
2026-07-22T00:30:00+00:00,163.58399999999997,163.69699999999997,163.57099999999997,163.65799999999996,5284
2026-07-22T01:00:00+00:00,163.65799999999996,163.70499999999996,163.61999999999998,163.68599999999995,4685
2026-07-22T01:30:00+00:00,163.68599999999995,163.72399999999996,163.66899999999995,163.66999999999996,3116
2026-07-22T02:00:00+00:00,163.66999999999996,163.69899999999996,163.59199999999996,163.61699999999996,3918
2026-07-22T02:30:00+00:00,163.61699999999996,163.64999999999995,163.60399999999996,163.63799999999998,2532
2026-07-22T03:00:00+00:00,163.63799999999998,163.67499999999995,163.63299999999995,163.64899999999997,2555
2026-07-22T03:30:00+00:00,163.64899999999997,163.68599999999995,163.63599999999997,163.67599999999996,2422
2026-07-22T04:00:00+00:00,163.67599999999996,163.71799999999996,163.67099999999996,163.69899999999996,2227
2026-07-22T04:30:00+00:00,163.69899999999996,163.70399999999995,163.67199999999997,163.69299999999996,1477
2026-07-22T05:00:00+00:00,163.69299999999996,163.69699999999997,163.66799999999995,163.69199999999995,1477
2026-07-22T05:30:00+00:00,163.69199999999995,163.70799999999997,163.60499999999996,163.60999999999996,2755
2026-07-22T06:00:00+00:00,163.60999999999996,163.64499999999995,163.57299999999995,163.62899999999996,4270
2026-07-22T06:30:00+00:00,163.62899999999996,163.66499999999996,163.61099999999996,163.61199999999997,3185
2026-07-22T07:00:00+00:00,163.61199999999997,163.65699999999995,163.58699999999996,163.65199999999996,3180
2026-07-22T07:30:00+00:00,163.65199999999996,163.65399999999997,163.21399999999997,163.46499999999997,10194
2026-07-22T08:00:00+00:00,163.46499999999997,163.63199999999998,163.42999999999995,163.59499999999997,5245
2026-07-22T08:30:00+00:00,163.59499999999997,163.59499999999997,163.47299999999996,163.47899999999996,4514
2026-07-22T09:00:00+00:00,163.47899999999996,163.51599999999996,163.46399999999997,163.49999999999997,5497
2026-07-22T09:30:00+00:00,163.49999999999997,163.57199999999997,163.49899999999997,163.55299999999997,3798
2026-07-22T10:00:00+00:00,163.55299999999997,163.59799999999996,163.53699999999995,163.56399999999996,2727
2026-07-22T10:30:00+00:00,163.56399999999996,163.58599999999996,163.52499999999995,163.53999999999996,2181
2026-07-22T11:00:00+00:00,163.53999999999996,163.56399999999996,163.51299999999998,163.55999999999997,2232
2026-07-22T11:30:00+00:00,163.55999999999997,163.60099999999997,163.53399999999996,163.59499999999997,2618
2026-07-22T12:00:00+00:00,163.59499999999997,163.60099999999997,163.56799999999996,163.58399999999997,3472
2026-07-22T12:30:00+00:00,163.58399999999997,163.65699999999995,163.56099999999995,163.62599999999998,3761
2026-07-22T13:00:00+00:00,163.62599999999998,163.63099999999997,163.57599999999996,163.58799999999997,4217
2026-07-22T13:30:00+00:00,163.58799999999997,163.60899999999995,163.53399999999996,163.57899999999995,4498
2026-07-22T14:00:00+00:00,163.57899999999995,163.60299999999995,163.56799999999996,163.59499999999997,3629
2026-07-22T14:30:00+00:00,163.59499999999997,163.64099999999996,163.56099999999995,163.63699999999997,4689
2026-07-22T15:00:00+00:00,163.63699999999997,163.64199999999997,163.59599999999998,163.62599999999998,2939
2026-07-22T15:30:00+00:00,163.62599999999998,163.65399999999997,163.59099999999995,163.59899999999996,3003
2026-07-22T16:00:00+00:00,163.59899999999996,163.64099999999996,163.58499999999995,163.61199999999997,2550
2026-07-22T16:30:00+00:00,163.61199999999997,163.63499999999996,163.59999999999997,163.63099999999997,1808
2026-07-22T17:00:00+00:00,163.63099999999997,163.66599999999997,163.62499999999997,163.65599999999995,2201
2026-07-22T17:30:00+00:00,163.65599999999995,163.69699999999997,163.65599999999995,163.67599999999996,2217
2026-07-22T18:00:00+00:00,163.67599999999996,163.69499999999996,163.64599999999996,163.64799999999997,2498
2026-07-22T18:30:00+00:00,163.64799999999997,163.65799999999996,163.62799999999996,163.64799999999997,1468
2026-07-22T19:00:00+00:00,163.64799999999997,163.66699999999997,163.63799999999998,163.66299999999995,2736
2026-07-22T19:30:00+00:00,163.66299999999995,163.68099999999995,163.65399999999997,163.66899999999995,2719
2026-07-22T20:00:00+00:00,163.66899999999995,163.67599999999996,163.65499999999997,163.66699999999997,1324
2026-07-22T20:30:00+00:00,163.66699999999997,163.68599999999995,163.65999999999997,163.65999999999997,3135
2026-07-22T21:00:00+00:00,163.65999999999997,163.65999999999997,163.58899999999997,163.61199999999997,248.55452978019872
2026-07-22T21:30:00+00:00,163.61199999999997,163.63699999999997,163.60799999999998,163.61099999999996,396
2026-07-22T22:00:00+00:00,163.61099999999996,163.64899999999997,163.60199999999998,163.62299999999996,801
2026-07-22T22:30:00+00:00,163.62299999999996,163.66999999999996,163.62199999999996,163.63699999999997,755
2026-07-22T23:00:00+00:00,163.63699999999997,163.64599999999996,163.61499999999998,163.63099999999997,622.0152626597255
2026-07-22T23:30:00+00:00,163.63099999999997,163.63399999999996,163.60899999999995,163.60899999999995,986
2026-07-23T00:00:00+00:00,163.60899999999995,163.63499999999996,163.58399999999997,163.61799999999997,2896
2026-07-23T00:30:00+00:00,163.61799999999997,163.65799999999996,163.56599999999997,163.57699999999997,3731
2026-07-23T01:00:00+00:00,163.57699999999997,163.60599999999997,163.54399999999995,163.58999999999997,4161
2026-07-23T01:30:00+00:00,163.58999999999997,163.59299999999996,163.51399999999995,163.58399999999997,4488
2026-07-23T02:00:00+00:00,163.58399999999997,163.59699999999995,163.56599999999997,163.58999999999997,2901
2026-07-23T02:30:00+00:00,163.58999999999997,163.61799999999997,163.58199999999997,163.58999999999997,2289
2026-07-23T03:00:00+00:00,163.58999999999997,163.60599999999997,163.56399999999996,163.57599999999996,2558
2026-07-23T03:30:00+00:00,163.57599999999996,163.58299999999997,163.55099999999996,163.56199999999995,1458
2026-07-23T04:00:00+00:00,163.56199999999995,163.58199999999997,163.54799999999997,163.56399999999996,1748
2026-07-23T04:30:00+00:00,163.56399999999996,163.60199999999998,163.56399999999996,163.59199999999996,1112
2026-07-23T05:00:00+00:00,163.59199999999996,163.62799999999996,163.58599999999996,163.61399999999998,1221.6554304799604
2026-07-23T05:30:00+00:00,163.61399999999998,163.62999999999997,163.58599999999996,163.62899999999996,1615
2026-07-23T06:00:00+00:00,163.62899999999996,163.63599999999997,163.58899999999997,163.59099999999995,3658
2026-07-23T06:30:00+00:00,163.59099999999995,163.63499999999996,163.58799999999997,163.62999999999997,3525
2026-07-23T07:00:00+00:00,163.62999999999997,163.69299999999996,163.62999999999997,163.68399999999997,4403
2026-07-23T07:30:00+00:00,163.68399999999997,163.94599999999997,163.68399999999997,163.83899999999997,8068
2026-07-23T08:00:00+00:00,163.83899999999997,163.92099999999996,163.80599999999995,163.91799999999995,4623
2026-07-23T08:30:00+00:00,163.91799999999995,163.96199999999996,163.85399999999996,163.86199999999997,3683
2026-07-23T09:00:00+00:00,163.86199999999997,163.91599999999997,163.80899999999997,163.89799999999997,3111
2026-07-23T09:30:00+00:00,163.89799999999997,163.89999999999995,163.83899999999997,163.88799999999998,1748
2026-07-23T10:00:00+00:00,163.88799999999998,163.90299999999996,163.86699999999996,163.88099999999997,2414
2026-07-23T10:30:00+00:00,163.88099999999997,163.90399999999997,163.86899999999997,163.89699999999996,3539
2026-07-23T11:00:00+00:00,163.89699999999996,163.94599999999997,163.87999999999997,163.93799999999996,2498
2026-07-23T11:30:00+00:00,163.93799999999996,164.15299999999996,163.83699999999996,164.01199999999997,10430
2026-07-23T12:00:00+00:00,164.01199999999997,164.11499999999995,163.97999999999996,164.09799999999996,4612
2026-07-23T12:30:00+00:00,164.09799999999996,164.27599999999995,164.09799999999996,164.19499999999996,8682
2026-07-23T13:00:00+00:00,164.19499999999996,164.36799999999997,164.18699999999995,164.30799999999996,6280
2026-07-23T13:30:00+00:00,164.30799999999996,164.48399999999995,164.25499999999997,164.48199999999997,7202
2026-07-23T14:00:00+00:00,164.48199999999997,164.48299999999998,164.39399999999998,164.45799999999997,7892
2026-07-23T14:30:00+00:00,164.45799999999997,164.50899999999996,164.41599999999997,164.44099999999997,4512
2026-07-23T15:00:00+00:00,164.44099999999997,164.47399999999996,164.29499999999996,164.38899999999995,7062
2026-07-23T15:30:00+00:00,164.38899999999995,164.43599999999995,164.30599999999995,164.32499999999996,6588
2026-07-23T16:00:00+00:00,164.32499999999996,164.35499999999996,164.26599999999996,164.26899999999998,2819
2026-07-23T16:30:00+00:00,164.26899999999998,164.31599999999997,164.24399999999997,164.28899999999996,3376
2026-07-23T17:00:00+00:00,164.28899999999996,164.30899999999997,164.23799999999997,164.30299999999997,4773
2026-07-23T17:30:00+00:00,164.30299999999997,164.36599999999996,164.29999999999995,164.36199999999997,2930
2026-07-23T18:00:00+00:00,164.36199999999997,164.36799999999997,164.30399999999997,164.31699999999995,2393
2026-07-23T18:30:00+00:00,164.31699999999995,164.34199999999996,164.29999999999995,164.32599999999996,2676
2026-07-23T19:00:00+00:00,164.32599999999996,164.35799999999998,164.29799999999997,164.33199999999997,1797
2026-07-23T19:30:00+00:00,164.33199999999997,164.37999999999997,164.29499999999996,164.34499999999997,2558
2026-07-23T20:00:00+00:00,164.34499999999997,164.36199999999997,164.32399999999996,164.34799999999996,1358
2026-07-23T20:30:00+00:00,164.34799999999996,164.39799999999997,164.34299999999996,164.35299999999995,1267
2026-07-23T21:00:00+00:00,164.35299999999995,164.38199999999995,164.32699999999997,164.36999999999995,220.47598496448677
2026-07-23T21:30:00+00:00,164.36999999999995,164.36999999999995,164.28799999999995,164.31499999999994,799
2026-07-23T22:00:00+00:00,164.31499999999994,164.37699999999995,164.31299999999996,164.37599999999995,783.7360650531909
2026-07-23T22:30:00+00:00,164.37599999999995,164.38199999999995,164.35799999999995,164.37899999999996,700
2026-07-23T23:00:00+00:00,164.37899999999996,164.38399999999996,164.34599999999995,164.34899999999996,736
2026-07-23T23:30:00+00:00,164.34899999999996,164.40099999999995,164.33599999999996,164.37199999999996,1342
2026-07-24T00:00:00+00:00,164.37199999999996,164.43099999999995,164.32599999999996,164.39099999999996,5344
2026-07-24T00:30:00+00:00,164.39099999999996,164.46799999999996,164.34499999999997,164.34499999999997,5876
2026-07-24T01:00:00+00:00,164.34499999999997,164.39199999999997,164.30699999999996,164.37699999999995,4851
2026-07-24T01:30:00+00:00,164.37699999999995,164.38099999999997,164.25699999999995,164.30899999999997,4463
2026-07-24T02:00:00+00:00,164.30899999999997,164.33999999999995,164.28199999999995,164.30999999999995,4249
2026-07-24T02:30:00+00:00,164.30999999999995,164.31399999999996,164.25999999999996,164.30799999999996,2713
2026-07-24T03:00:00+00:00,164.30799999999996,164.39999999999995,164.30099999999996,164.38899999999995,2380
2026-07-24T03:30:00+00:00,164.38899999999995,164.39199999999997,164.32599999999996,164.33599999999996,3353
2026-07-24T04:00:00+00:00,164.33599999999996,164.36899999999997,164.31499999999997,164.36799999999997,5087
2026-07-24T04:30:00+00:00,164.36799999999997,164.37599999999995,164.34599999999995,164.35799999999995,1962
2026-07-24T05:00:00+00:00,164.35799999999995,164.36099999999996,164.33199999999997,164.33999999999995,1884
2026-07-24T05:30:00+00:00,164.33999999999995,164.37899999999996,164.32699999999997,164.37199999999996,2207
2026-07-24T06:00:00+00:00,164.37199999999996,164.37999999999997,164.29899999999995,164.31799999999996,4152
2026-07-24T06:30:00+00:00,164.31799999999996,164.33599999999996,164.29699999999997,164.29699999999997,3302
2026-07-24T07:00:00+00:00,164.29699999999997,164.31199999999995,164.18299999999996,164.22599999999997,5940
2026-07-24T07:30:00+00:00,164.22599999999997,164.33599999999996,164.19599999999997,164.29599999999996,3859
2026-07-24T08:00:00+00:00,164.29599999999996,164.34299999999996,164.26899999999995,164.26999999999995,3744
2026-07-24T08:30:00+00:00,164.26999999999995,164.33499999999995,164.25499999999997,164.26499999999996,3354
2026-07-24T09:00:00+00:00,164.26499999999996,164.29599999999996,164.25799999999995,164.27299999999997,3671
2026-07-24T09:30:00+00:00,164.27299999999997,164.29299999999995,164.21899999999997,164.22099999999995,3511
2026-07-24T10:00:00+00:00,164.22099999999995,164.26799999999997,164.20799999999997,164.25299999999996,2350
2026-07-24T10:30:00+00:00,164.25299999999996,164.33799999999997,164.23799999999997,164.32199999999995,2135
2026-07-24T11:00:00+00:00,164.32199999999995,164.33199999999997,164.29199999999994,164.31599999999995,2396
2026-07-24T11:30:00+00:00,164.31599999999995,164.36999999999995,164.29199999999994,164.33899999999997,3922
2026-07-24T12:00:00+00:00,164.33899999999997,164.37099999999995,164.33099999999996,164.35999999999996,4369
2026-07-24T12:30:00+00:00,164.35999999999996,164.39499999999995,164.33699999999996,164.38199999999995,2704
2026-07-24T13:00:00+00:00,164.38199999999995,164.40899999999996,164.37099999999995,164.39699999999996,3061
2026-07-24T13:30:00+00:00,164.39699999999996,164.40299999999996,164.31399999999996,164.31399999999996,3812
2026-07-24T14:00:00+00:00,164.31399999999996,164.36699999999996,164.29599999999996,164.32099999999997,3078
2026-07-24T14:30:00+00:00,164.32099999999997,164.33399999999995,164.22699999999995,164.28799999999995,4460
2026-07-24T15:00:00+00:00,164.28799999999995,164.30699999999996,164.17599999999996,164.22599999999997,6024
2026-07-24T15:30:00+00:00,164.22599999999997,164.28299999999996,164.21599999999995,164.24099999999996,2628
2026-07-24T16:00:00+00:00,164.24099999999996,164.27699999999996,164.23399999999995,164.25699999999995,2984
2026-07-24T16:30:00+00:00,164.25699999999995,164.31199999999995,164.24699999999996,164.31199999999995,2901
2026-07-24T17:00:00+00:00,164.31199999999995,164.36199999999997,164.31199999999995,164.34299999999996,2128
2026-07-24T17:30:00+00:00,164.34299999999996,164.36999999999995,164.34299999999996,164.34299999999996,1171
2026-07-24T18:00:00+00:00,164.34299999999996,164.37199999999996,164.32999999999996,164.37099999999995,1053
2026-07-24T18:30:00+00:00,164.37099999999995,164.38599999999997,164.35799999999995,164.37199999999996,1168
2026-07-24T19:00:00+00:00,164.37199999999996,164.38399999999996,164.33999999999995,164.38299999999995,1062
2026-07-24T19:30:00+00:00,164.38299999999995,164.38499999999996,164.34499999999997,164.38199999999995,1672
2026-07-24T20:00:00+00:00,164.38199999999995,164.39399999999995,164.37199999999996,164.38799999999995,636
2026-07-24T20:30:00+00:00,164.38799999999995,164.39899999999997,164.35599999999994,164.35699999999994,831.8509048453006
2026-07-26T21:00:00+00:00,164.35699999999994,164.43499999999995,164.29399999999993,164.40199999999993,567.615524524992
2026-07-26T21:30:00+00:00,164.40199999999993,164.42399999999995,164.31799999999993,164.37199999999993,969
2026-07-26T22:00:00+00:00,164.37199999999993,164.47299999999993,164.32299999999995,164.46199999999993,2915
2026-07-26T22:30:00+00:00,164.46199999999993,164.46699999999993,164.43399999999994,164.46199999999993,1190
2026-07-26T23:00:00+00:00,164.46199999999993,164.46399999999994,164.43599999999995,164.44799999999995,949
2026-07-26T23:30:00+00:00,164.44799999999995,164.45099999999994,164.37599999999995,164.38499999999993,939
2026-07-27T00:00:00+00:00,164.38499999999993,164.38799999999995,164.29299999999995,164.30599999999993,6610
2026-07-27T00:30:00+00:00,164.30599999999993,164.41699999999994,164.28699999999995,164.39699999999993,4054
2026-07-27T01:00:00+00:00,164.39699999999993,164.39999999999995,164.30899999999994,164.32899999999995,2735
2026-07-27T01:30:00+00:00,164.32899999999995,164.34199999999993,164.24499999999995,164.24599999999995,2584
2026-07-27T02:00:00+00:00,164.24599999999995,164.31599999999995,164.22299999999993,164.28699999999995,2648
2026-07-27T02:30:00+00:00,164.28699999999995,164.34399999999994,164.26899999999995,164.34099999999995,2166
2026-07-27T03:00:00+00:00,164.34099999999995,164.36999999999995,164.31899999999993,164.35299999999995,2375
2026-07-27T03:30:00+00:00,164.35299999999995,164.37899999999993,164.33199999999994,164.34399999999994,2189
2026-07-27T04:00:00+00:00,164.34399999999994,164.34999999999994,164.31399999999994,164.34299999999993,1713
2026-07-27T04:30:00+00:00,164.34299999999993,164.36499999999995,164.33699999999993,164.34299999999993,2260
2026-07-27T05:00:00+00:00,164.34299999999993,164.36399999999995,164.32799999999995,164.33299999999994,2506
2026-07-27T05:30:00+00:00,164.33299999999994,164.37199999999993,164.32599999999994,164.35499999999993,2675
2026-07-27T06:00:00+00:00,164.35499999999993,164.36999999999995,164.29099999999994,164.32899999999995,3546
2026-07-27T06:30:00+00:00,164.32899999999995,164.35399999999993,164.27499999999995,164.28499999999994,2948
2026-07-27T07:00:00+00:00,164.28499999999994,164.30199999999994,164.09399999999994,164.09999999999994,6005
2026-07-27T07:30:00+00:00,164.09999999999994,164.29299999999995,164.09699999999995,164.28999999999994,5227
2026-07-27T08:00:00+00:00,164.28999999999994,164.31899999999993,164.25799999999995,164.30499999999995,2874
2026-07-27T08:30:00+00:00,164.30499999999995,164.32299999999995,164.26999999999992,164.28499999999994,2841
2026-07-27T09:00:00+00:00,164.28499999999994,164.37099999999995,164.26199999999994,164.34099999999995,4316
2026-07-27T09:30:00+00:00,164.34099999999995,164.35599999999994,164.26899999999995,164.30099999999993,4060
2026-07-27T10:00:00+00:00,164.30099999999993,164.36499999999995,164.29599999999994,164.31699999999995,4176
2026-07-27T10:30:00+00:00,164.31699999999995,164.36499999999995,164.31199999999993,164.35599999999994,3394
2026-07-27T11:00:00+00:00,164.35599999999994,164.41099999999994,164.35499999999993,164.40699999999993,4137
2026-07-27T11:30:00+00:00,164.40699999999993,164.41599999999994,164.34799999999993,164.41399999999993,5150
2026-07-27T12:00:00+00:00,164.41399999999993,164.45499999999993,164.39199999999994,164.43099999999993,4127
2026-07-27T12:30:00+00:00,164.43099999999993,164.47099999999995,164.41699999999994,164.45699999999994,3087
2026-07-27T13:00:00+00:00,164.45699999999994,164.48699999999994,164.41999999999993,164.47399999999993,4005
2026-07-27T13:30:00+00:00,164.47399999999993,164.52599999999993,164.44799999999995,164.51399999999995,3531
2026-07-27T14:00:00+00:00,164.51399999999995,164.53299999999993,164.47799999999995,164.52399999999994,3514
2026-07-27T14:30:00+00:00,164.52399999999994,164.53599999999994,164.46299999999994,164.47399999999993,3416
2026-07-27T15:00:00+00:00,164.47399999999993,164.48999999999995,164.42299999999994,164.43399999999994,4017
2026-07-27T15:30:00+00:00,164.43399999999994,164.47899999999993,164.43199999999993,164.47899999999993,4181
2026-07-27T16:00:00+00:00,164.47899999999993,164.47999999999993,164.37999999999994,164.39299999999994,5680
2026-07-27T16:30:00+00:00,164.39299999999994,164.42499999999993,164.35199999999995,164.41799999999995,4922
2026-07-27T17:00:00+00:00,164.41799999999995,164.47999999999993,164.41699999999994,164.47399999999993,3610
2026-07-27T17:30:00+00:00,164.47399999999993,164.50099999999995,164.45899999999995,164.49299999999994,2093
2026-07-27T18:00:00+00:00,164.49299999999994,164.51199999999994,164.46299999999994,164.49799999999993,2505
2026-07-27T18:30:00+00:00,164.49799999999993,164.55799999999994,164.45799999999994,164.54499999999993,2461
2026-07-27T19:00:00+00:00,164.54499999999993,164.54499999999993,164.49599999999995,164.49699999999993,976
2026-07-27T19:30:00+00:00,164.49699999999993,164.50399999999993,164.46399999999994,164.50399999999993,1971
2026-07-27T20:00:00+00:00,164.50399999999993,164.51199999999994,164.49399999999994,164.50699999999995,720
2026-07-27T20:30:00+00:00,164.50699999999995,164.53699999999995,164.48499999999993,164.48499999999993,1275
2026-07-27T21:00:00+00:00,164.48499999999993,164.48499999999993,164.36999999999992,164.45099999999994,206.67882194025668
2026-07-27T21:30:00+00:00,164.45099999999994,164.48599999999993,164.43999999999994,164.44899999999996,2109
2026-07-27T22:00:00+00:00,164.44899999999996,164.52699999999993,164.44899999999996,164.52399999999994,799
2026-07-27T22:30:00+00:00,164.52399999999994,164.52599999999995,164.50999999999993,164.51799999999994,460.5599602159705
2026-07-27T23:00:00+00:00,164.51799999999994,164.51899999999992,164.48699999999994,164.50299999999993,1236
2026-07-27T23:30:00+00:00,164.50299999999993,164.55599999999993,164.50199999999992,164.54899999999992,995
2026-07-28T00:00:00+00:00,164.54899999999992,164.61199999999994,164.52599999999993,164.54799999999992,3056
2026-07-28T00:30:00+00:00,164.54799999999992,164.59199999999993,164.50899999999993,164.51799999999994,3416
2026-07-28T01:00:00+00:00,164.51799999999994,164.53599999999992,164.48499999999993,164.51699999999994,3251
2026-07-28T01:30:00+00:00,164.51699999999994,164.56199999999993,164.50799999999992,164.53599999999992,3677
2026-07-28T02:00:00+00:00,164.53599999999992,164.56099999999992,164.50999999999993,164.52399999999992,1979
2026-07-28T02:30:00+00:00,164.52399999999992,164.53699999999992,164.44199999999992,164.48299999999992,2118
2026-07-28T03:00:00+00:00,164.48299999999992,164.51199999999994,164.46999999999994,164.49399999999994,2619
2026-07-28T03:30:00+00:00,164.49399999999994,164.53999999999994,164.48299999999992,164.53499999999994,3028
2026-07-28T04:00:00+00:00,164.53499999999994,164.54799999999992,164.52899999999994,164.53599999999992,2650
2026-07-28T04:30:00+00:00,164.53599999999992,164.54699999999994,164.51599999999993,164.52199999999993,1754
2026-07-28T05:00:00+00:00,164.52199999999993,164.54299999999992,164.49699999999993,164.49699999999993,1866
2026-07-28T05:30:00+00:00,164.49699999999993,164.53499999999994,164.49399999999994,164.51099999999994,2109
2026-07-28T06:00:00+00:00,164.51099999999994,164.51099999999994,164.44899999999993,164.46999999999994,3723
2026-07-28T06:30:00+00:00,164.46999999999994,164.48599999999993,164.43899999999994,164.47999999999993,3200
2026-07-28T07:00:00+00:00,164.47999999999993,164.53699999999992,164.47999999999993,164.52699999999993,3081
2026-07-28T07:30:00+00:00,164.52699999999993,164.56499999999994,164.51499999999993,164.55499999999992,3165
2026-07-28T08:00:00+00:00,164.55499999999992,164.61399999999992,164.53099999999992,164.60999999999993,3056
2026-07-28T08:30:00+00:00,164.60999999999993,164.62499999999994,164.58399999999992,164.59599999999992,2474
2026-07-28T09:00:00+00:00,164.59599999999992,164.60099999999994,164.57799999999992,164.59699999999992,2277
2026-07-28T09:30:00+00:00,164.59699999999992,164.65999999999994,164.59699999999992,164.64799999999994,2480
2026-07-28T10:00:00+00:00,164.64799999999994,164.70599999999993,164.63599999999994,164.70099999999994,2932
2026-07-28T10:30:00+00:00,164.70099999999994,164.71999999999994,164.67799999999994,164.70599999999993,1564
2026-07-28T11:00:00+00:00,164.70599999999993,164.70799999999994,164.67799999999994,164.69099999999992,1839
2026-07-28T11:30:00+00:00,164.69099999999992,164.70799999999994,164.67899999999992,164.70099999999994,1797
2026-07-28T12:00:00+00:00,164.70099999999994,164.70399999999992,164.65399999999994,164.66199999999992,2320
2026-07-28T12:30:00+00:00,164.66199999999992,164.67499999999993,164.61499999999992,164.64999999999992,3044
2026-07-28T13:00:00+00:00,164.64999999999992,164.65499999999992,164.61399999999992,164.64299999999994,2825
2026-07-28T13:30:00+00:00,164.64299999999994,164.65099999999993,164.58899999999994,164.60299999999992,3087
2026-07-28T14:00:00+00:00,164.60299999999992,164.63199999999992,164.59799999999993,164.61399999999992,3380
2026-07-28T14:30:00+00:00,164.61399999999992,164.65299999999993,164.60299999999992,164.63699999999994,3678
2026-07-28T15:00:00+00:00,164.63699999999994,164.63699999999994,164.42499999999993,164.46299999999994,6822
2026-07-28T15:30:00+00:00,164.46299999999994,164.48399999999992,164.41899999999993,164.41899999999993,4407
2026-07-28T16:00:00+00:00,164.41899999999993,164.46999999999994,164.41499999999994,164.44899999999993,3973
2026-07-28T16:30:00+00:00,164.44899999999993,164.51999999999992,164.44299999999993,164.51699999999994,2537
2026-07-28T17:00:00+00:00,164.51699999999994,164.54999999999993,164.48699999999994,164.54299999999992,3391
2026-07-28T17:30:00+00:00,164.54299999999992,164.58599999999993,164.53399999999993,164.57499999999993,1727
2026-07-28T18:00:00+00:00,164.57499999999993,164.59199999999993,164.54299999999992,164.58899999999994,1966
2026-07-28T18:30:00+00:00,164.58899999999994,164.63299999999992,164.58299999999994,164.62999999999994,1183
2026-07-28T19:00:00+00:00,164.62999999999994,164.63999999999993,164.59799999999993,164.61799999999994,1900
2026-07-28T19:30:00+00:00,164.61799999999994,164.63299999999992,164.59699999999992,164.62699999999992,1877
2026-07-28T20:00:00+00:00,164.62699999999992,164.64899999999992,164.60999999999993,164.63499999999993,746
2026-07-28T20:30:00+00:00,164.63499999999993,164.65599999999992,164.60499999999993,164.61499999999992,1023
2026-07-28T21:00:00+00:00,164.61499999999992,164.63399999999993,164.53199999999993,164.57899999999992,311.52383863080684
2026-07-28T21:30:00+00:00,164.57899999999992,164.61999999999992,164.5709999999999,164.60499999999993,691
2026-07-28T22:00:00+00:00,164.60499999999993,164.68099999999993,164.60499999999993,164.65299999999993,844.0119581464874
2026-07-28T22:30:00+00:00,164.65299999999993,164.67499999999993,164.65099999999993,164.65699999999993,841
2026-07-28T23:00:00+00:00,164.65699999999993,164.67899999999992,164.65399999999994,164.66899999999993,1043
2026-07-28T23:30:00+00:00,164.66899999999993,164.67399999999992,164.65499999999992,164.67399999999992,749.0665757569449
2026-07-29T00:00:00+00:00,164.67399999999992,164.68699999999993,164.60199999999992,164.60499999999993,3155
2026-07-29T00:30:00+00:00,164.60499999999993,164.61899999999991,164.47899999999993,164.50999999999993,3972
2026-07-29T01:00:00+00:00,164.50999999999993,164.5699999999999,164.48599999999993,164.54899999999992,4037
2026-07-29T01:30:00+00:00,164.54899999999992,164.58499999999992,164.5109999999999,164.52799999999993,2654
2026-07-29T02:00:00+00:00,164.52799999999993,164.55599999999993,164.48999999999992,164.51599999999993,3125
2026-07-29T02:30:00+00:00,164.51599999999993,164.53899999999993,164.46499999999992,164.52599999999993,2426
2026-07-29T03:00:00+00:00,164.52599999999993,164.52599999999993,164.4689999999999,164.4749999999999,2439
2026-07-29T03:30:00+00:00,164.4749999999999,164.49099999999993,164.3679999999999,164.4279999999999,3096
2026-07-29T04:00:00+00:00,164.4279999999999,164.4279999999999,164.2849999999999,164.31899999999993,3495
2026-07-29T04:30:00+00:00,164.31899999999993,164.32999999999993,164.07999999999993,164.2309999999999,10281
2026-07-29T05:00:00+00:00,164.2309999999999,164.2609999999999,164.15099999999993,164.19199999999992,3312
2026-07-29T05:30:00+00:00,164.19199999999992,164.30099999999993,164.1899999999999,164.29999999999993,3761
2026-07-29T06:00:00+00:00,164.29999999999993,164.37199999999993,164.25799999999992,164.35299999999992,4267
2026-07-29T06:30:00+00:00,164.35299999999992,164.38299999999992,164.26999999999992,164.33399999999992,5178
2026-07-29T07:00:00+00:00,164.33399999999992,164.39699999999993,164.29899999999992,164.3919999999999,6149
2026-07-29T07:30:00+00:00,164.3919999999999,164.4989999999999,164.35799999999992,164.4869999999999,4326
2026-07-29T08:00:00+00:00,164.4869999999999,164.49999999999991,164.41299999999993,164.4159999999999,3704
2026-07-29T08:30:00+00:00,164.4159999999999,164.44899999999993,164.36099999999993,164.38799999999992,3592
2026-07-29T09:00:00+00:00,164.38799999999992,164.42299999999992,164.3329999999999,164.34099999999992,2416
2026-07-29T09:30:00+00:00,164.34099999999992,164.4039999999999,164.31099999999992,164.4019999999999,2947
2026-07-29T10:00:00+00:00,164.4019999999999,164.45899999999992,164.39399999999992,164.44099999999992,2755
2026-07-29T10:30:00+00:00,164.44099999999992,164.4849999999999,164.4319999999999,164.4509999999999,2425
2026-07-29T11:00:00+00:00,164.4509999999999,164.47799999999992,164.42999999999992,164.42999999999992,2140
2026-07-29T11:30:00+00:00,164.42999999999992,164.4729999999999,164.4279999999999,164.43499999999992,2687
2026-07-29T12:00:00+00:00,164.43499999999992,164.5579999999999,164.4219999999999,164.54799999999992,4414
2026-07-29T12:30:00+00:00,164.54799999999992,164.6119999999999,164.5279999999999,164.5889999999999,3283
2026-07-29T13:00:00+00:00,164.5889999999999,164.6039999999999,164.51999999999992,164.5389999999999,3343
2026-07-29T13:30:00+00:00,164.5389999999999,164.5749999999999,164.51899999999992,164.54299999999992,3272
2026-07-29T14:00:00+00:00,164.54299999999992,164.58499999999992,164.5289999999999,164.54899999999992,2545
2026-07-29T14:30:00+00:00,164.54899999999992,164.67899999999992,164.53799999999993,164.67899999999992,3418
2026-07-29T15:00:00+00:00,164.67899999999992,164.67899999999992,164.61999999999992,164.6419999999999,3288
2026-07-29T15:30:00+00:00,164.6419999999999,164.6599999999999,164.63199999999992,164.64899999999992,3662
2026-07-29T16:00:00+00:00,164.64899999999992,164.6939999999999,164.6479999999999,164.6709999999999,2569
2026-07-29T16:30:00+00:00,164.6709999999999,164.6869999999999,164.65599999999992,164.68599999999992,1468
2026-07-29T17:00:00+00:00,164.68599999999992,164.6879999999999,164.61399999999992,164.6339999999999,2137
2026-07-29T17:30:00+00:00,164.6339999999999,164.6479999999999,164.5569999999999,164.5639999999999,2482
2026-07-29T18:00:00+00:00,164.5639999999999,164.6009999999999,164.2129999999999,164.33999999999992,11512
2026-07-29T18:30:00+00:00,164.33999999999992,164.44099999999992,164.1059999999999,164.1069999999999,12693
2026-07-29T19:00:00+00:00,164.1069999999999,164.2359999999999,164.0229999999999,164.19099999999992,13665
2026-07-29T19:30:00+00:00,164.19099999999992,164.3089999999999,164.1819999999999,164.30399999999992,9748
2026-07-29T20:00:00+00:00,164.30399999999992,164.35799999999992,164.2709999999999,164.34099999999992,3236
2026-07-29T20:30:00+00:00,164.34099999999992,164.3429999999999,164.1819999999999,164.1819999999999,5188
2026-07-29T21:00:00+00:00,164.1819999999999,164.1909999999999,164.1109999999999,164.1679999999999,458.63668261563
2026-07-29T21:30:00+00:00,164.1679999999999,164.2109999999999,164.1649999999999,164.1759999999999,2228
2026-07-29T22:00:00+00:00,164.1759999999999,164.2409999999999,164.1679999999999,164.2329999999999,2625
2026-07-29T22:30:00+00:00,164.2329999999999,164.2329999999999,164.1739999999999,164.1769999999999,1313
2026-07-29T23:00:00+00:00,164.1769999999999,164.1769999999999,164.0899999999999,164.1589999999999,2509
2026-07-29T23:30:00+00:00,164.1589999999999,164.1749999999999,164.0609999999999,164.0969999999999,2550
2026-07-30T00:00:00+00:00,164.0969999999999,164.2869999999999,164.0009999999999,164.2819999999999,8709
2026-07-30T00:30:00+00:00,164.2819999999999,164.3039999999999,164.1979999999999,164.2829999999999,8443
2026-07-30T01:00:00+00:00,164.2829999999999,164.3209999999999,164.2019999999999,164.2779999999999,5858
2026-07-30T01:30:00+00:00,164.2779999999999,164.3059999999999,164.2079999999999,164.2909999999999,3728
2026-07-30T02:00:00+00:00,164.2909999999999,164.2939999999999,164.2389999999999,164.2779999999999,3216
2026-07-30T02:30:00+00:00,164.2779999999999,164.2829999999999,164.2479999999999,164.2789999999999,3081
2026-07-30T03:00:00+00:00,164.2789999999999,164.3359999999999,164.2749999999999,164.3029999999999,4876
2026-07-30T03:30:00+00:00,164.3029999999999,164.3409999999999,164.2839999999999,164.2899999999999,2506
2026-07-30T04:00:00+00:00,164.2899999999999,164.3119999999999,164.2529999999999,164.26799999999992,2428
2026-07-30T04:30:00+00:00,164.26799999999992,164.3029999999999,164.2529999999999,164.2779999999999,2910
2026-07-30T05:00:00+00:00,164.2779999999999,164.2969999999999,164.2469999999999,164.27999999999992,2218
2026-07-30T05:30:00+00:00,164.27999999999992,164.3389999999999,164.2729999999999,164.3279999999999,3836
2026-07-30T06:00:00+00:00,164.3279999999999,164.4229999999999,164.3249999999999,164.3889999999999,3825
2026-07-30T06:30:00+00:00,164.3889999999999,164.4329999999999,164.3429999999999,164.4289999999999,4028
2026-07-30T07:00:00+00:00,164.4289999999999,164.4409999999999,164.3489999999999,164.4359999999999,7358
2026-07-30T07:30:00+00:00,164.4359999999999,164.5279999999999,164.4339999999999,164.5199999999999,6978
2026-07-30T08:00:00+00:00,164.5199999999999,164.5209999999999,164.3999999999999,164.4059999999999,5163
2026-07-30T08:30:00+00:00,164.4059999999999,164.45199999999988,164.3959999999999,164.44399999999987,6258
2026-07-30T09:00:00+00:00,164.44399999999987,164.44399999999987,164.24899999999988,164.2569999999999,7579
2026-07-30T09:30:00+00:00,164.2569999999999,164.2799999999999,164.07099999999988,164.0979999999999,7662
2026-07-30T10:00:00+00:00,164.0979999999999,164.10499999999988,163.0729999999999,163.6609999999999,21894
2026-07-30T10:30:00+00:00,163.6609999999999,163.6609999999999,163.48099999999988,163.6159999999999,13914
2026-07-30T11:00:00+00:00,163.6159999999999,163.77199999999988,163.5119999999999,163.7529999999999,9593
2026-07-30T11:30:00+00:00,163.7529999999999,163.83299999999988,163.6729999999999,163.68299999999988,8082
2026-07-30T12:00:00+00:00,163.68299999999988,163.73699999999988,163.6449999999999,163.6809999999999,9645
2026-07-30T12:30:00+00:00,163.6809999999999,163.7509999999999,163.48699999999988,163.7499999999999,14071
2026-07-30T13:00:00+00:00,163.7499999999999,163.7519999999999,163.5019999999999,163.56999999999988,15480
2026-07-30T13:30:00+00:00,163.56999999999988,163.6029999999999,160.5329999999999,160.5369999999999,52070
2026-07-30T14:00:00+00:00,160.5369999999999,160.74199999999988,158.7569999999999,160.01099999999988,59578
2026-07-30T14:30:00+00:00,160.01099999999988,160.46199999999988,159.47499999999988,160.07499999999987,26691
2026-07-30T15:00:00+00:00,160.07499999999987,160.40399999999988,159.6869999999999,160.2449999999999,19407
2026-07-30T15:30:00+00:00,160.2449999999999,160.33799999999988,160.07499999999987,160.2629999999999,11721
2026-07-30T16:00:00+00:00,160.2629999999999,160.32099999999988,160.1609999999999,160.2289999999999,11184
2026-07-30T16:30:00+00:00,160.2289999999999,160.47999999999988,160.2029999999999,160.3629999999999,7447
2026-07-30T17:00:00+00:00,160.3629999999999,160.6369999999999,160.3519999999999,160.58199999999988,6465
2026-07-30T17:30:00+00:00,160.58199999999988,160.6159999999999,159.30799999999988,159.78399999999988,21888
2026-07-30T18:00:00+00:00,159.78399999999988,159.8899999999999,159.6339999999999,159.80699999999987,10259
2026-07-30T18:30:00+00:00,159.80699999999987,159.89099999999988,159.67599999999987,159.6869999999999,6769
2026-07-30T19:00:00+00:00,159.6869999999999,160.12299999999988,159.6869999999999,160.1039999999999,6670
2026-07-30T19:30:00+00:00,160.1039999999999,160.22499999999988,160.0779999999999,160.1389999999999,5437
2026-07-30T20:00:00+00:00,160.1389999999999,160.31399999999988,160.1319999999999,160.2889999999999,3202
2026-07-30T20:30:00+00:00,160.2889999999999,160.39799999999988,160.14099999999988,160.2889999999999,3478
2026-07-30T21:00:00+00:00,160.2889999999999,160.2889999999999,160.13399999999987,160.22999999999988,318.86217091282475
2026-07-30T21:30:00+00:00,160.22999999999988,160.37099999999987,160.22099999999986,160.34499999999986,592
2026-07-30T22:00:00+00:00,160.34499999999986,160.49699999999987,160.20299999999986,160.43999999999988,4622
2026-07-30T22:30:00+00:00,160.43999999999988,160.46699999999987,160.07799999999986,160.36699999999988,6375
2026-07-30T23:00:00+00:00,160.36699999999988,160.63699999999986,160.28999999999988,160.62899999999988,6472
2026-07-30T23:30:00+00:00,160.62899999999988,160.91599999999988,160.60899999999987,160.90099999999987,8331
2026-07-31T00:00:00+00:00,160.90099999999987,161.11399999999986,160.85499999999988,160.97799999999987,14882
2026-07-31T00:30:00+00:00,160.97799999999987,161.39599999999987,160.96199999999988,161.24999999999986,15291
2026-07-31T01:00:00+00:00,161.24999999999986,161.35299999999987,161.05199999999988,161.21799999999988,14615
2026-07-31T01:30:00+00:00,161.21799999999988,161.45799999999988,161.15799999999987,161.44799999999987,10282
2026-07-31T02:00:00+00:00,161.44799999999987,161.44799999999987,161.21299999999988,161.31199999999987,8884
2026-07-31T02:30:00+00:00,161.31199999999987,161.36599999999987,161.15499999999986,161.22199999999987,6131
2026-07-31T03:00:00+00:00,161.22199999999987,161.58699999999988,161.18099999999987,161.54399999999987,11121
2026-07-31T03:30:00+00:00,161.54399999999987,161.57099999999988,161.20799999999988,161.32599999999988,9436
2026-07-31T04:00:00+00:00,161.32599999999988,161.45899999999986,161.27299999999988,161.44199999999987,8759
2026-07-31T04:30:00+00:00,161.44199999999987,161.52099999999987,161.37499999999986,161.39299999999986,8237
2026-07-31T05:00:00+00:00,161.39299999999986,161.45499999999987,161.30199999999988,161.45099999999988,7934
2026-07-31T05:30:00+00:00,161.45099999999988,161.45899999999986,161.25499999999988,161.31099999999986,10903
2026-07-31T06:00:00+00:00,161.31099999999986,161.31999999999988,160.94099999999986,161.04599999999988,16226
2026-07-31T06:30:00+00:00,161.04599999999988,161.24799999999988,160.64499999999987,160.99999999999986,22762
2026-07-31T07:00:00+00:00,160.99999999999986,161.22499999999988,160.98999999999987,161.20599999999988,15500
2026-07-31T07:30:00+00:00,161.20599999999988,161.35499999999988,160.91499999999988,160.91699999999986,18360
2026-07-31T08:00:00+00:00,160.91699999999986,161.22399999999988,160.87499999999986,160.99299999999988,17077
2026-07-31T08:30:00+00:00,160.99299999999988,161.00499999999988,159.24899999999988,159.63999999999987,23742
2026-07-31T09:00:00+00:00,159.63999999999987,160.57199999999986,159.28499999999988,160.57099999999988,41497
2026-07-31T09:30:00+00:00,160.57099999999988,160.79599999999988,160.13599999999988,160.70999999999987,13273
2026-07-31T10:00:00+00:00,160.70999999999987,160.84799999999987,160.56799999999987,160.67099999999988,8465
2026-07-31T10:30:00+00:00,160.67099999999988,160.74199999999988,160.58999999999986,160.70099999999988,6434
2026-07-31T11:00:00+00:00,160.70099999999988,160.86799999999988,160.69999999999987,160.85099999999986,6441
2026-07-31T11:30:00+00:00,160.85099999999986,160.96699999999987,160.81899999999987,160.92099999999988,5764
2026-07-31T12:00:00+00:00,160.92099999999988,161.11099999999988,160.87699999999987,161.05999999999986,7305
2026-07-31T12:30:00+00:00,161.05999999999986,161.16399999999987,161.00399999999988,161.08499999999987,5951
2026-07-31T13:00:00+00:00,161.08499999999987,161.24999999999986,160.18299999999988,160.23399999999987,19098
2026-07-31T13:30:00+00:00,160.23399999999987,160.54999999999987,159.83799999999988,160.20199999999988,30003
2026-07-31T14:00:00+00:00,160.20199999999988,160.21799999999988,159.61599999999987,159.94999999999987,27248
2026-07-31T14:30:00+00:00,159.94999999999987,160.26199999999986,159.89999999999986,159.94999999999987,17999
2026-07-31T15:00:00+00:00,159.94999999999987,160.07499999999987,159.56499999999988,160.06499999999988,19672
2026-07-31T15:30:00+00:00,160.06499999999988,160.13399999999987,159.80399999999986,159.87999999999988,9977
2026-07-31T16:00:00+00:00,159.87999999999988,159.99399999999986,159.83599999999987,159.93799999999987,5615
2026-07-31T16:30:00+00:00,159.93799999999987,160.08099999999988,159.89799999999988,160.07999999999987,3678
2026-07-31T17:00:00+00:00,160.07999999999987,160.21499999999986,159.41799999999986,159.42899999999986,9762
2026-07-31T17:30:00+00:00,159.42899999999986,159.65899999999988,158.87299999999988,159.22199999999987,29541
2026-07-31T18:00:00+00:00,159.22199999999987,159.56299999999987,159.02099999999987,159.51899999999986,12953
2026-07-31T18:30:00+00:00,159.51899999999986,159.83899999999986,159.47699999999986,159.60699999999986,7548
2026-07-31T19:00:00+00:00,159.60699999999986,159.81599999999986,159.58799999999988,159.74899999999988,3059
2026-07-31T19:30:00+00:00,159.74899999999988,159.94399999999987,159.70199999999988,159.88799999999986,7036
2026-07-31T20:00:00+00:00,159.88799999999986,159.90999999999988,158.71099999999987,158.72999999999988,23684
2026-07-31T20:30:00+00:00,158.72999999999988,158.89699999999988,157.9559999999999,158.1849999999999,26433.042110679053
2026-08-02T21:00:00+00:00,158.1849999999999,158.63199999999986,158.17999999999986,158.5119999999999,1469
2026-08-02T21:30:00+00:00,158.5119999999999,158.61599999999984,158.44399999999985,158.54399999999987,1769.80324191661
2026-08-02T22:00:00+00:00,158.54399999999987,158.55899999999986,158.06299999999985,158.32099999999986,13536
2026-08-02T22:30:00+00:00,158.32099999999986,158.46399999999986,158.17199999999985,158.37799999999984,7225
2026-08-02T23:00:00+00:00,158.37799999999984,158.92499999999987,158.12499999999986,158.77699999999984,11425
2026-08-02T23:30:00+00:00,158.77699999999984,158.94199999999987,158.64499999999987,158.65699999999987,7746
2026-08-03T00:00:00+00:00,158.65699999999987,158.95199999999986,157.59499999999986,157.72399999999988,20218
2026-08-03T00:30:00+00:00,157.72399999999988,157.75999999999988,156.29499999999987,157.19199999999987,56926
2026-08-03T01:00:00+00:00,157.19199999999987,157.46899999999985,156.49299999999985,157.31199999999987,37114
2026-08-03T01:30:00+00:00,157.31199999999987,157.51899999999986,157.24599999999987,157.42899999999986,14933
2026-08-03T02:00:00+00:00,157.42899999999986,157.69899999999987,157.42599999999987,157.53899999999987,9118
2026-08-03T02:30:00+00:00,157.53899999999987,157.57499999999987,157.28299999999987,157.55199999999988,8837
2026-08-03T03:00:00+00:00,157.55199999999988,157.71099999999987,157.52499999999986,157.60399999999987,7658
2026-08-03T03:30:00+00:00,157.60399999999987,157.65199999999987,157.37399999999985,157.59099999999987,4732
2026-08-03T04:00:00+00:00,157.59099999999987,157.61499999999987,157.47499999999985,157.57499999999987,5272
2026-08-03T04:30:00+00:00,157.57499999999987,157.61499999999987,157.43999999999986,157.53099999999986,4738
2026-08-03T05:00:00+00:00,157.53099999999986,157.57699999999986,157.43599999999986,157.52999999999986,4078
2026-08-03T05:30:00+00:00,157.52999999999986,157.55899999999986,157.45399999999987,157.46599999999987,3447
2026-08-03T06:00:00+00:00,157.46599999999987,157.76199999999986,157.39299999999986,157.70199999999986,5526
2026-08-03T06:30:00+00:00,157.70199999999986,157.91599999999985,157.64399999999986,157.84099999999987,6040
2026-08-03T07:00:00+00:00,157.84099999999987,157.86899999999986,157.60699999999986,157.66999999999987,11018
2026-08-03T07:30:00+00:00,157.66999999999987,157.85899999999987,157.54699999999985,157.84299999999988,7241
2026-08-03T08:00:00+00:00,157.84299999999988,157.87999999999985,157.72299999999987,157.85999999999987,6874
2026-08-03T08:30:00+00:00,157.85999999999987,158.05299999999986,157.62799999999987,158.05199999999988,11721
2026-08-03T09:00:00+00:00,158.05199999999988,158.10599999999985,157.96099999999987,158.05999999999986,6151
2026-08-03T09:30:00+00:00,158.05999999999986,158.20199999999986,157.93399999999986,158.15699999999987,7673
2026-08-03T10:00:00+00:00,158.15699999999987,158.16199999999986,157.98199999999986,157.99899999999985,8046
2026-08-03T10:30:00+00:00,157.99899999999985,158.07999999999987,157.73399999999987,157.89199999999985,9709
2026-08-03T11:00:00+00:00,157.89199999999985,158.02899999999985,157.82499999999987,158.02699999999987,6726
2026-08-03T11:30:00+00:00,158.02699999999987,158.06199999999987,157.65399999999985,157.72899999999987,8425
2026-08-03T12:00:00+00:00,157.72899999999987,157.80399999999986,157.65599999999986,157.76599999999988,9110
2026-08-03T12:30:00+00:00,157.76599999999988,157.96199999999988,157.75099999999986,157.88799999999986,7076
2026-08-03T13:00:00+00:00,157.88799999999986,157.92799999999986,157.46699999999987,157.53599999999986,12886
2026-08-03T13:30:00+00:00,157.53599999999986,157.58699999999988,157.37199999999987,157.53799999999987,14656
2026-08-03T14:00:00+00:00,157.53799999999987,157.68499999999986,157.30599999999987,157.60099999999986,14465
2026-08-03T14:30:00+00:00,157.60099999999986,157.81599999999986,157.54199999999986,157.62799999999987,12423
2026-08-03T15:00:00+00:00,157.62799999999987,157.92999999999986,157.62399999999985,157.85099999999986,7725
2026-08-03T15:30:00+00:00,157.85099999999986,158.10099999999986,157.79099999999985,158.03599999999986,6596
2026-08-03T16:00:00+00:00,158.03599999999986,158.04099999999985,157.65799999999987,157.94199999999987,6488
2026-08-03T16:30:00+00:00,157.94199999999987,158.03499999999985,157.91199999999986,157.95699999999985,4116
2026-08-03T17:00:00+00:00,157.95699999999985,158.06099999999986,157.94999999999987,158.04099999999985,2502
2026-08-03T17:30:00+00:00,158.04099999999985,158.10399999999987,157.97699999999986,158.08899999999986,2844
2026-08-03T18:00:00+00:00,158.08899999999986,158.14899999999986,157.90899999999988,157.96799999999988,6392
2026-08-03T18:30:00+00:00,157.96799999999988,157.98299999999986,157.74299999999985,157.83599999999987,10943
2026-08-03T19:00:00+00:00,157.83599999999987,157.94299999999987,157.81899999999987,157.91799999999986,4517
2026-08-03T19:30:00+00:00,157.91799999999986,158.03299999999987,157.91799999999986,158.02099999999987,2924
2026-08-03T20:00:00+00:00,158.02099999999987,158.29099999999985,157.97999999999988,158.24599999999987,3166
2026-08-03T20:30:00+00:00,158.24599999999987,158.27999999999986,158.13499999999988,158.20899999999986,3602
2026-08-03T21:00:00+00:00,158.20899999999986,158.24899999999985,158.20699999999985,158.24299999999985,221.4109916833776
2026-08-03T21:30:00+00:00,158.24299999999985,158.26899999999986,158.23699999999985,158.26299999999986,1161
2026-08-03T22:00:00+00:00,158.26299999999986,158.50899999999987,158.24599999999987,158.45999999999987,1978
2026-08-03T22:30:00+00:00,158.45999999999987,158.47399999999988,158.36299999999986,158.42599999999987,2533
2026-08-03T23:00:00+00:00,158.42599999999987,158.44699999999986,158.32899999999987,158.44399999999987,1869
2026-08-03T23:30:00+00:00,158.44399999999987,158.73399999999987,158.43899999999988,158.60499999999988,4184
2026-08-04T00:00:00+00:00,158.60499999999988,158.61499999999987,158.29099999999985,158.40099999999987,9711
2026-08-04T00:30:00+00:00,158.40099999999987,158.61399999999986,158.36299999999986,158.56999999999985,11448
2026-08-04T01:00:00+00:00,158.56999999999985,158.68399999999986,158.53399999999988,158.62099999999987,7858
2026-08-04T01:30:00+00:00,158.62099999999987,158.68099999999987,158.45799999999986,158.67999999999986,6583
2026-08-04T02:00:00+00:00,158.67999999999986,158.81399999999988,158.65799999999987,158.76699999999985,6887
2026-08-04T02:30:00+00:00,158.76699999999985,158.79699999999985,158.69299999999987,158.78499999999985,5104
2026-08-04T03:00:00+00:00,158.78499999999985,158.78499999999985,158.63099999999986,158.66899999999987,4209
2026-08-04T03:30:00+00:00,158.66899999999987,158.72499999999985,158.49699999999987,158.71999999999986,6524
2026-08-04T04:00:00+00:00,158.71999999999986,158.73699999999985,158.66899999999987,158.68599999999986,3520
2026-08-04T04:30:00+00:00,158.68599999999986,158.69399999999987,158.53999999999988,158.60999999999987,3450
2026-08-04T05:00:00+00:00,158.60999999999987,158.69699999999986,158.56499999999986,158.64199999999985,3521
2026-08-04T05:30:00+00:00,158.64199999999985,158.80999999999986,158.63099999999986,158.77799999999988,3829
2026-08-04T06:00:00+00:00,158.77799999999988,158.83499999999987,158.62499999999986,158.75499999999985,6621
2026-08-04T06:30:00+00:00,158.75499999999985,158.83799999999985,158.68099999999987,158.74799999999988,6626
2026-08-04T07:00:00+00:00,158.74799999999988,158.82899999999987,158.68699999999987,158.73999999999987,6190
2026-08-04T07:30:00+00:00,158.73999999999987,158.90699999999987,158.67599999999987,158.87899999999988,6469
2026-08-04T08:00:00+00:00,158.87899999999988,158.88299999999987,158.79199999999986,158.81999999999985,6126
2026-08-04T08:30:00+00:00,158.81999999999985,158.88599999999985,158.80799999999988,158.86899999999986,4990
2026-08-04T09:00:00+00:00,158.86899999999986,159.00799999999987,158.85899999999987,158.92899999999986,6099
2026-08-04T09:30:00+00:00,158.92899999999986,159.02599999999987,158.91899999999987,158.97799999999987,3762
2026-08-04T10:00:00+00:00,158.97799999999987,159.02299999999985,158.92899999999986,158.95699999999985,4473
2026-08-04T10:30:00+00:00,158.95699999999985,158.97299999999987,158.82099999999986,158.88799999999986,7647
2026-08-04T11:00:00+00:00,158.88799999999986,158.92099999999988,158.74899999999985,158.76099999999985,5128
2026-08-04T11:30:00+00:00,158.76099999999985,158.81299999999987,158.43099999999987,158.53099999999986,14667
2026-08-04T12:00:00+00:00,158.53099999999986,158.65999999999985,158.36899999999986,158.64399999999986,10135
2026-08-04T12:30:00+00:00,158.64399999999986,158.64499999999987,158.47399999999988,158.59499999999986,5843
2026-08-04T13:00:00+00:00,158.59499999999986,158.63899999999987,158.43399999999986,158.48499999999987,9518
2026-08-04T13:30:00+00:00,158.48499999999987,158.52499999999986,158.28299999999987,158.49299999999985,10587
2026-08-04T14:00:00+00:00,158.49299999999985,158.56199999999987,158.36499999999987,158.54399999999987,10063
2026-08-04T14:30:00+00:00,158.54399999999987,158.70399999999987,158.51899999999986,158.62299999999988,9507
2026-08-04T15:00:00+00:00,158.62299999999988,158.68599999999986,158.57999999999987,158.62199999999987,5767
2026-08-04T15:30:00+00:00,158.62199999999987,158.62499999999986,158.44699999999986,158.50699999999986,7375
2026-08-04T16:00:00+00:00,158.50699999999986,158.59799999999987,158.49999999999986,158.54099999999985,4448
2026-08-04T16:30:00+00:00,158.54099999999985,158.70199999999986,158.53499999999985,158.64499999999987,3612
2026-08-04T17:00:00+00:00,158.64499999999987,158.71399999999986,158.59499999999986,158.68599999999986,4217
2026-08-04T17:30:00+00:00,158.68599999999986,158.70099999999985,158.64399999999986,158.67499999999987,2491
2026-08-04T18:00:00+00:00,158.67499999999987,158.76199999999986,158.66899999999987,158.73399999999987,6666
2026-08-04T18:30:00+00:00,158.73399999999987,158.75499999999985,158.67999999999986,158.71799999999988,6310
2026-08-04T19:00:00+00:00,158.71799999999988,158.86299999999986,158.70599999999988,158.84799999999987,5616
2026-08-04T19:30:00+00:00,158.84799999999987,158.90199999999987,158.78399999999988,158.83699999999988,3218
2026-08-04T20:00:00+00:00,158.83699999999988,158.84999999999985,158.74399999999986,158.78799999999987,4377
2026-08-04T20:30:00+00:00,158.78799999999987,158.82299999999987,158.76399999999987,158.76399999999987,3644
2026-08-04T21:00:00+00:00,158.76399999999987,158.87599999999986,158.73499999999987,158.81699999999987,768.8260972926769
2026-08-04T21:30:00+00:00,158.81699999999987,158.89799999999985,158.80599999999984,158.82699999999986,1996
2026-08-04T22:00:00+00:00,158.82699999999986,158.85899999999984,158.78699999999986,158.85599999999985,1420
2026-08-04T22:30:00+00:00,158.85599999999985,158.86199999999985,158.79899999999986,158.82399999999984,1354
2026-08-04T23:00:00+00:00,158.82399999999984,158.88899999999984,158.81299999999985,158.88799999999986,933
2026-08-04T23:30:00+00:00,158.88799999999986,158.90299999999985,158.75299999999984,158.79999999999984,1387.8422966507178
2026-08-05T00:00:00+00:00,158.79999999999984,158.84599999999986,158.66899999999984,158.73699999999985,7074
2026-08-05T00:30:00+00:00,158.73699999999985,158.76499999999984,158.54299999999986,158.65099999999984,7524
2026-08-05T01:00:00+00:00,158.65099999999984,158.73799999999986,158.60499999999985,158.71999999999986,11879
2026-08-05T01:30:00+00:00,158.71999999999986,158.77099999999984,158.69399999999985,158.73599999999985,4598
2026-08-05T02:00:00+00:00,158.73599999999985,158.79099999999985,158.48599999999985,158.58799999999985,9613
2026-08-05T02:30:00+00:00,158.58799999999985,158.58799999999985,158.39899999999986,158.55099999999985,9842
2026-08-05T03:00:00+00:00,158.55099999999985,158.55499999999986,158.44899999999984,158.52899999999985,9272
2026-08-05T03:30:00+00:00,158.52899999999985,158.62399999999985,158.50199999999984,158.51399999999984,7560
2026-08-05T04:00:00+00:00,158.51399999999984,158.51899999999986,158.46299999999985,158.50299999999984,3256
2026-08-05T04:30:00+00:00,158.50299999999984,158.77499999999986,158.50299999999984,158.74599999999984,5128
2026-08-05T05:00:00+00:00,158.74599999999984,158.79999999999984,158.70799999999986,158.74699999999984,8714
2026-08-05T05:30:00+00:00,158.74699999999984,158.77199999999985,158.68399999999986,158.73199999999986,4706
2026-08-05T06:00:00+00:00,158.73199999999986,158.86099999999985,158.69599999999986,158.80199999999985,5104
2026-08-05T06:30:00+00:00,158.80199999999985,158.83499999999987,158.66999999999985,158.70899999999986,8027
2026-08-05T07:00:00+00:00,158.70899999999986,158.79999999999984,158.62999999999985,158.77399999999986,7025
2026-08-05T07:30:00+00:00,158.77399999999986,158.83399999999986,158.75499999999985,158.81299999999985,7205
2026-08-05T08:00:00+00:00,158.81299999999985,158.88899999999984,158.79699999999985,158.86999999999986,6460
2026-08-05T08:30:00+00:00,158.86999999999986,158.96699999999984,158.86899999999986,158.91299999999984,3692
2026-08-05T09:00:00+00:00,158.91299999999984,158.95899999999986,158.83099999999985,158.90099999999984,4338
2026-08-05T09:30:00+00:00,158.90099999999984,158.90999999999985,158.78699999999986,158.84699999999984,6405
2026-08-05T10:00:00+00:00,158.84699999999984,158.90599999999986,158.82399999999984,158.84599999999986,4036
2026-08-05T10:30:00+00:00,158.84599999999986,158.87199999999984,158.78699999999986,158.79699999999985,2605
2026-08-05T11:00:00+00:00,158.79699999999985,158.79699999999985,158.57999999999984,158.65399999999985,7761
2026-08-05T11:30:00+00:00,158.65399999999985,158.70299999999986,158.61799999999985,158.65399999999985,4590
2026-08-05T12:00:00+00:00,158.65399999999985,158.69999999999985,158.50999999999985,158.60499999999985,6550
2026-08-05T12:30:00+00:00,158.60499999999985,158.72799999999984,158.57699999999986,158.72399999999985,5969
2026-08-05T13:00:00+00:00,158.72399999999985,158.74199999999985,158.62899999999985,158.63899999999984,6300
2026-08-05T13:30:00+00:00,158.63899999999984,158.66499999999985,158.51199999999986,158.63499999999985,9659
2026-08-05T14:00:00+00:00,158.63499999999985,158.64099999999985,158.40499999999986,158.55799999999985,10771
2026-08-05T14:30:00+00:00,158.55799999999985,158.70099999999985,158.55799999999985,158.59399999999985,8383
2026-08-05T15:00:00+00:00,158.59399999999985,158.69899999999984,158.50499999999985,158.66199999999986,7395
2026-08-05T15:30:00+00:00,158.66199999999986,158.76099999999985,158.63699999999986,158.75399999999985,4843
2026-08-05T16:00:00+00:00,158.75399999999985,158.77099999999984,158.69599999999986,158.73599999999985,4952
2026-08-05T16:30:00+00:00,158.73599999999985,158.84799999999984,158.73599999999985,158.83799999999985,3421
2026-08-05T17:00:00+00:00,158.83799999999985,158.89099999999985,158.78699999999986,158.80599999999984,2575
2026-08-05T17:30:00+00:00,158.80599999999984,158.82999999999984,158.75199999999984,158.78099999999986,2912
2026-08-05T18:00:00+00:00,158.78099999999986,158.80299999999986,158.71699999999984,158.72299999999984,3428
2026-08-05T18:30:00+00:00,158.72299999999984,158.78799999999984,158.72299999999984,158.76499999999984,3180
2026-08-05T19:00:00+00:00,158.76499999999984,158.84299999999985,158.74399999999986,158.83899999999986,2932
2026-08-05T19:30:00+00:00,158.83899999999986,158.83999999999986,158.77199999999985,158.81499999999986,3293
2026-08-05T20:00:00+00:00,158.81499999999986,158.90999999999985,158.78699999999986,158.88999999999984,1248
2026-08-05T20:30:00+00:00,158.88999999999984,158.89799999999985,158.83399999999986,158.83499999999987,2065
2026-08-05T21:00:00+00:00,158.83499999999987,158.83499999999987,158.76199999999986,158.81199999999984,1638
2026-08-05T21:30:00+00:00,158.81199999999984,158.81999999999985,158.74199999999985,158.78999999999985,2641
2026-08-05T22:00:00+00:00,158.78999999999985,158.81399999999985,158.78499999999985,158.79199999999986,881
2026-08-05T22:30:00+00:00,158.79199999999986,158.79799999999986,158.75099999999983,158.76399999999984,400.569735510912
2026-08-05T23:00:00+00:00,158.76399999999984,158.76499999999984,158.71999999999986,158.74899999999985,760
2026-08-05T23:30:00+00:00,158.74899999999985,158.75299999999984,158.64999999999984,158.70299999999986,1240
2026-08-06T00:00:00+00:00,158.70299999999986,158.81399999999985,158.70299999999986,158.78599999999986,6200
2026-08-06T00:30:00+00:00,158.78599999999986,158.85099999999986,158.74199999999985,158.81899999999985,6475
2026-08-06T01:00:00+00:00,158.81899999999985,158.84299999999985,158.73999999999984,158.76499999999984,3409
2026-08-06T01:30:00+00:00,158.76499999999984,158.77199999999985,158.68799999999985,158.75599999999986,2612
2026-08-06T02:00:00+00:00,158.75599999999986,158.77499999999984,158.68399999999986,158.75899999999984,2666
2026-08-06T02:30:00+00:00,158.75899999999984,158.77499999999984,158.73099999999985,158.76299999999983,2518
2026-08-06T03:00:00+00:00,158.76299999999983,158.83499999999984,158.76299999999983,158.82499999999985,3699
2026-08-06T03:30:00+00:00,158.82499999999985,158.83799999999985,158.78499999999985,158.82799999999986,2501
2026-08-06T04:00:00+00:00,158.82799999999986,158.82799999999986,158.80099999999985,158.82199999999986,2108
2026-08-06T04:30:00+00:00,158.82199999999986,158.84199999999984,158.81199999999984,158.83099999999985,2314
2026-08-06T05:00:00+00:00,158.83099999999985,158.86699999999985,158.82799999999986,158.85999999999984,1332
2026-08-06T05:30:00+00:00,158.85999999999984,158.86099999999985,158.80099999999985,158.84499999999986,2418
2026-08-06T06:00:00+00:00,158.84499999999986,158.93899999999985,158.81799999999984,158.90999999999985,3326
2026-08-06T06:30:00+00:00,158.90999999999985,158.94399999999985,158.89399999999983,158.91899999999984,3457
2026-08-06T07:00:00+00:00,158.91899999999984,158.92199999999985,158.84399999999985,158.86299999999986,3709
2026-08-06T07:30:00+00:00,158.86299999999986,158.98899999999983,158.86099999999985,158.95699999999985,3964
2026-08-06T08:00:00+00:00,158.95699999999985,158.97399999999985,158.90899999999985,158.94099999999986,3400
2026-08-06T08:30:00+00:00,158.94099999999986,158.94799999999984,158.88799999999983,158.93099999999984,1943
2026-08-06T09:00:00+00:00,158.93099999999984,158.95199999999986,158.91199999999984,158.93899999999985,1945
2026-08-06T09:30:00+00:00,158.93899999999985,158.97399999999985,158.93599999999984,158.96199999999985,1697
2026-08-06T10:00:00+00:00,158.96199999999985,158.98299999999983,158.92699999999985,158.94999999999985,1781
2026-08-06T10:30:00+00:00,158.94999999999985,158.97299999999984,158.93299999999985,158.96399999999986,1615
2026-08-06T11:00:00+00:00,158.96399999999986,159.02999999999986,158.95799999999986,158.98399999999984,2932
2026-08-06T11:30:00+00:00,158.98399999999984,159.02999999999986,158.94599999999986,158.94799999999984,3048
2026-08-06T12:00:00+00:00,158.94799999999984,158.96599999999984,158.91099999999986,158.93799999999985,3320
2026-08-06T12:30:00+00:00,158.93799999999985,159.01799999999986,158.93599999999984,158.99499999999983,3224
2026-08-06T13:00:00+00:00,158.99499999999983,159.02099999999984,158.96399999999986,158.98599999999985,3047
2026-08-06T13:30:00+00:00,158.98599999999985,159.03799999999984,158.91299999999984,158.96099999999984,4619
2026-08-06T14:00:00+00:00,158.96099999999984,159.35499999999985,158.95799999999986,159.30999999999986,9692
2026-08-06T14:30:00+00:00,159.30999999999986,159.37599999999983,159.25399999999985,159.29699999999985,7118
2026-08-06T15:00:00+00:00,159.29699999999985,159.55499999999984,159.29199999999986,159.50699999999983,8710
2026-08-06T15:30:00+00:00,159.50699999999983,159.55399999999986,159.47499999999985,159.54199999999986,5779
2026-08-06T16:00:00+00:00,159.54199999999986,159.64599999999984,159.32099999999986,159.55399999999986,5633
2026-08-06T16:30:00+00:00,159.55399999999986,159.62599999999983,159.54299999999984,159.60199999999983,4179
2026-08-06T17:00:00+00:00,159.60199999999983,159.60399999999984,159.50799999999984,159.51799999999986,3299
2026-08-06T17:30:00+00:00,159.51799999999986,159.54599999999985,159.48299999999983,159.49499999999983,2170
2026-08-06T18:00:00+00:00,159.49499999999983,159.50999999999985,159.45499999999984,159.47699999999983,2890
2026-08-06T18:30:00+00:00,159.47699999999983,159.49599999999984,159.41899999999984,159.42199999999985,2098
2026-08-06T19:00:00+00:00,159.42199999999985,159.57099999999986,159.38399999999984,159.54999999999984,4009
2026-08-06T19:30:00+00:00,159.54999999999984,159.56499999999986,159.46699999999984,159.49499999999983,3930
2026-08-06T20:00:00+00:00,159.49499999999983,159.60099999999986,159.48799999999986,159.55999999999986,1277
2026-08-06T20:30:00+00:00,159.55999999999986,159.56999999999985,159.50299999999984,159.50299999999984,1362
2026-08-06T21:00:00+00:00,159.50299999999984,159.56899999999985,159.45699999999985,159.53499999999985,375.83048048874457
2026-08-06T21:30:00+00:00,159.53499999999985,159.56599999999986,159.52599999999984,159.55799999999985,650
2026-08-06T22:00:00+00:00,159.55799999999985,159.59899999999985,159.55799999999985,159.56199999999984,729
2026-08-06T22:30:00+00:00,159.56199999999984,159.56399999999985,159.52699999999984,159.55399999999986,793
2026-08-06T23:00:00+00:00,159.55399999999986,159.55899999999986,159.47199999999984,159.51299999999983,991
2026-08-06T23:30:00+00:00,159.51299999999983,159.51699999999985,159.47899999999984,159.51599999999985,648
2026-08-07T00:00:00+00:00,159.51599999999985,159.62799999999984,159.51199999999986,159.60099999999986,3950
2026-08-07T00:30:00+00:00,159.60099999999986,159.66499999999985,159.56899999999985,159.61899999999986,4873
2026-08-07T01:00:00+00:00,159.61899999999986,159.62799999999984,159.44999999999985,159.50799999999984,4593
2026-08-07T01:30:00+00:00,159.50799999999984,159.50899999999984,159.30899999999986,159.42399999999984,5018
2026-08-07T02:00:00+00:00,159.42399999999984,159.46699999999984,159.40399999999985,159.43399999999986,2863
2026-08-07T02:30:00+00:00,159.43399999999986,159.47799999999984,159.41999999999985,159.46399999999986,1768
2026-08-07T03:00:00+00:00,159.46399999999986,159.51299999999983,159.45699999999985,159.49399999999986,1654
2026-08-07T03:30:00+00:00,159.49399999999986,159.53799999999984,159.46699999999984,159.49699999999984,2148
2026-08-07T04:00:00+00:00,159.49699999999984,159.51899999999983,159.46799999999985,159.49999999999986,2506
2026-08-07T04:30:00+00:00,159.49999999999986,159.51999999999984,159.46799999999985,159.46999999999986,2047
2026-08-07T05:00:00+00:00,159.46999999999986,159.48599999999985,159.44099999999986,159.46799999999985,1353
2026-08-07T05:30:00+00:00,159.46799999999985,159.47899999999984,159.41499999999985,159.42699999999985,1962
2026-08-07T06:00:00+00:00,159.42699999999985,159.44799999999984,159.38099999999986,159.39599999999984,1795
2026-08-07T06:30:00+00:00,159.39599999999984,159.45899999999986,159.37999999999985,159.45499999999984,4013
2026-08-07T07:00:00+00:00,159.45499999999984,159.48099999999985,159.41499999999985,159.47399999999985,3638
2026-08-07T07:30:00+00:00,159.47399999999985,159.54899999999984,159.46999999999986,159.49999999999986,2860
2026-08-07T08:00:00+00:00,159.49999999999986,159.56999999999985,159.49099999999984,159.53999999999985,4138
2026-08-07T08:30:00+00:00,159.53999999999985,159.55299999999986,159.43599999999984,159.46799999999985,3668
2026-08-07T09:00:00+00:00,159.46799999999985,159.48799999999986,159.44199999999984,159.44999999999985,2912
2026-08-07T09:30:00+00:00,159.44999999999985,159.46499999999986,159.41199999999984,159.44699999999986,2534
2026-08-07T10:00:00+00:00,159.44699999999986,159.50699999999983,159.44699999999986,159.49699999999984,2698
2026-08-07T10:30:00+00:00,159.49699999999984,159.49899999999985,159.33799999999985,159.39999999999984,4836
2026-08-07T11:00:00+00:00,159.39999999999984,159.46399999999986,159.35599999999985,159.46199999999985,2739
2026-08-07T11:30:00+00:00,159.46199999999985,159.46399999999986,159.38999999999984,159.42399999999984,2790
2026-08-07T12:00:00+00:00,159.42399999999984,159.48799999999986,159.38799999999983,159.40999999999985,5655
2026-08-07T12:30:00+00:00,159.40999999999985,159.40999999999985,157.75899999999984,158.47899999999984,40397
2026-08-07T13:00:00+00:00,158.47899999999984,158.58499999999984,158.33699999999985,158.49799999999985,17301
2026-08-07T13:30:00+00:00,158.49799999999985,158.85099999999986,158.47999999999985,158.83099999999985,13251
2026-08-07T14:00:00+00:00,158.83099999999985,158.88399999999984,158.76299999999983,158.86799999999985,10911
2026-08-07T14:30:00+00:00,158.86799999999985,159.04299999999984,158.81499999999986,159.01799999999986,9197
2026-08-07T15:00:00+00:00,159.01799999999986,159.07999999999984,158.76599999999985,158.79299999999984,11349
2026-08-07T15:30:00+00:00,158.79299999999984,158.83599999999984,158.53599999999986,158.63999999999984,12390
2026-08-07T16:00:00+00:00,158.63999999999984,158.63999999999984,158.39799999999985,158.46099999999984,12541
2026-08-07T16:30:00+00:00,158.46099999999984,158.56099999999984,158.41199999999984,158.53999999999985,8805
2026-08-07T17:00:00+00:00,158.53999999999985,158.59199999999984,158.47199999999984,158.49799999999985,3665
2026-08-07T17:30:00+00:00,158.49799999999985,158.58099999999985,158.46599999999984,158.57999999999984,3409
2026-08-07T18:00:00+00:00,158.57999999999984,158.70699999999985,158.57599999999985,158.70499999999984,4503
2026-08-07T18:30:00+00:00,158.70499999999984,158.72099999999986,158.63599999999985,158.65499999999986,3497
2026-08-07T19:00:00+00:00,158.65499999999986,158.73699999999985,158.60199999999986,158.61899999999986,4357
2026-08-07T19:30:00+00:00,158.61899999999986,158.68299999999985,158.56699999999987,158.67999999999986,3998
2026-08-07T20:00:00+00:00,158.67999999999986,158.88699999999986,158.65699999999984,158.85399999999984,3209
2026-08-07T20:30:00+00:00,158.85399999999984,158.98499999999984,158.85399999999984,158.8809999999999,3324.4502643126143
2026-08-09T21:00:00+00:00,158.8809999999999,158.8879999999999,158.7979999999999,158.8699999999999,170.8672067331485
2026-08-09T21:30:00+00:00,158.8699999999999,158.8799999999999,158.8609999999999,158.86999999999992,368.6073069480568
2026-08-09T22:00:00+00:00,158.86999999999992,159.07799999999992,158.8669999999999,159.0709999999999,1263
2026-08-09T22:30:00+00:00,159.0709999999999,159.12699999999992,159.05399999999992,159.1079999999999,1319.193269563213
2026-08-09T23:00:00+00:00,159.1079999999999,159.1129999999999,159.0089999999999,159.0219999999999,1735
2026-08-09T23:30:00+00:00,159.0219999999999,159.09399999999988,159.0189999999999,159.08799999999988,1986
2026-08-10T00:00:00+00:00,159.08799999999988,159.1169999999999,159.0189999999999,159.09999999999988,5049
2026-08-10T00:30:00+00:00,159.09999999999988,159.14799999999988,159.0739999999999,159.1279999999999,4278
2026-08-10T01:00:00+00:00,159.1279999999999,159.3239999999999,159.1079999999999,159.29099999999988,7126
2026-08-10T01:30:00+00:00,159.29099999999988,159.4959999999999,159.2899999999999,159.45199999999988,5571
2026-08-10T02:00:00+00:00,159.45199999999988,159.4829999999999,159.4149999999999,159.42799999999988,3044
2026-08-10T02:30:00+00:00,159.42799999999988,159.4489999999999,159.4009999999999,159.4059999999999,2423
2026-08-10T03:00:00+00:00,159.4059999999999,159.4129999999999,159.33199999999988,159.3419999999999,3692
2026-08-10T03:30:00+00:00,159.3419999999999,159.40399999999988,159.33199999999988,159.3789999999999,2420
2026-08-10T04:00:00+00:00,159.3789999999999,159.4659999999999,159.3789999999999,159.4479999999999,2620
2026-08-10T04:30:00+00:00,159.4479999999999,159.52299999999988,159.4069999999999,159.51699999999988,2778
2026-08-10T05:00:00+00:00,159.51699999999988,159.5689999999999,159.4789999999999,159.5159999999999,4267
2026-08-10T05:30:00+00:00,159.5159999999999,159.5489999999999,159.4899999999999,159.5209999999999,3867
2026-08-10T06:00:00+00:00,159.5209999999999,159.6409999999999,159.5199999999999,159.5969999999999,6097
2026-08-10T06:30:00+00:00,159.5969999999999,159.6199999999999,159.5339999999999,159.56499999999988,3581
2026-08-10T07:00:00+00:00,159.56499999999988,159.67199999999988,159.5619999999999,159.6429999999999,4389
2026-08-10T07:30:00+00:00,159.6429999999999,159.7059999999999,159.5849999999999,159.6669999999999,5893
2026-08-10T08:00:00+00:00,159.6669999999999,159.6819999999999,159.6149999999999,159.6699999999999,3638
2026-08-10T08:30:00+00:00,159.6699999999999,159.86799999999988,159.66599999999988,159.84399999999988,7074
2026-08-10T09:00:00+00:00,159.84399999999988,159.9179999999999,159.8289999999999,159.86199999999988,3475
2026-08-10T09:30:00+00:00,159.86199999999988,160.0379999999999,159.8599999999999,160.02899999999988,3429
2026-08-10T10:00:00+00:00,160.02899999999988,160.0719999999999,159.9129999999999,159.9769999999999,5005
2026-08-10T10:30:00+00:00,159.9769999999999,160.0039999999999,159.9109999999999,159.9709999999999,5092
2026-08-10T11:00:00+00:00,159.9709999999999,160.02299999999988,159.9199999999999,159.96899999999988,5044
2026-08-10T11:30:00+00:00,159.96899999999988,160.0579999999999,159.9669999999999,159.9979999999999,3586
2026-08-10T12:00:00+00:00,159.9979999999999,160.0139999999999,159.5979999999999,159.92799999999988,10705
2026-08-10T12:30:00+00:00,159.92799999999988,160.1289999999999,159.9229999999999,160.12399999999988,5131
2026-08-10T13:00:00+00:00,160.12399999999988,160.1669999999999,160.0799999999999,160.1039999999999,4901
2026-08-10T13:30:00+00:00,160.1039999999999,160.2479999999999,160.0379999999999,160.1929999999999,8204
2026-08-10T14:00:00+00:00,160.1929999999999,160.19599999999988,160.0419999999999,160.0659999999999,7031
2026-08-10T14:30:00+00:00,160.0659999999999,160.1519999999999,160.0449999999999,160.1169999999999,6758
2026-08-10T15:00:00+00:00,160.1169999999999,160.1879999999999,160.03499999999988,160.08899999999988,6196
2026-08-10T15:30:00+00:00,160.08899999999988,160.1319999999999,160.0779999999999,160.0809999999999,5995
2026-08-10T16:00:00+00:00,160.0809999999999,160.1319999999999,160.0739999999999,160.11199999999988,3166
2026-08-10T16:30:00+00:00,160.11199999999988,160.22599999999989,160.10699999999989,160.2169999999999,4344
2026-08-10T17:00:00+00:00,160.2169999999999,160.34399999999988,160.20799999999988,160.28499999999988,4426
2026-08-10T17:30:00+00:00,160.28499999999988,160.32599999999988,160.2539999999999,160.3179999999999,2166
2026-08-10T18:00:00+00:00,160.3179999999999,160.3689999999999,160.2879999999999,160.34399999999988,2009
2026-08-10T18:30:00+00:00,160.34399999999988,160.5429999999999,160.2679999999999,160.4169999999999,5438
2026-08-10T19:00:00+00:00,160.4169999999999,160.4589999999999,160.4059999999999,160.4589999999999,2435
2026-08-10T19:30:00+00:00,160.4589999999999,160.54699999999988,160.4549999999999,160.4829999999999,2933
2026-08-10T20:00:00+00:00,160.4829999999999,160.5279999999999,160.46299999999988,160.5179999999999,1071
2026-08-10T20:30:00+00:00,160.5179999999999,160.52299999999988,160.46299999999988,160.46299999999988,974
2026-08-10T21:00:00+00:00,160.46299999999988,160.47599999999989,160.3349999999999,160.3729999999999,212.28403315311968
2026-08-10T21:30:00+00:00,160.3729999999999,160.3959999999999,160.3439999999999,160.3529999999999,1006
2026-08-10T22:00:00+00:00,160.3529999999999,160.4459999999999,160.3529999999999,160.4209999999999,2797
2026-08-10T22:30:00+00:00,160.4209999999999,160.4329999999999,160.3679999999999,160.38199999999992,868
2026-08-10T23:00:00+00:00,160.38199999999992,160.4099999999999,160.3719999999999,160.4029999999999,1417
2026-08-10T23:30:00+00:00,160.4029999999999,160.4239999999999,160.2669999999999,160.2939999999999,2388
2026-08-11T00:00:00+00:00,160.2939999999999,160.3349999999999,160.25699999999992,160.3319999999999,5210
2026-08-11T00:30:00+00:00,160.3319999999999,160.3329999999999,160.05399999999992,160.2829999999999,7902
2026-08-11T01:00:00+00:00,160.2829999999999,160.3169999999999,160.2039999999999,160.2179999999999,4111
2026-08-11T01:30:00+00:00,160.2179999999999,160.3149999999999,160.20899999999992,160.3069999999999,2656
2026-08-11T02:00:00+00:00,160.3069999999999,160.4449999999999,160.2959999999999,160.4179999999999,4514
2026-08-11T02:30:00+00:00,160.4179999999999,160.4459999999999,160.39299999999992,160.4009999999999,3552
2026-08-11T03:00:00+00:00,160.4009999999999,160.4019999999999,160.3019999999999,160.3049999999999,2992
2026-08-11T03:30:00+00:00,160.3049999999999,160.3479999999999,160.2779999999999,160.33999999999992,2058
2026-08-11T04:00:00+00:00,160.33999999999992,160.3429999999999,160.29799999999992,160.3169999999999,1833
2026-08-11T04:30:00+00:00,160.3169999999999,160.38799999999992,160.3139999999999,160.3249999999999,3237
2026-08-11T05:00:00+00:00,160.3249999999999,160.3499999999999,160.3189999999999,160.3229999999999,2049
2026-08-11T05:30:00+00:00,160.3229999999999,160.3669999999999,160.2879999999999,160.3439999999999,2606
2026-08-11T06:00:00+00:00,160.3439999999999,160.3789999999999,160.31599999999992,160.3529999999999,4011
2026-08-11T06:30:00+00:00,160.3529999999999,160.3789999999999,160.31599999999992,160.3449999999999,3665
2026-08-11T07:00:00+00:00,160.3449999999999,160.45899999999992,160.3369999999999,160.40499999999992,4179
2026-08-11T07:30:00+00:00,160.40499999999992,160.5139999999999,160.40499999999992,160.50099999999992,3324
2026-08-11T08:00:00+00:00,160.50099999999992,160.5019999999999,160.42899999999992,160.4299999999999,2830
2026-08-11T08:30:00+00:00,160.4299999999999,160.50599999999991,160.4179999999999,160.4909999999999,2278
2026-08-11T09:00:00+00:00,160.4909999999999,160.5229999999999,160.46499999999992,160.4679999999999,2937
2026-08-11T09:30:00+00:00,160.4679999999999,160.4679999999999,160.4059999999999,160.4179999999999,2944
2026-08-11T10:00:00+00:00,160.4179999999999,160.4659999999999,160.32799999999992,160.39399999999992,3886
2026-08-11T10:30:00+00:00,160.39399999999992,160.4189999999999,160.3429999999999,160.3669999999999,3013
2026-08-11T11:00:00+00:00,160.3669999999999,160.38099999999991,160.1929999999999,160.3199999999999,9553
2026-08-11T11:30:00+00:00,160.3199999999999,160.3899999999999,160.3019999999999,160.38699999999992,4723
2026-08-11T12:00:00+00:00,160.38699999999992,160.49999999999991,160.3269999999999,160.4479999999999,6995
2026-08-11T12:30:00+00:00,160.4479999999999,160.4509999999999,160.3799999999999,160.4069999999999,4212
2026-08-11T13:00:00+00:00,160.4069999999999,160.4069999999999,160.3049999999999,160.3549999999999,4051
2026-08-11T13:30:00+00:00,160.3549999999999,160.39399999999992,160.3199999999999,160.3679999999999,4943
2026-08-11T14:00:00+00:00,160.3679999999999,160.42899999999992,160.3549999999999,160.3839999999999,4309
2026-08-11T14:30:00+00:00,160.3839999999999,160.3959999999999,160.3349999999999,160.3719999999999,3731
2026-08-11T15:00:00+00:00,160.3719999999999,160.4099999999999,160.3349999999999,160.4029999999999,4146
2026-08-11T15:30:00+00:00,160.4029999999999,160.4629999999999,160.3859999999999,160.3859999999999,4544
2026-08-11T16:00:00+00:00,160.3859999999999,160.3959999999999,160.3449999999999,160.3679999999999,2881
2026-08-11T16:30:00+00:00,160.3679999999999,160.4059999999999,160.3669999999999,160.4059999999999,2061
2026-08-11T17:00:00+00:00,160.4059999999999,160.4869999999999,160.3979999999999,160.4669999999999,1982
2026-08-11T17:30:00+00:00,160.4669999999999,160.4859999999999,160.4239999999999,160.4489999999999,1623
2026-08-11T18:00:00+00:00,160.4489999999999,160.4799999999999,160.4459999999999,160.4629999999999,1778
2026-08-11T18:30:00+00:00,160.4629999999999,160.4699999999999,160.39399999999992,160.4019999999999,2691
2026-08-11T19:00:00+00:00,160.4019999999999,160.4339999999999,160.38799999999992,160.4219999999999,1567
2026-08-11T19:30:00+00:00,160.4219999999999,160.4399999999999,160.38699999999992,160.42299999999992,2375
2026-08-11T20:00:00+00:00,160.42299999999992,160.4429999999999,160.41099999999992,160.4249999999999,635
2026-08-11T20:30:00+00:00,160.4249999999999,160.50099999999992,160.38699999999992,160.3969999999999,1644
2026-08-11T21:00:00+00:00,160.3969999999999,160.4269999999999,160.34699999999992,160.40099999999993,618.7789320389704
2026-08-11T21:30:00+00:00,160.40099999999993,160.42299999999992,160.38999999999993,160.41799999999992,489.74648679824315
2026-08-11T22:00:00+00:00,160.41799999999992,160.44699999999992,160.41399999999993,160.43499999999992,707
2026-08-11T22:30:00+00:00,160.43499999999992,160.43499999999992,160.39699999999993,160.4099999999999,552
2026-08-11T23:00:00+00:00,160.4099999999999,160.43499999999992,160.40099999999993,160.43499999999992,533
2026-08-11T23:30:00+00:00,160.43499999999992,160.43699999999993,160.3979999999999,160.41099999999992,559
2026-08-12T00:00:00+00:00,160.41099999999992,160.42399999999992,160.33699999999993,160.38699999999992,3708
2026-08-12T00:30:00+00:00,160.38699999999992,160.50599999999991,160.38399999999993,160.4819999999999,5411
2026-08-12T01:00:00+00:00,160.4819999999999,160.51499999999993,160.44899999999993,160.48599999999993,3781
2026-08-12T01:30:00+00:00,160.48599999999993,160.48599999999993,160.4339999999999,160.4749999999999,2520
2026-08-12T02:00:00+00:00,160.4749999999999,160.5699999999999,160.47199999999992,160.5409999999999,3004
2026-08-12T02:30:00+00:00,160.5409999999999,160.5589999999999,160.51599999999993,160.53899999999993,1923
2026-08-12T03:00:00+00:00,160.53899999999993,160.6009999999999,160.53799999999993,160.59699999999992,1283
2026-08-12T03:30:00+00:00,160.59699999999992,160.59699999999992,160.56099999999992,160.56599999999992,1516
2026-08-12T04:00:00+00:00,160.56599999999992,160.6009999999999,160.55999999999992,160.57799999999992,1623
2026-08-12T04:30:00+00:00,160.57799999999992,160.58999999999992,160.50899999999993,160.55099999999993,1460
2026-08-12T05:00:00+00:00,160.55099999999993,160.5769999999999,160.53799999999993,160.56799999999993,1584
2026-08-12T05:30:00+00:00,160.56799999999993,160.56799999999993,160.44899999999993,160.54399999999993,2494
2026-08-12T06:00:00+00:00,160.54399999999993,160.56599999999992,160.48599999999993,160.54399999999993,3988
2026-08-12T06:30:00+00:00,160.54399999999993,160.5639999999999,160.49999999999991,160.5229999999999,4417
2026-08-12T07:00:00+00:00,160.5229999999999,160.5349999999999,160.47199999999992,160.51399999999992,2884
2026-08-12T07:30:00+00:00,160.51399999999992,160.52199999999993,160.4759999999999,160.51299999999992,1978
2026-08-12T08:00:00+00:00,160.51299999999992,160.51399999999992,160.45499999999993,160.48899999999992,2698
2026-08-12T08:30:00+00:00,160.48899999999992,160.50199999999992,160.42299999999992,160.45599999999993,3193
2026-08-12T09:00:00+00:00,160.45599999999993,160.4759999999999,159.71499999999992,160.1719999999999,9820
2026-08-12T09:30:00+00:00,160.1719999999999,160.29999999999993,160.14699999999993,160.29399999999993,8853
2026-08-12T10:00:00+00:00,160.29399999999993,160.35299999999992,160.27599999999993,160.30599999999993,4565
2026-08-12T10:30:00+00:00,160.30599999999993,160.36299999999991,160.23599999999993,160.3199999999999,4832
2026-08-12T11:00:00+00:00,160.3199999999999,160.3209999999999,160.2489999999999,160.25899999999993,3628
2026-08-12T11:30:00+00:00,160.25899999999993,160.26899999999992,160.1949999999999,160.23899999999992,3471
2026-08-12T12:00:00+00:00,160.23899999999992,160.24799999999993,160.09199999999993,160.09199999999993,6501
2026-08-12T12:30:00+00:00,160.09199999999993,160.3209999999999,159.78699999999992,159.94399999999993,29981
2026-08-12T13:00:00+00:00,159.94399999999993,160.0469999999999,159.8259999999999,159.98499999999993,15662
2026-08-12T13:30:00+00:00,159.98499999999993,160.1769999999999,159.95299999999992,160.1589999999999,11339
2026-08-12T14:00:00+00:00,160.1589999999999,160.2959999999999,160.1359999999999,160.23899999999992,8077
2026-08-12T14:30:00+00:00,160.23899999999992,160.38299999999992,160.1839999999999,160.34099999999992,9355
2026-08-12T15:00:00+00:00,160.34099999999992,160.39299999999992,160.3259999999999,160.38499999999993,5666
2026-08-12T15:30:00+00:00,160.38499999999993,160.4279999999999,160.35899999999992,160.36899999999991,3484
2026-08-12T16:00:00+00:00,160.36899999999991,160.4819999999999,160.3389999999999,160.46599999999992,3592
2026-08-12T16:30:00+00:00,160.46599999999992,160.54899999999992,160.46199999999993,160.52699999999993,3384
2026-08-12T17:00:00+00:00,160.52699999999993,160.57499999999993,160.49499999999992,160.56599999999992,4015
2026-08-12T17:30:00+00:00,160.56599999999992,160.66399999999993,160.56199999999993,160.6359999999999,2864
2026-08-12T18:00:00+00:00,160.6359999999999,160.6829999999999,160.57199999999992,160.5999999999999,3252
2026-08-12T18:30:00+00:00,160.5999999999999,160.64099999999993,160.57799999999992,160.63299999999992,1737
2026-08-12T19:00:00+00:00,160.63299999999992,160.64999999999992,160.5939999999999,160.62499999999991,1842
2026-08-12T19:30:00+00:00,160.62499999999991,160.6539999999999,160.5999999999999,160.6299999999999,2547
2026-08-12T20:00:00+00:00,160.6299999999999,160.64499999999992,160.59899999999993,160.5999999999999,1169
2026-08-12T20:30:00+00:00,160.5999999999999,160.61299999999991,160.53899999999993,160.54399999999993,1544
2026-08-12T21:00:00+00:00,160.54399999999993,160.5699999999999,160.51299999999992,160.53699999999992,395.04196131764536
2026-08-12T21:30:00+00:00,160.53699999999992,160.5399999999999,160.5259999999999,160.52999999999992,872.44429504798
2026-08-12T22:00:00+00:00,160.52999999999992,160.5859999999999,160.52999999999992,160.5539999999999,748.5843297746308
2026-08-12T22:30:00+00:00,160.5539999999999,160.5619999999999,160.5129999999999,160.5149999999999,484.1592454896321
2026-08-12T23:00:00+00:00,160.5149999999999,160.5149999999999,160.4449999999999,160.46599999999992,990.1547711404189
2026-08-12T23:30:00+00:00,160.46599999999992,160.51199999999992,160.4449999999999,160.45999999999992,1315
2026-08-13T00:00:00+00:00,160.45999999999992,160.5089999999999,160.4099999999999,160.44699999999992,4903
2026-08-13T00:30:00+00:00,160.44699999999992,160.47199999999992,160.3679999999999,160.4429999999999,5205
2026-08-13T01:00:00+00:00,160.4429999999999,160.45999999999992,160.40599999999992,160.4489999999999,3104
2026-08-13T01:30:00+00:00,160.4489999999999,160.4919999999999,160.4089999999999,160.4739999999999,3877
2026-08-13T02:00:00+00:00,160.4739999999999,160.5709999999999,160.4639999999999,160.5649999999999,2042
2026-08-13T02:30:00+00:00,160.5649999999999,160.6069999999999,160.5459999999999,160.5589999999999,2492
2026-08-13T03:00:00+00:00,160.5589999999999,160.61099999999993,160.53199999999993,160.59799999999993,2252
2026-08-13T03:30:00+00:00,160.59799999999993,160.60199999999992,160.54899999999992,160.55499999999992,1811
2026-08-13T04:00:00+00:00,160.55499999999992,160.59899999999993,160.5519999999999,160.57199999999992,1701
2026-08-13T04:30:00+00:00,160.57199999999992,160.6009999999999,160.3019999999999,160.37599999999992,7616
2026-08-13T05:00:00+00:00,160.37599999999992,160.47099999999992,160.35899999999992,160.4639999999999,4804
2026-08-13T05:30:00+00:00,160.4639999999999,160.49599999999992,160.3739999999999,160.40499999999992,3415
2026-08-13T06:00:00+00:00,160.40499999999992,160.53599999999992,160.38699999999992,160.5229999999999,4662
2026-08-13T06:30:00+00:00,160.5229999999999,160.57199999999992,160.48399999999992,160.5109999999999,4002
2026-08-13T07:00:00+00:00,160.5109999999999,160.53699999999992,160.48799999999991,160.5099999999999,3402
2026-08-13T07:30:00+00:00,160.5099999999999,160.5289999999999,160.44199999999992,160.48799999999991,3667
2026-08-13T08:00:00+00:00,160.48799999999991,160.5279999999999,160.4689999999999,160.5219999999999,3531
2026-08-13T08:30:00+00:00,160.5219999999999,160.53799999999993,160.49699999999993,160.53099999999992,2648
2026-08-13T09:00:00+00:00,160.53099999999992,160.56199999999993,160.48899999999992,160.51199999999992,3173
2026-08-13T09:30:00+00:00,160.51199999999992,160.5219999999999,160.44799999999992,160.46499999999992,3202
2026-08-13T10:00:00+00:00,160.46499999999992,160.49199999999993,160.44699999999992,160.44999999999993,2749
2026-08-13T10:30:00+00:00,160.44999999999993,160.48499999999993,160.43799999999993,160.47099999999992,2531
2026-08-13T11:00:00+00:00,160.47099999999992,160.47699999999992,160.38899999999992,160.4209999999999,3623
2026-08-13T11:30:00+00:00,160.4209999999999,160.47299999999993,160.41099999999992,160.46099999999993,3795
2026-08-13T12:00:00+00:00,160.46099999999993,160.4989999999999,160.4389999999999,160.46499999999992,3509
2026-08-13T12:30:00+00:00,160.46499999999992,160.53799999999993,160.29999999999993,160.29999999999993,10783
2026-08-13T13:00:00+00:00,160.29999999999993,160.41399999999993,160.27599999999993,160.40599999999992,9155
2026-08-13T13:30:00+00:00,160.40599999999992,160.4629999999999,160.3449999999999,160.39499999999992,9225
2026-08-13T14:00:00+00:00,160.39499999999992,160.4519999999999,160.14999999999992,160.2669999999999,14287
2026-08-13T14:30:00+00:00,160.2669999999999,160.32299999999992,160.2369999999999,160.29499999999993,9201
2026-08-13T15:00:00+00:00,160.29499999999993,160.49699999999993,160.2849999999999,160.49599999999992,7823
2026-08-13T15:30:00+00:00,160.49599999999992,160.5109999999999,160.42399999999992,160.4809999999999,6045
2026-08-13T16:00:00+00:00,160.4809999999999,160.5999999999999,160.46799999999993,160.59699999999992,5094
2026-08-13T16:30:00+00:00,160.59699999999992,160.62299999999993,160.5579999999999,160.60799999999992,3627
2026-08-13T17:00:00+00:00,160.60799999999992,160.6479999999999,160.59699999999992,160.6469999999999,3652
2026-08-13T17:30:00+00:00,160.6469999999999,160.69099999999992,160.62199999999993,160.6479999999999,3475
2026-08-13T18:00:00+00:00,160.6479999999999,160.6659999999999,160.5639999999999,160.60899999999992,4100
2026-08-13T18:30:00+00:00,160.60899999999992,160.63699999999992,160.59599999999992,160.63399999999993,3218
2026-08-13T19:00:00+00:00,160.63399999999993,160.6469999999999,160.61699999999993,160.62799999999993,2026
2026-08-13T19:30:00+00:00,160.62799999999993,160.66799999999992,160.61399999999992,160.64399999999992,2649
2026-08-13T20:00:00+00:00,160.64399999999992,160.68199999999993,160.62599999999992,160.67299999999992,1041
2026-08-13T20:30:00+00:00,160.67299999999992,160.69199999999992,160.60799999999992,160.60799999999992,1351
2026-08-13T21:00:00+00:00,160.60799999999992,160.61999999999992,160.55399999999992,160.59199999999993,542.082259569459
2026-08-13T21:30:00+00:00,160.59199999999993,160.6539999999999,160.59199999999993,160.60499999999993,4392
2026-08-13T22:00:00+00:00,160.60499999999993,160.64699999999993,160.59899999999993,160.64399999999992,1276
2026-08-13T22:30:00+00:00,160.64399999999992,160.64499999999992,160.58799999999994,160.59299999999993,713
2026-08-13T23:00:00+00:00,160.59299999999993,160.60499999999993,160.56799999999993,160.6009999999999,526.3464532397763
2026-08-13T23:30:00+00:00,160.6009999999999,160.6069999999999,160.5529999999999,160.55799999999994,659
2026-08-14T00:00:00+00:00,160.55799999999994,160.63099999999991,160.52399999999992,160.53299999999993,6169
2026-08-14T00:30:00+00:00,160.53299999999993,160.57799999999992,160.47299999999993,160.50099999999992,6112
2026-08-14T01:00:00+00:00,160.50099999999992,160.58199999999994,160.47799999999992,160.56799999999993,5483
2026-08-14T01:30:00+00:00,160.56799999999993,160.58199999999994,160.53599999999992,160.57399999999993,3272
2026-08-14T02:00:00+00:00,160.57399999999993,160.5769999999999,160.51499999999993,160.53199999999993,2592
2026-08-14T02:30:00+00:00,160.53199999999993,160.5529999999999,160.50399999999993,160.53999999999994,2881
2026-08-14T03:00:00+00:00,160.53999999999994,160.55099999999993,160.45499999999993,160.46699999999993,3509
2026-08-14T03:30:00+00:00,160.46699999999993,160.53899999999993,160.46699999999993,160.50799999999992,2692
2026-08-14T04:00:00+00:00,160.50799999999992,160.51299999999992,160.46499999999992,160.49099999999993,2881
2026-08-14T04:30:00+00:00,160.49099999999993,160.50299999999993,160.46499999999992,160.48099999999994,1716
2026-08-14T05:00:00+00:00,160.48099999999994,160.48399999999992,160.42399999999992,160.4459999999999,2735
2026-08-14T05:30:00+00:00,160.4459999999999,160.45599999999993,160.27499999999992,160.3859999999999,5222
2026-08-14T06:00:00+00:00,160.3859999999999,160.4099999999999,160.27499999999992,160.39899999999992,8787
2026-08-14T06:30:00+00:00,160.39899999999992,160.40299999999993,160.34399999999994,160.37099999999992,4090
2026-08-14T07:00:00+00:00,160.37099999999992,160.43699999999993,160.34699999999992,160.41799999999992,5216
2026-08-14T07:30:00+00:00,160.41799999999992,160.4219999999999,160.3269999999999,160.33199999999994,6621
2026-08-14T08:00:00+00:00,160.33199999999994,160.35299999999992,160.21499999999992,160.25099999999992,5579
2026-08-14T08:30:00+00:00,160.25099999999992,160.31599999999992,160.19099999999992,160.30399999999992,6695
2026-08-14T09:00:00+00:00,160.30399999999992,160.3209999999999,160.24099999999993,160.29599999999994,3728
2026-08-14T09:30:00+00:00,160.29599999999994,160.32399999999993,160.24699999999993,160.26999999999992,5324
2026-08-14T10:00:00+00:00,160.26999999999992,160.30799999999994,160.21499999999992,160.29599999999994,4141
2026-08-14T10:30:00+00:00,160.29599999999994,160.31999999999994,160.2729999999999,160.30699999999993,3536
2026-08-14T11:00:00+00:00,160.30699999999993,160.32199999999992,160.23499999999993,160.27199999999993,5276
2026-08-14T11:30:00+00:00,160.27199999999993,160.28799999999993,160.16799999999992,160.23699999999994,5409
2026-08-14T12:00:00+00:00,160.23699999999994,160.24099999999993,159.89399999999992,159.91799999999992,13223
2026-08-14T12:30:00+00:00,159.91799999999992,160.08699999999993,159.72899999999993,160.0469999999999,16129
2026-08-14T13:00:00+00:00,160.0469999999999,160.21899999999994,160.03199999999993,160.11299999999991,10572
2026-08-14T13:30:00+00:00,160.11299999999991,160.14399999999992,159.92399999999992,160.0709999999999,15208
2026-08-14T14:00:00+00:00,160.0709999999999,160.1899999999999,160.02699999999993,160.0829999999999,12115
2026-08-14T14:30:00+00:00,160.0829999999999,160.1899999999999,160.0769999999999,160.15599999999992,10685
2026-08-14T15:00:00+00:00,160.15599999999992,160.30699999999993,160.07599999999994,160.25599999999991,9672
2026-08-14T15:30:00+00:00,160.25599999999991,160.3449999999999,160.21899999999994,160.3449999999999,6959
2026-08-14T16:00:00+00:00,160.3449999999999,160.46199999999993,160.33199999999994,160.45499999999993,5749
2026-08-14T16:30:00+00:00,160.45499999999993,160.50099999999992,160.38699999999992,160.49399999999991,4918
2026-08-14T17:00:00+00:00,160.49399999999991,160.52799999999993,160.48399999999992,160.49399999999991,3279
2026-08-14T17:30:00+00:00,160.49399999999991,160.51999999999992,160.47199999999992,160.48999999999992,3083
2026-08-14T18:00:00+00:00,160.48999999999992,160.51999999999992,160.47299999999993,160.49899999999994,2622
2026-08-14T18:30:00+00:00,160.49899999999994,160.51499999999993,160.48899999999992,160.50899999999993,1611
2026-08-14T19:00:00+00:00,160.50899999999993,160.51499999999993,160.49099999999993,160.50099999999992,2068
2026-08-14T19:30:00+00:00,160.50099999999992,160.52599999999993,160.48899999999992,160.48899999999992,2292
2026-08-14T20:00:00+00:00,160.48899999999992,160.49499999999992,160.44799999999992,160.44999999999993,1172
2026-08-14T20:30:00+00:00,160.44999999999993,160.47999999999993,160.4339999999999,160.44199999999992,1078.6266538191712
2026-08-16T21:00:00+00:00,160.44199999999992,160.48299999999992,160.41499999999994,160.47099999999992,162.49824226137505
2026-08-16T21:30:00+00:00,160.47099999999992,160.51099999999994,160.4619999999999,160.4639999999999,137.50686862287077
2026-08-16T22:00:00+00:00,160.4639999999999,160.5579999999999,160.4559999999999,160.4719999999999,2513.5688770273046
2026-08-16T22:30:00+00:00,160.4719999999999,160.4719999999999,160.30299999999988,160.3079999999999,2325
2026-08-16T23:00:00+00:00,160.3079999999999,160.3949999999999,160.2959999999999,160.3669999999999,1742
2026-08-16T23:30:00+00:00,160.3669999999999,160.4049999999999,160.3229999999999,160.3829999999999,1926
2026-08-17T00:00:00+00:00,160.3829999999999,160.4019999999999,160.1919999999999,160.2489999999999,7250
2026-08-17T00:30:00+00:00,160.2489999999999,160.2629999999999,160.15999999999988,160.1769999999999,6580
2026-08-17T01:00:00+00:00,160.1769999999999,160.2299999999999,160.1419999999999,160.18999999999988,5937
2026-08-17T01:30:00+00:00,160.18999999999988,160.2629999999999,160.1849999999999,160.2169999999999,3790
2026-08-17T02:00:00+00:00,160.2169999999999,160.2269999999999,160.1089999999999,160.1539999999999,5817
2026-08-17T02:30:00+00:00,160.1539999999999,160.2049999999999,160.1509999999999,160.1999999999999,4521
2026-08-17T03:00:00+00:00,160.1999999999999,160.2529999999999,160.1979999999999,160.2479999999999,3600
2026-08-17T03:30:00+00:00,160.2479999999999,160.30299999999988,160.2399999999999,160.2519999999999,2951
2026-08-17T04:00:00+00:00,160.2519999999999,160.2659999999999,160.2129999999999,160.2599999999999,3115
2026-08-17T04:30:00+00:00,160.2599999999999,160.2869999999999,160.20799999999988,160.2779999999999,2735
2026-08-17T05:00:00+00:00,160.2779999999999,160.2799999999999,160.1869999999999,160.2039999999999,4416
2026-08-17T05:30:00+00:00,160.2039999999999,160.2519999999999,160.1369999999999,160.2429999999999,6404
2026-08-17T06:00:00+00:00,160.2429999999999,160.2639999999999,160.1829999999999,160.18399999999988,4738
2026-08-17T06:30:00+00:00,160.18399999999988,160.2149999999999,160.0959999999999,160.1169999999999,5199
2026-08-17T07:00:00+00:00,160.1169999999999,160.1569999999999,160.0189999999999,160.0519999999999,6314
2026-08-17T07:30:00+00:00,160.0519999999999,160.1429999999999,160.0019999999999,160.1099999999999,6706
2026-08-17T08:00:00+00:00,160.1099999999999,160.17799999999988,160.0989999999999,160.10099999999989,5795
2026-08-17T08:30:00+00:00,160.10099999999989,160.3079999999999,160.0909999999999,160.2819999999999,6615
2026-08-17T09:00:00+00:00,160.2819999999999,160.3359999999999,160.2269999999999,160.28499999999988,5060
2026-08-17T09:30:00+00:00,160.28499999999988,160.33899999999988,160.2599999999999,160.3249999999999,3162
2026-08-17T10:00:00+00:00,160.3249999999999,160.3629999999999,160.2619999999999,160.2729999999999,5196
2026-08-17T10:30:00+00:00,160.2729999999999,160.3589999999999,160.2659999999999,160.3469999999999,5560
2026-08-17T11:00:00+00:00,160.3469999999999,160.4009999999999,160.3159999999999,160.3959999999999,3841
2026-08-17T11:30:00+00:00,160.3959999999999,160.4369999999999,160.3699999999999,160.3979999999999,3304
2026-08-17T12:00:00+00:00,160.3979999999999,160.4379999999999,160.3529999999999,160.4229999999999,5326
2026-08-17T12:30:00+00:00,160.4229999999999,160.4449999999999,160.3999999999999,160.4009999999999,3397
2026-08-17T13:00:00+00:00,160.4009999999999,160.4389999999999,160.3799999999999,160.4359999999999,4351
2026-08-17T13:30:00+00:00,160.4359999999999,160.5399999999999,160.4209999999999,160.42199999999988,6334
2026-08-17T14:00:00+00:00,160.42199999999988,160.4439999999999,160.34499999999989,160.4009999999999,5838
2026-08-17T14:30:00+00:00,160.4009999999999,160.4659999999999,160.3769999999999,160.44599999999988,5836
2026-08-17T15:00:00+00:00,160.44599999999988,160.5319999999999,160.4349999999999,160.5019999999999,4927
2026-08-17T15:30:00+00:00,160.5019999999999,160.5619999999999,160.4899999999999,160.5009999999999,4533
2026-08-17T16:00:00+00:00,160.5009999999999,160.5519999999999,160.4879999999999,160.5229999999999,3504
2026-08-17T16:30:00+00:00,160.5229999999999,160.5339999999999,160.5019999999999,160.5209999999999,2686
2026-08-17T17:00:00+00:00,160.5209999999999,160.6059999999999,160.5119999999999,160.5819999999999,3365
2026-08-17T17:30:00+00:00,160.5819999999999,160.6639999999999,160.5779999999999,160.6499999999999,3264
2026-08-17T18:00:00+00:00,160.6499999999999,160.7479999999999,160.6419999999999,160.7269999999999,3644
2026-08-17T18:30:00+00:00,160.7269999999999,160.7539999999999,160.7009999999999,160.7499999999999,4052
2026-08-17T19:00:00+00:00,160.7499999999999,160.7519999999999,160.5879999999999,160.5939999999999,3588
2026-08-17T19:30:00+00:00,160.5939999999999,160.6339999999999,160.5679999999999,160.6179999999999,2762
2026-08-17T20:00:00+00:00,160.6179999999999,160.6699999999999,160.6059999999999,160.6409999999999,937
2026-08-17T20:30:00+00:00,160.6409999999999,160.6579999999999,160.5899999999999,160.5899999999999,1886
2026-08-17T21:00:00+00:00,160.5899999999999,160.63099999999991,160.55299999999988,160.5699999999999,228.47101009617103
2026-08-17T21:30:00+00:00,160.5699999999999,160.64899999999992,160.5689999999999,160.6119999999999,847
2026-08-17T22:00:00+00:00,160.6119999999999,160.6899999999999,160.6119999999999,160.63199999999992,1064
2026-08-17T22:30:00+00:00,160.63199999999992,160.6479999999999,160.6209999999999,160.6219999999999,701
2026-08-17T23:00:00+00:00,160.6219999999999,160.6329999999999,160.5709999999999,160.57799999999992,1184
2026-08-17T23:30:00+00:00,160.57799999999992,160.5819999999999,160.5279999999999,160.5449999999999,1595
2026-08-18T00:00:00+00:00,160.5449999999999,160.6479999999999,160.52399999999992,160.6389999999999,5919
2026-08-18T00:30:00+00:00,160.6389999999999,160.7369999999999,160.63799999999992,160.6419999999999,5862
2026-08-18T01:00:00+00:00,160.6419999999999,160.7059999999999,160.6089999999999,160.6629999999999,5906
2026-08-18T01:30:00+00:00,160.6629999999999,160.7239999999999,160.61899999999991,160.7169999999999,3476
2026-08-18T02:00:00+00:00,160.7169999999999,160.75699999999992,160.68599999999992,160.6929999999999,4593
2026-08-18T02:30:00+00:00,160.6929999999999,160.7239999999999,160.66799999999992,160.6709999999999,4416
2026-08-18T03:00:00+00:00,160.6709999999999,160.7289999999999,160.6709999999999,160.7289999999999,4017
2026-08-18T03:30:00+00:00,160.7289999999999,160.7819999999999,160.7289999999999,160.7669999999999,3943
2026-08-18T04:00:00+00:00,160.7669999999999,160.9399999999999,160.7639999999999,160.91199999999992,5681
2026-08-18T04:30:00+00:00,160.91199999999992,160.9609999999999,160.8839999999999,160.9089999999999,3831
2026-08-18T05:00:00+00:00,160.9089999999999,160.9439999999999,160.8719999999999,160.8889999999999,3934
2026-08-18T05:30:00+00:00,160.8889999999999,160.9099999999999,160.83499999999992,160.87599999999992,2940
2026-08-18T06:00:00+00:00,160.87599999999992,160.98799999999991,160.86299999999991,160.9369999999999,4696
2026-08-18T06:30:00+00:00,160.9369999999999,160.9909999999999,160.9129999999999,160.9309999999999,4958
2026-08-18T07:00:00+00:00,160.9309999999999,160.9749999999999,160.89899999999992,160.9459999999999,5996
2026-08-18T07:30:00+00:00,160.9459999999999,160.9699999999999,160.8899999999999,160.93599999999992,4405
2026-08-18T08:00:00+00:00,160.93599999999992,160.94799999999992,160.9159999999999,160.94699999999992,3563
2026-08-18T08:30:00+00:00,160.94699999999992,160.9549999999999,160.84599999999992,160.8849999999999,3040
2026-08-18T09:00:00+00:00,160.8849999999999,160.9069999999999,160.8199999999999,160.8269999999999,4637
2026-08-18T09:30:00+00:00,160.8269999999999,160.8469999999999,160.79799999999992,160.8239999999999,4321
2026-08-18T10:00:00+00:00,160.8239999999999,160.9199999999999,160.8139999999999,160.88699999999992,5006
2026-08-18T10:30:00+00:00,160.88699999999992,160.9279999999999,160.8619999999999,160.9189999999999,3985
2026-08-18T11:00:00+00:00,160.9189999999999,160.9569999999999,160.91699999999992,160.9519999999999,2789
2026-08-18T11:30:00+00:00,160.9519999999999,160.9579999999999,160.9069999999999,160.9099999999999,2787
2026-08-18T12:00:00+00:00,160.9099999999999,160.9219999999999,160.8499999999999,160.8839999999999,4593
2026-08-18T12:30:00+00:00,160.8839999999999,160.9339999999999,160.8529999999999,160.8799999999999,4038
2026-08-18T13:00:00+00:00,160.8799999999999,160.8889999999999,160.8309999999999,160.8769999999999,4872
2026-08-18T13:30:00+00:00,160.8769999999999,160.92999999999992,160.7779999999999,160.79299999999992,7730
2026-08-18T14:00:00+00:00,160.79299999999992,160.79299999999992,160.6599999999999,160.69099999999992,7196
2026-08-18T14:30:00+00:00,160.69099999999992,160.78099999999992,160.6399999999999,160.76799999999992,7780
2026-08-18T15:00:00+00:00,160.76799999999992,160.8389999999999,160.7079999999999,160.8269999999999,7783
2026-08-18T15:30:00+00:00,160.8269999999999,160.8539999999999,160.7529999999999,160.80999999999992,4693
2026-08-18T16:00:00+00:00,160.80999999999992,160.8149999999999,160.7539999999999,160.8119999999999,4734
2026-08-18T16:30:00+00:00,160.8119999999999,160.8499999999999,160.7729999999999,160.78599999999992,3884
2026-08-18T17:00:00+00:00,160.78599999999992,160.82799999999992,160.7769999999999,160.8139999999999,4144
2026-08-18T17:30:00+00:00,160.8139999999999,160.85199999999992,160.81099999999992,160.8149999999999,2618
2026-08-18T18:00:00+00:00,160.8149999999999,160.82899999999992,160.7769999999999,160.8019999999999,3560
2026-08-18T18:30:00+00:00,160.8019999999999,160.8439999999999,160.8019999999999,160.81699999999992,3015
2026-08-18T19:00:00+00:00,160.81699999999992,160.83999999999992,160.79199999999992,160.8259999999999,3975
2026-08-18T19:30:00+00:00,160.8259999999999,160.8619999999999,160.7939999999999,160.8569999999999,3649
2026-08-18T20:00:00+00:00,160.8569999999999,160.88699999999992,160.8549999999999,160.8659999999999,1593
2026-08-18T20:30:00+00:00,160.8659999999999,160.87499999999991,160.8089999999999,160.8089999999999,1889
2026-08-18T21:00:00+00:00,160.8089999999999,160.8269999999999,160.76799999999992,160.82199999999992,157.32980350416838
2026-08-18T21:30:00+00:00,160.82199999999992,160.8239999999999,160.76899999999992,160.7839999999999,941
2026-08-18T22:00:00+00:00,160.7839999999999,160.8589999999999,160.7839999999999,160.8469999999999,1130
2026-08-18T22:30:00+00:00,160.8469999999999,160.8469999999999,160.8019999999999,160.80399999999992,798
2026-08-18T23:00:00+00:00,160.80399999999992,160.80399999999992,160.74999999999991,160.7949999999999,1459
2026-08-18T23:30:00+00:00,160.7949999999999,160.8189999999999,160.7529999999999,160.76899999999992,1667
2026-08-19T00:00:00+00:00,160.76899999999992,160.76899999999992,160.64899999999992,160.7129999999999,6634
2026-08-19T00:30:00+00:00,160.7129999999999,160.7429999999999,160.6059999999999,160.67299999999992,6545
2026-08-19T01:00:00+00:00,160.67299999999992,160.7369999999999,160.66699999999992,160.7139999999999,5892
2026-08-19T01:30:00+00:00,160.7139999999999,160.71499999999992,160.65499999999992,160.6659999999999,3658
2026-08-19T02:00:00+00:00,160.6659999999999,160.6839999999999,160.5259999999999,160.57899999999992,5592
2026-08-19T02:30:00+00:00,160.57899999999992,160.61299999999991,160.5049999999999,160.5739999999999,4981
2026-08-19T03:00:00+00:00,160.5739999999999,160.6119999999999,160.5499999999999,160.6029999999999,3605
2026-08-19T03:30:00+00:00,160.6029999999999,160.65599999999992,160.5869999999999,160.63699999999992,3006
2026-08-19T04:00:00+00:00,160.63699999999992,160.63699999999992,160.5619999999999,160.56699999999992,4422
2026-08-19T04:30:00+00:00,160.56699999999992,160.5909999999999,160.4509999999999,160.54299999999992,5070
2026-08-19T05:00:00+00:00,160.54299999999992,160.54299999999992,160.4519999999999,160.48899999999992,4114
2026-08-19T05:30:00+00:00,160.48899999999992,160.5389999999999,160.4199999999999,160.50599999999991,5226
2026-08-19T06:00:00+00:00,160.50599999999991,160.5079999999999,160.3659999999999,160.36999999999992,6208
2026-08-19T06:30:00+00:00,160.36999999999992,160.4689999999999,160.3309999999999,160.4549999999999,6449
2026-08-19T07:00:00+00:00,160.4549999999999,160.49499999999992,160.3789999999999,160.4159999999999,5618
2026-08-19T07:30:00+00:00,160.4159999999999,160.4189999999999,160.33999999999992,160.3799999999999,6377
2026-08-19T08:00:00+00:00,160.3799999999999,160.39299999999992,160.26799999999992,160.3119999999999,7442
2026-08-19T08:30:00+00:00,160.3119999999999,160.3849999999999,160.2719999999999,160.3829999999999,5189
2026-08-19T09:00:00+00:00,160.3829999999999,160.47699999999992,160.3739999999999,160.3979999999999,6316
2026-08-19T09:30:00+00:00,160.3979999999999,160.3979999999999,160.2819999999999,160.3029999999999,7680
2026-08-19T10:00:00+00:00,160.3029999999999,160.3239999999999,160.20999999999992,160.2709999999999,5157
2026-08-19T10:30:00+00:00,160.2709999999999,160.32299999999992,160.2409999999999,160.3129999999999,4703
2026-08-19T11:00:00+00:00,160.3129999999999,160.3739999999999,160.2999999999999,160.3259999999999,6397
2026-08-19T11:30:00+00:00,160.3259999999999,160.39999999999992,160.3119999999999,160.3529999999999,6741
2026-08-19T12:00:00+00:00,160.3529999999999,160.3669999999999,160.1329999999999,160.25099999999992,8177
2026-08-19T12:30:00+00:00,160.25099999999992,160.25099999999992,159.3739999999999,159.8069999999999,34372
2026-08-19T13:00:00+00:00,159.8069999999999,159.81099999999992,159.53099999999992,159.6229999999999,23112
2026-08-19T13:30:00+00:00,159.6229999999999,159.74499999999992,159.57199999999992,159.6529999999999,21315
2026-08-19T14:00:00+00:00,159.6529999999999,159.6809999999999,159.4569999999999,159.4929999999999,16852
2026-08-19T14:30:00+00:00,159.4929999999999,159.5969999999999,159.25699999999992,159.55999999999992,19018
2026-08-19T15:00:00+00:00,159.55999999999992,159.7359999999999,159.55999999999992,159.7079999999999,13512
2026-08-19T15:30:00+00:00,159.7079999999999,159.7349999999999,159.5939999999999,159.66799999999992,8947
2026-08-19T16:00:00+00:00,159.66799999999992,159.7129999999999,159.58999999999992,159.6299999999999,7791
2026-08-19T16:30:00+00:00,159.6299999999999,159.6409999999999,159.52999999999992,159.5999999999999,6493
2026-08-19T17:00:00+00:00,159.5999999999999,159.7289999999999,159.5399999999999,159.7129999999999,8321
2026-08-19T17:30:00+00:00,159.7129999999999,159.8269999999999,159.7059999999999,159.8059999999999,5907
2026-08-19T18:00:00+00:00,159.8059999999999,159.8089999999999,159.5689999999999,159.69799999999992,10015
2026-08-19T18:30:00+00:00,159.69799999999992,159.70399999999992,159.47699999999992,159.5329999999999,8086
2026-08-19T19:00:00+00:00,159.5329999999999,159.5819999999999,159.3509999999999,159.3659999999999,8624
2026-08-19T19:30:00+00:00,159.3659999999999,159.50099999999992,159.31099999999992,159.3619999999999,10444
2026-08-19T20:00:00+00:00,159.3619999999999,159.43499999999992,159.30399999999992,159.4249999999999,2650
2026-08-19T20:30:00+00:00,159.4249999999999,159.4389999999999,159.3539999999999,159.36399999999992,2418
2026-08-19T21:00:00+00:00,159.36399999999992,159.36399999999992,159.3089999999999,159.33499999999992,618.1372399305243
2026-08-19T21:30:00+00:00,159.33499999999992,159.36399999999992,159.3269999999999,159.3299999999999,458.30270608260673
2026-08-19T22:00:00+00:00,159.3299999999999,159.3419999999999,159.2419999999999,159.2889999999999,1467
2026-08-19T22:30:00+00:00,159.2889999999999,159.4079999999999,159.2889999999999,159.4079999999999,1907
2026-08-19T23:00:00+00:00,159.4079999999999,159.4499999999999,159.3949999999999,159.4449999999999,3051
2026-08-19T23:30:00+00:00,159.4449999999999,159.49399999999991,159.4319999999999,159.4739999999999,2702
2026-08-20T00:00:00+00:00,159.4739999999999,159.5859999999999,159.3739999999999,159.55399999999992,11904
2026-08-20T00:30:00+00:00,159.55399999999992,159.6479999999999,159.4979999999999,159.61999999999992,8047
2026-08-20T01:00:00+00:00,159.61999999999992,159.7279999999999,159.5819999999999,159.5969999999999,10051
2026-08-20T01:30:00+00:00,159.5969999999999,159.7769999999999,159.54199999999992,159.74499999999992,9381
2026-08-20T02:00:00+00:00,159.74499999999992,159.7479999999999,159.5329999999999,159.6629999999999,11057
2026-08-20T02:30:00+00:00,159.6629999999999,159.6819999999999,159.60199999999992,159.6539999999999,6170
2026-08-20T03:00:00+00:00,159.6539999999999,159.70299999999992,159.5879999999999,159.6419999999999,5534
2026-08-20T03:30:00+00:00,159.6419999999999,159.6879999999999,159.6239999999999,159.6459999999999,3193
2026-08-20T04:00:00+00:00,159.6459999999999,159.69099999999992,159.6289999999999,159.6819999999999,3421
2026-08-20T04:30:00+00:00,159.6819999999999,159.8439999999999,159.6779999999999,159.7849999999999,3906
2026-08-20T05:00:00+00:00,159.7849999999999,159.8919999999999,159.74399999999991,159.8889999999999,3902
2026-08-20T05:30:00+00:00,159.8889999999999,159.9389999999999,159.8199999999999,159.8479999999999,4765
2026-08-20T06:00:00+00:00,159.8479999999999,159.8709999999999,159.67299999999992,159.7189999999999,5629
2026-08-20T06:30:00+00:00,159.7189999999999,159.7589999999999,159.5679999999999,159.5759999999999,5789
2026-08-20T07:00:00+00:00,159.5759999999999,159.75599999999991,159.5329999999999,159.7359999999999,6899
2026-08-20T07:30:00+00:00,159.7359999999999,159.7529999999999,159.6109999999999,159.6519999999999,6800
2026-08-20T08:00:00+00:00,159.6519999999999,159.7059999999999,159.5859999999999,159.6999999999999,6292
2026-08-20T08:30:00+00:00,159.6999999999999,159.7459999999999,159.6509999999999,159.7049999999999,5975
2026-08-20T09:00:00+00:00,159.7049999999999,159.7059999999999,159.4139999999999,159.5089999999999,8525
2026-08-20T09:30:00+00:00,159.5089999999999,159.5909999999999,159.4639999999999,159.5519999999999,6546
2026-08-20T10:00:00+00:00,159.5519999999999,159.5879999999999,159.4499999999999,159.4799999999999,5776
2026-08-20T10:30:00+00:00,159.4799999999999,159.7319999999999,159.47699999999992,159.6829999999999,4913
2026-08-20T11:00:00+00:00,159.6829999999999,159.8499999999999,159.6829999999999,159.78699999999992,5765
2026-08-20T11:30:00+00:00,159.78699999999992,159.92299999999992,159.7479999999999,159.8719999999999,6644
2026-08-20T12:00:00+00:00,159.8719999999999,160.01199999999992,159.8429999999999,159.8739999999999,8589
2026-08-20T12:30:00+00:00,159.8739999999999,159.9899999999999,159.80999999999992,159.8539999999999,8695
2026-08-20T13:00:00+00:00,159.8539999999999,159.86999999999992,159.7519999999999,159.8359999999999,8974
2026-08-20T13:30:00+00:00,159.8359999999999,160.0469999999999,159.81099999999992,160.03599999999992,10427
2026-08-20T14:00:00+00:00,160.03599999999992,160.1049999999999,159.9519999999999,159.99999999999991,9187
2026-08-20T14:30:00+00:00,159.99999999999991,160.02499999999992,159.9219999999999,159.9389999999999,7314
2026-08-20T15:00:00+00:00,159.9389999999999,160.0689999999999,159.7139999999999,159.9679999999999,16331
2026-08-20T15:30:00+00:00,159.9679999999999,160.1879999999999,159.96499999999992,160.0649999999999,8019
2026-08-20T16:00:00+00:00,160.0649999999999,160.31099999999992,160.0519999999999,160.2879999999999,6827
2026-08-20T16:30:00+00:00,160.2879999999999,160.3029999999999,160.1929999999999,160.2079999999999,5004
2026-08-20T17:00:00+00:00,160.2079999999999,160.26799999999992,160.17999999999992,160.2409999999999,3338
2026-08-20T17:30:00+00:00,160.2409999999999,160.31099999999992,160.2409999999999,160.2599999999999,2897
2026-08-20T18:00:00+00:00,160.2599999999999,160.38699999999992,160.24499999999992,160.3769999999999,4143
2026-08-20T18:30:00+00:00,160.3769999999999,160.3829999999999,160.3179999999999,160.3509999999999,3217
2026-08-20T19:00:00+00:00,160.3509999999999,160.3919999999999,160.3189999999999,160.35199999999992,3038
2026-08-20T19:30:00+00:00,160.35199999999992,160.36299999999991,160.3139999999999,160.32799999999992,2612
2026-08-20T20:00:00+00:00,160.32799999999992,160.3529999999999,160.31099999999992,160.3329999999999,986
2026-08-20T20:30:00+00:00,160.3329999999999,160.3329999999999,160.2519999999999,160.2519999999999,1633
2026-08-20T21:00:00+00:00,160.2519999999999,160.2849999999999,160.1959999999999,160.2479999999999,323.246944563023
2026-08-20T21:30:00+00:00,160.2479999999999,160.2779999999999,160.23799999999991,160.24499999999992,3032
2026-08-20T22:00:00+00:00,160.24499999999992,160.28699999999992,160.16999999999993,160.19699999999992,1150
2026-08-20T22:30:00+00:00,160.19699999999992,160.22099999999992,160.15599999999992,160.16799999999992,1348
2026-08-20T23:00:00+00:00,160.16799999999992,160.16899999999993,160.09099999999992,160.11599999999993,1859
2026-08-20T23:30:00+00:00,160.11599999999993,160.1599999999999,160.08599999999993,160.1049999999999,2346
2026-08-21T00:00:00+00:00,160.1049999999999,160.2359999999999,160.0819999999999,160.2139999999999,6111
2026-08-21T00:30:00+00:00,160.2139999999999,160.34099999999992,160.21199999999993,160.30699999999993,5191
2026-08-21T01:00:00+00:00,160.30699999999993,160.34699999999992,160.16099999999992,160.18699999999993,6253
2026-08-21T01:30:00+00:00,160.18699999999993,160.21499999999992,160.12099999999992,160.16099999999992,4913
2026-08-21T02:00:00+00:00,160.16099999999992,160.23499999999993,160.1359999999999,160.20499999999993,4999
2026-08-21T02:30:00+00:00,160.20499999999993,160.20499999999993,160.09099999999992,160.18099999999993,4198
2026-08-21T03:00:00+00:00,160.18099999999993,160.2179999999999,160.14999999999992,160.2139999999999,2861
2026-08-21T03:30:00+00:00,160.2139999999999,160.2959999999999,160.20299999999992,160.21199999999993,2548
2026-08-21T04:00:00+00:00,160.21199999999993,160.2429999999999,160.16699999999992,160.2249999999999,2464
2026-08-21T04:30:00+00:00,160.2249999999999,160.27699999999993,160.20299999999992,160.21499999999992,2007
2026-08-21T05:00:00+00:00,160.21499999999992,160.24399999999991,160.20399999999992,160.2299999999999,2691
2026-08-21T05:30:00+00:00,160.2299999999999,160.2309999999999,160.02699999999993,160.04799999999992,4584
2026-08-21T06:00:00+00:00,160.04799999999992,160.19199999999992,160.00199999999992,160.19099999999992,4714
2026-08-21T06:30:00+00:00,160.19099999999992,160.19799999999992,160.09199999999993,160.1059999999999,5045
2026-08-21T07:00:00+00:00,160.1059999999999,160.14599999999993,160.04199999999992,160.09199999999993,5938
2026-08-21T07:30:00+00:00,160.09199999999993,160.10199999999992,159.9459999999999,160.0339999999999,7701
2026-08-21T08:00:00+00:00,160.0339999999999,160.0829999999999,159.93199999999993,159.94299999999993,6227
2026-08-21T08:30:00+00:00,159.94299999999993,159.96199999999993,159.7239999999999,159.73999999999992,9453
2026-08-21T09:00:00+00:00,159.73999999999992,159.76999999999992,159.5639999999999,159.7009999999999,9739
2026-08-21T09:30:00+00:00,159.7009999999999,159.81799999999993,159.6599999999999,159.81599999999992,6693
2026-08-21T10:00:00+00:00,159.81599999999992,159.85999999999993,159.7369999999999,159.74699999999993,5093
2026-08-21T10:30:00+00:00,159.74699999999993,159.9459999999999,159.74499999999992,159.91399999999993,5040
2026-08-21T11:00:00+00:00,159.91399999999993,159.9799999999999,159.7669999999999,159.76999999999992,9013
2026-08-21T11:30:00+00:00,159.76999999999992,159.92499999999993,159.76499999999993,159.89999999999992,8167
2026-08-21T12:00:00+00:00,159.89999999999992,159.9639999999999,159.83599999999993,159.91899999999993,6811
2026-08-21T12:30:00+00:00,159.91899999999993,160.05499999999992,159.91799999999992,159.9679999999999,6746
2026-08-21T13:00:00+00:00,159.9679999999999,160.07999999999993,159.9339999999999,160.0709999999999,7717
2026-08-21T13:30:00+00:00,160.0709999999999,160.1049999999999,159.9679999999999,159.98499999999993,5967
2026-08-21T14:00:00+00:00,159.98499999999993,160.1069999999999,159.9819999999999,160.0989999999999,6160
2026-08-21T14:30:00+00:00,160.0989999999999,160.2199999999999,160.09799999999993,160.16799999999992,8742
2026-08-21T15:00:00+00:00,160.16799999999992,160.25099999999992,160.1299999999999,160.19399999999993,8534
2026-08-21T15:30:00+00:00,160.19399999999993,160.20299999999992,160.11399999999992,160.13099999999991,5766
2026-08-21T16:00:00+00:00,160.13099999999991,160.1949999999999,160.04899999999992,160.1659999999999,6292
2026-08-21T16:30:00+00:00,160.1659999999999,160.1829999999999,160.1359999999999,160.1769999999999,2907
2026-08-21T17:00:00+00:00,160.1769999999999,160.2549999999999,160.1769999999999,160.20399999999992,2800
2026-08-21T17:30:00+00:00,160.20399999999992,160.2489999999999,160.18499999999992,160.22799999999992,3077
2026-08-21T18:00:00+00:00,160.22799999999992,160.24599999999992,160.1959999999999,160.2299999999999,2833
2026-08-21T18:30:00+00:00,160.2299999999999,160.26499999999993,160.2199999999999,160.23299999999992,2457
2026-08-21T19:00:00+00:00,160.23299999999992,160.25299999999993,160.2199999999999,160.24699999999993,1468
2026-08-21T19:30:00+00:00,160.24699999999993,160.24699999999993,160.1719999999999,160.2139999999999,2374
2026-08-21T20:00:00+00:00,160.2139999999999,160.2249999999999,160.1839999999999,160.2189999999999,1082
2026-08-21T20:30:00+00:00,160.2189999999999,160.22699999999992,160.16799999999992,160.18699999999993,1633.9168504724635
2026-08-23T21:00:00+00:00,158.971,158.971,158.87199999999999,158.87199999999999,82
2026-08-23T21:30:00+00:00,158.87199999999999,158.92999999999998,158.551,158.742,693
2026-08-23T22:00:00+00:00,158.742,158.95399999999998,158.742,158.934,1616
2026-08-23T22:30:00+00:00,158.934,158.96099999999998,158.92999999999998,158.956,826
2026-08-23T23:00:00+00:00,158.956,158.981,158.938,158.964,1041
2026-08-23T23:30:00+00:00,158.964,158.998,158.867,158.872,1355
2026-08-24T00:00:00+00:00,158.872,158.885,158.729,158.771,8043
2026-08-24T00:30:00+00:00,158.771,158.81,158.7,158.725,6924
2026-08-24T01:00:00+00:00,158.725,158.919,158.716,158.917,5307
2026-08-24T01:30:00+00:00,158.917,158.944,158.826,158.84,4959
2026-08-24T02:00:00+00:00,158.84,158.86,158.804,158.855,5319
2026-08-24T02:30:00+00:00,158.855,158.915,158.852,158.877,4276
2026-08-24T03:00:00+00:00,158.877,158.94,158.876,158.914,3248
2026-08-24T03:30:00+00:00,158.914,158.968,158.906,158.929,2701
2026-08-24T04:00:00+00:00,158.929,158.959,158.809,158.84,5767
2026-08-24T04:30:00+00:00,158.84,158.92,158.826,158.859,5224
2026-08-24T05:00:00+00:00,158.859,158.937,158.856,158.927,3955
2026-08-24T05:30:00+00:00,158.927,158.974,158.893,158.903,4252
2026-08-24T06:00:00+00:00,158.903,158.959,158.857,158.946,5720
2026-08-24T06:30:00+00:00,158.946,159.031,158.929,159.031,4816
2026-08-24T07:00:00+00:00,159.031,159.148,158.983,159.131,6363
2026-08-24T07:30:00+00:00,159.131,159.186,159.091,159.163,5463
2026-08-24T08:00:00+00:00,159.163,159.27,159.149,159.27,5053
2026-08-24T08:30:00+00:00,159.27,159.282,159.156,159.192,5215
2026-08-24T09:00:00+00:00,159.192,159.234,159.151,159.195,5161
2026-08-24T09:30:00+00:00,159.195,159.225,159.161,159.203,5103
2026-08-24T10:00:00+00:00,159.203,159.215,159.125,159.17,6878
2026-08-24T10:30:00+00:00,159.17,159.207,159.121,159.207,4660
2026-08-24T11:00:00+00:00,159.207,159.233,159.173,159.179,4232
2026-08-24T11:30:00+00:00,159.179,159.203,158.995,159.066,11100
2026-08-24T12:00:00+00:00,159.066,159.122,158.911,158.95,9185
2026-08-24T12:30:00+00:00,158.95,159.052,158.898,159.047,11822
2026-08-24T13:00:00+00:00,159.047,159.164,159.016,159.152,6506
2026-08-24T13:30:00+00:00,159.152,159.153,159.062,159.109,9054
2026-08-24T14:00:00+00:00,159.109,159.179,159.074,159.103,8431
2026-08-24T14:30:00+00:00,159.103,159.201,159.089,159.201,9288
2026-08-24T15:00:00+00:00,159.201,159.201,159.067,159.084,8242
2026-08-24T15:30:00+00:00,159.084,159.196,159.075,159.175,7568
2026-08-24T16:00:00+00:00,159.175,159.195,159.046,159.079,8345
2026-08-24T16:30:00+00:00,159.079,159.124,159.006,159.074,6068
2026-08-24T17:00:00+00:00,159.074,159.175,158.994,159.149,8614
2026-08-24T17:30:00+00:00,159.149,159.193,159.126,159.16,3817
2026-08-24T18:00:00+00:00,159.16,159.198,159.137,159.143,4431
2026-08-24T18:30:00+00:00,159.143,159.213,159.142,159.179,4548
2026-08-24T19:00:00+00:00,159.179,159.216,159.165,159.215,3451
2026-08-24T19:30:00+00:00,159.215,159.218,159.125,159.167,4521
2026-08-24T20:00:00+00:00,159.167,159.183,159.139,159.152,1967
2026-08-24T20:30:00+00:00,159.152,159.153,159.08,159.08,1896
2026-08-24T21:00:00+00:00,159.08,159.08,159.031,159.051,379
2026-08-24T21:30:00+00:00,159.051,159.119,159.044,159.082,1216
2026-08-24T22:00:00+00:00,159.082,159.124,159.058,159.123,737
2026-08-24T22:30:00+00:00,159.123,159.123,159.096,159.1,686
2026-08-24T23:00:00+00:00,159.1,159.117,159.06,159.115,1120
2026-08-24T23:30:00+00:00,159.115,159.16,159.113,159.136,1783
2026-08-25T00:00:00+00:00,159.136,159.165,159.092,159.132,7332
2026-08-25T00:30:00+00:00,159.132,159.19,159.097,159.189,8891
2026-08-25T01:00:00+00:00,159.189,159.221,159.126,159.15,4665
2026-08-25T01:30:00+00:00,159.15,159.305,159.15,159.266,3842
2026-08-25T02:00:00+00:00,159.266,159.327,159.249,159.251,4249
2026-08-25T02:30:00+00:00,159.251,159.394,159.25,159.361,3952
2026-08-25T03:00:00+00:00,159.361,159.381,159.327,159.373,4048
2026-08-25T03:30:00+00:00,159.373,159.392,159.319,159.33,2223
2026-08-25T04:00:00+00:00,159.33,159.369,159.321,159.337,2338
2026-08-25T04:30:00+00:00,159.337,159.338,159.213,159.301,3957
2026-08-25T05:00:00+00:00,159.301,159.337,159.281,159.321,3484
2026-08-25T05:30:00+00:00,159.321,159.348,159.307,159.331,3972
2026-08-25T06:00:00+00:00,159.331,159.367,159.274,159.334,6492
2026-08-25T06:30:00+00:00,159.334,159.411,159.3,159.409,7695
2026-08-25T07:00:00+00:00,159.409,159.424,159.316,159.402,7188
2026-08-25T07:30:00+00:00,159.402,159.456,159.395,159.443,6300
2026-08-25T08:00:00+00:00,159.443,159.491,159.346,159.417,8162
2026-08-25T08:30:00+00:00,159.417,159.435,159.326,159.346,7584
2026-08-25T09:00:00+00:00,159.346,159.36,159.225,159.314,7745
2026-08-25T09:30:00+00:00,159.314,159.343,159.238,159.281,7663
2026-08-25T10:00:00+00:00,159.281,159.329,159.243,159.302,4496
2026-08-25T10:30:00+00:00,159.302,159.302,159.256,159.285,3772
2026-08-25T11:00:00+00:00,159.285,159.326,159.259,159.311,5447
2026-08-25T11:30:00+00:00,159.311,159.311,159.232,159.25,4531
2026-08-25T12:00:00+00:00,159.25,159.27899999999997,159.19299999999998,159.25199999999998,6520
2026-08-25T12:30:00+00:00,159.25199999999998,159.29799999999997,159.23299999999998,159.29699999999997,3846
2026-08-25T13:00:00+00:00,159.29699999999997,159.302,159.11999999999998,159.20399999999998,8491
2026-08-25T13:30:00+00:00,159.20399999999998,159.27599999999998,159.16599999999997,159.21599999999998,9166
2026-08-25T14:00:00+00:00,159.21599999999998,159.29099999999997,159.212,159.26199999999997,8575
2026-08-25T14:30:00+00:00,159.26199999999997,159.32199999999997,159.18999999999997,159.253,7730
2026-08-25T15:00:00+00:00,159.253,159.29299999999998,159.23899999999998,159.29299999999998,5739
2026-08-25T15:30:00+00:00,159.29299999999998,159.29299999999998,159.182,159.21599999999998,8363
2026-08-25T16:00:00+00:00,159.21599999999998,159.27599999999998,159.20499999999998,159.266,8228
2026-08-25T16:30:00+00:00,159.266,159.296,159.24699999999999,159.27599999999998,5499
2026-08-25T17:00:00+00:00,159.27599999999998,159.31699999999998,159.27399999999997,159.29199999999997,3326
2026-08-25T17:30:00+00:00,159.29199999999997,159.295,159.21699999999998,159.22299999999998,3155
2026-08-25T18:00:00+00:00,159.22299999999998,159.24399999999997,159.194,159.231,2583
2026-08-25T18:30:00+00:00,159.231,159.267,159.22799999999998,159.235,1819
2026-08-25T19:00:00+00:00,159.235,159.251,159.167,159.214,4532
2026-08-25T19:30:00+00:00,159.214,159.232,159.09900000000002,159.156,4556
2026-08-25T20:00:00+00:00,159.156,159.207,159.138,159.192,2160
2026-08-25T20:30:00+00:00,159.192,159.247,159.192,159.196,1449
2026-08-25T21:00:00+00:00,159.196,159.221,159.191,159.202,828
2026-08-25T21:30:00+00:00,159.202,159.215,159.188,159.19799999999998,861
2026-08-25T22:00:00+00:00,159.19799999999998,159.24099999999999,159.19799999999998,159.214,927
2026-08-25T22:30:00+00:00,159.214,159.218,159.195,159.20299999999997,526
2026-08-25T23:00:00+00:00,159.20299999999997,159.248,159.201,159.248,982
2026-08-25T23:30:00+00:00,159.248,159.265,159.21599999999998,159.21599999999998,1229
2026-08-26T00:00:00+00:00,159.21599999999998,159.26,159.21599999999998,159.22899999999998,4974
2026-08-26T00:30:00+00:00,159.22899999999998,159.23,159.106,159.16699999999997,6479
2026-08-26T01:00:00+00:00,159.16699999999997,159.18599999999998,159.13799999999998,159.16699999999997,5725
2026-08-26T01:30:00+00:00,159.16699999999997,159.16799999999998,158.969,159.053,10606
2026-08-26T02:00:00+00:00,159.053,159.05499999999998,158.88199999999998,158.97299999999998,10016
2026-08-26T02:30:00+00:00,158.97299999999998,159.04899999999998,158.96699999999998,159.041,7201
2026-08-26T03:00:00+00:00,159.041,159.041,158.958,158.98399999999998,6624
2026-08-26T03:30:00+00:00,158.98399999999998,158.99099999999999,158.90099999999998,158.96099999999998,5788
2026-08-26T04:00:00+00:00,158.96099999999998,159.03099999999998,158.944,159.003,4648
2026-08-26T04:30:00+00:00,159.003,159.04299999999998,158.96599999999998,159.03599999999997,6260
2026-08-26T05:00:00+00:00,159.03599999999997,159.053,159.00199999999998,159.021,4074
2026-08-26T05:30:00+00:00,159.021,159.021,158.96499999999997,159.015,4734
2026-08-26T06:00:00+00:00,159.015,159.095,159.00699999999998,159.06099999999998,4661
2026-08-26T06:30:00+00:00,159.06099999999998,159.125,159.04799999999997,159.058,4152
2026-08-26T07:00:00+00:00,159.058,159.063,158.968,159.04899999999998,5454
2026-08-26T07:30:00+00:00,159.04899999999998,159.04999999999998,158.976,159.015,4715
2026-08-26T08:00:00+00:00,159.015,159.01799999999997,158.933,158.956,5790
2026-08-26T08:30:00+00:00,158.956,159.03599999999997,158.95499999999998,159.01299999999998,4534
2026-08-26T09:00:00+00:00,159.01299999999998,159.06099999999998,158.97099999999998,159.00199999999998,5215
2026-08-26T09:30:00+00:00,159.00199999999998,159.01,158.963,158.993,5684
2026-08-26T10:00:00+00:00,158.993,159.047,158.986,159.033,3879
2026-08-26T10:30:00+00:00,159.033,159.12599999999998,159.01899999999998,159.09799999999998,4512
2026-08-26T11:00:00+00:00,159.09799999999998,159.16299999999998,159.063,159.15099999999998,3612
2026-08-26T11:30:00+00:00,159.15099999999998,159.16099999999997,159.087,159.087,4598
2026-08-26T12:00:00+00:00,159.087,159.08999999999997,158.95299999999997,158.95299999999997,6513
2026-08-26T12:30:00+00:00,158.95299999999997,159.25,158.91799999999998,159.236,10368
2026-08-26T13:00:00+00:00,159.236,159.32899999999998,159.23299999999998,159.284,8545
2026-08-26T13:30:00+00:00,159.284,159.39999999999998,159.26399999999998,159.39999999999998,9301
2026-08-26T14:00:00+00:00,159.39999999999998,159.44899999999998,159.36399999999998,159.42399999999998,9164
2026-08-26T14:30:00+00:00,159.42399999999998,159.44799999999998,159.351,159.41099999999997,8116
2026-08-26T15:00:00+00:00,159.41099999999997,159.41699999999997,159.34199999999998,159.374,5766
2026-08-26T15:30:00+00:00,159.374,159.398,159.32199999999997,159.36999999999998,5929
2026-08-26T16:00:00+00:00,159.36999999999998,159.374,159.313,159.356,4852
2026-08-26T16:30:00+00:00,159.356,159.438,159.355,159.427,3932
2026-08-26T17:00:00+00:00,159.427,159.439,159.384,159.385,3573
2026-08-26T17:30:00+00:00,159.385,159.429,159.371,159.402,3470
2026-08-26T18:00:00+00:00,159.402,159.415,159.384,159.414,3980
2026-08-26T18:30:00+00:00,159.414,159.429,159.392,159.407,2495
2026-08-26T19:00:00+00:00,159.407,159.418,159.367,159.385,2558
2026-08-26T19:30:00+00:00,159.385,159.388,159.336,159.353,3169
2026-08-26T20:00:00+00:00,159.353,159.37,159.324,159.325,1544
2026-08-26T20:30:00+00:00,159.325,159.331,159.295,159.295,1829
2026-08-26T21:00:00+00:00,159.295,159.295,159.245,159.269,394
2026-08-26T21:30:00+00:00,159.269,159.281,159.251,159.262,1813
2026-08-26T22:00:00+00:00,159.262,159.311,159.26,159.275,1117
2026-08-26T22:30:00+00:00,159.275,159.288,159.25,159.268,539
2026-08-26T23:00:00+00:00,159.268,159.272,159.209,159.25,1272
2026-08-26T23:30:00+00:00,159.25,159.274,159.234,159.252,1015
2026-08-27T00:00:00+00:00,159.252,159.253,159.125,159.141,7019
2026-08-27T00:30:00+00:00,159.141,159.192,159.114,159.181,6934
2026-08-27T01:00:00+00:00,159.181,159.205,159.14800000000002,159.157,4845
2026-08-27T01:30:00+00:00,159.157,159.27800000000002,159.12900000000002,159.24900000000002,6903
2026-08-27T02:00:00+00:00,159.24900000000002,159.37400000000002,159.246,159.36900000000003,4775
2026-08-27T02:30:00+00:00,159.36900000000003,159.394,159.29700000000003,159.329,4423
2026-08-27T03:00:00+00:00,159.329,159.35000000000002,159.304,159.34400000000002,2997
2026-08-27T03:30:00+00:00,159.34400000000002,159.37,159.33100000000002,159.342,3075
2026-08-27T04:00:00+00:00,159.342,159.36900000000003,159.328,159.36200000000002,2344
2026-08-27T04:30:00+00:00,159.36200000000002,159.38000000000002,159.347,159.35500000000002,3031
2026-08-27T05:00:00+00:00,159.35500000000002,159.38400000000001,159.292,159.293,4223
2026-08-27T05:30:00+00:00,159.293,159.38000000000002,159.281,159.36300000000003,5011
2026-08-27T06:00:00+00:00,159.36300000000003,159.388,159.33200000000002,159.346,5477
2026-08-27T06:30:00+00:00,159.346,159.381,159.33300000000003,159.354,5901
2026-08-27T07:00:00+00:00,159.354,159.35700000000003,159.27,159.32700000000003,5990
2026-08-27T07:30:00+00:00,159.32700000000003,159.371,159.304,159.354,5774
2026-08-27T08:00:00+00:00,159.354,159.364,159.28500000000003,159.329,5426
2026-08-27T08:30:00+00:00,159.329,159.348,159.27800000000002,159.32000000000002,6280
2026-08-27T09:00:00+00:00,159.32000000000002,159.40800000000002,159.30900000000003,159.393,6359
2026-08-27T09:30:00+00:00,159.393,159.48700000000002,159.39100000000002,159.477,5603
2026-08-27T10:00:00+00:00,159.477,159.48800000000003,159.41500000000002,159.44600000000003,3546
2026-08-27T10:30:00+00:00,159.44600000000003,159.52200000000002,159.44600000000003,159.47500000000002,4639
2026-08-27T11:00:00+00:00,159.47500000000002,159.496,159.448,159.465,4258
2026-08-27T11:30:00+00:00,159.465,159.513,159.41400000000002,159.437,6793
2026-08-27T12:00:00+00:00,159.437,159.44000000000003,159.34500000000003,159.40300000000002,7987
2026-08-27T12:30:00+00:00,159.40300000000002,159.443,159.39000000000001,159.411,7039
2026-08-27T13:00:00+00:00,159.411,159.46400000000003,159.341,159.36200000000002,8206
2026-08-27T13:30:00+00:00,159.36200000000002,159.419,159.33800000000002,159.36200000000002,8714
2026-08-27T14:00:00+00:00,159.36200000000002,159.37300000000002,159.294,159.34,9437
2026-08-27T14:30:00+00:00,159.34,159.341,159.27,159.32700000000003,7846
2026-08-27T15:00:00+00:00,159.32700000000003,159.32700000000003,159.273,159.306,5866
2026-08-27T15:30:00+00:00,159.306,159.31,159.234,159.257,5273
2026-08-27T16:00:00+00:00,159.257,159.286,159.24000000000004,159.25000000000003,3698
2026-08-27T16:30:00+00:00,159.25000000000003,159.30000000000004,159.24100000000004,159.28700000000003,3943
2026-08-27T17:00:00+00:00,159.28700000000003,159.32300000000004,159.26000000000002,159.30500000000004,4066
2026-08-27T17:30:00+00:00,159.30500000000004,159.40300000000002,159.30500000000004,159.40000000000003,5785
2026-08-27T18:00:00+00:00,159.40000000000003,159.45500000000004,159.39500000000004,159.41900000000004,4898
2026-08-27T18:30:00+00:00,159.41900000000004,159.43400000000003,159.40400000000002,159.42700000000002,2771
2026-08-27T19:00:00+00:00,159.42700000000002,159.44100000000003,159.39400000000003,159.42900000000003,2607
2026-08-27T19:30:00+00:00,159.42900000000003,159.43500000000003,159.39600000000004,159.41100000000003,2320
2026-08-27T20:00:00+00:00,159.41100000000003,159.41800000000003,159.38200000000003,159.39000000000004,1679
2026-08-27T20:30:00+00:00,159.39000000000004,159.413,159.376,159.391,864
2026-08-27T21:00:00+00:00,159.391,159.415,159.297,159.377,484
2026-08-27T21:30:00+00:00,159.377,159.399,159.369,159.372,915
2026-08-27T22:00:00+00:00,159.372,159.396,159.358,159.394,815
2026-08-27T22:30:00+00:00,159.394,159.395,159.356,159.357,567
2026-08-27T23:00:00+00:00,159.357,159.37,159.344,159.356,601
2026-08-27T23:30:00+00:00,159.356,159.372,159.309,159.313,1125
2026-08-28T00:00:00+00:00,159.313,159.389,159.295,159.366,5267
2026-08-28T00:30:00+00:00,159.366,159.373,159.322,159.366,4830
2026-08-28T01:00:00+00:00,159.366,159.385,159.332,159.371,6645
2026-08-28T01:30:00+00:00,159.371,159.446,159.344,159.431,5257
2026-08-28T02:00:00+00:00,159.431,159.455,159.391,159.413,3112
2026-08-28T02:30:00+00:00,159.413,159.465,159.411,159.441,3546
2026-08-28T03:00:00+00:00,159.441,159.465,159.432,159.437,2916
2026-08-28T03:30:00+00:00,159.437,159.462,159.434,159.45,3950
2026-08-28T04:00:00+00:00,159.45,159.491,159.45,159.484,2708
2026-08-28T04:30:00+00:00,159.484,159.515,159.471,159.498,2576
2026-08-28T05:00:00+00:00,159.498,159.56,159.497,159.541,3130
2026-08-28T05:30:00+00:00,159.541,159.55,159.5,159.525,4077
2026-08-28T06:00:00+00:00,159.525,159.541,159.471,159.478,4673
2026-08-28T06:30:00+00:00,159.478,159.506,159.415,159.421,6684
2026-08-28T07:00:00+00:00,159.421,159.505,159.409,159.466,6340
2026-08-28T07:30:00+00:00,159.466,159.508,159.44,159.503,3870
2026-08-28T08:00:00+00:00,159.503,159.576,159.501,159.571,4032
2026-08-28T08:30:00+00:00,159.571,159.588,159.525,159.572,3586
2026-08-28T09:00:00+00:00,159.572,159.648,159.569,159.637,5607
2026-08-28T09:30:00+00:00,159.637,159.693,159.634,159.689,3793
2026-08-28T10:00:00+00:00,159.689,159.694,159.654,159.672,4527
2026-08-28T10:30:00+00:00,159.672,159.685,159.635,159.637,3377
2026-08-28T11:00:00+00:00,159.637,159.674,159.634,159.663,3597
2026-08-28T11:30:00+00:00,159.663,159.686,159.652,159.653,2603
2026-08-28T12:00:00+00:00,159.653,159.68,159.595,159.601,4441
2026-08-28T12:30:00+00:00,159.601,159.642,159.564,159.577,6691
2026-08-28T13:00:00+00:00,159.577,159.657,159.566,159.636,6580
2026-08-28T13:30:00+00:00,159.636,159.701,159.539,159.681,6413
2026-08-28T14:00:00+00:00,159.681,159.944,159.403,159.887,23388
2026-08-28T14:30:00+00:00,159.887,159.935,159.841,159.873,17382
2026-08-28T15:00:00+00:00,159.873,159.987,159.84,159.979,9952
2026-08-28T15:30:00+00:00,159.979,160.059,159.955,159.979,10078
2026-08-28T16:00:00+00:00,159.979,160.155,159.96,160.14,10357
2026-08-28T16:30:00+00:00,160.14,160.203,160.112,160.195,6650
2026-08-28T17:00:00+00:00,160.195,160.199,160.135,160.163,4611
2026-08-28T17:30:00+00:00,160.163,160.202,160.157,160.182,4479
2026-08-28T18:00:00+00:00,160.182,160.19,160.133,160.152,5519
2026-08-28T18:30:00+00:00,160.152,160.181,160.133,160.135,4566
2026-08-28T19:00:00+00:00,160.135,160.147,160.063,160.066,3466
2026-08-28T19:30:00+00:00,160.066,160.106,160.048,160.082,3299
2026-08-28T20:00:00+00:00,160.082,160.1,160.067,160.067,2490
2026-08-28T20:30:00+00:00,160.067,160.139,160.066,160.079,1350
2026-08-30T21:00:00+00:00,160.018,160.063,160.016,160.05799999999996,112
2026-08-30T21:30:00+00:00,160.058,160.123,160.047,160.112,479
2026-08-30T22:00:00+00:00,160.112,160.171,160.105,160.124,1092
2026-08-30T22:30:00+00:00,160.124,160.127,160.093,160.114,1267
2026-08-30T23:00:00+00:00,160.114,160.199,160.10899999999998,160.166,2371
2026-08-30T23:30:00+00:00,160.166,160.167,160.115,160.116,2219
2026-08-31T00:00:00+00:00,160.11599999999999,160.11599999999999,159.95399999999998,160.048,6671
2026-08-31T00:30:00+00:00,160.047,160.054,159.957,159.964,6708
2026-08-31T01:00:00+00:00,159.964,159.97899999999998,159.807,159.828,8738
2026-08-31T01:30:00+00:00,159.828,159.865,159.753,159.825,6555
2026-08-31T02:00:00+00:00,159.825,159.844,159.72799999999998,159.762,5886
2026-08-31T02:30:00+00:00,159.762,159.814,159.751,159.77599999999998,4068
2026-08-31T03:00:00+00:00,159.776,159.801,159.751,159.801,3463
2026-08-31T03:30:00+00:00,159.801,159.844,159.788,159.802,3712
2026-08-31T04:00:00+00:00,159.802,159.822,159.743,159.822,3521
2026-08-31T04:30:00+00:00,159.822,159.831,159.75799999999998,159.79,3514
2026-08-31T05:00:00+00:00,159.79,159.82999999999998,159.76399999999998,159.772,4258
2026-08-31T05:30:00+00:00,159.772,159.874,159.772,159.82899999999998,4357
2026-08-31T06:00:00+00:00,159.82899999999998,159.874,159.785,159.864,6084
2026-08-31T06:30:00+00:00,159.864,159.916,159.798,159.802,6444
2026-08-31T07:00:00+00:00,159.802,159.821,159.54999999999998,159.595,11785
2026-08-31T07:30:00+00:00,159.595,159.643,159.54299999999998,159.578,9671
2026-08-31T08:00:00+00:00,159.578,159.621,159.47199999999998,159.62,9714
2026-08-31T08:30:00+00:00,159.62,159.749,159.612,159.736,7269
2026-08-31T09:00:00+00:00,159.736,159.755,159.69,159.698,6230
2026-08-31T09:30:00+00:00,159.698,159.766,159.698,159.734,5862
2026-08-31T10:00:00+00:00,159.73399999999998,159.777,159.70399999999998,159.731,7090
2026-08-31T10:30:00+00:00,159.731,159.753,159.70499999999998,159.726,4991
2026-08-31T11:00:00+00:00,159.726,159.731,159.623,159.625,5757
2026-08-31T11:30:00+00:00,159.625,159.70999999999998,159.605,159.70499999999998,6338
2026-08-31T12:00:00+00:00,159.70499999999998,159.776,159.677,159.775,8161
2026-08-31T12:30:00+00:00,159.77499999999998,159.886,159.768,159.879,7317
2026-08-31T13:00:00+00:00,159.879,159.898,159.765,159.791,8262
2026-08-31T13:30:00+00:00,159.791,159.873,159.779,159.82899999999998,10033
2026-08-31T14:00:00+00:00,159.82899999999998,159.856,159.757,159.783,7641
2026-08-31T14:30:00+00:00,159.783,159.809,159.58499999999998,159.713,14850
2026-08-31T15:00:00+00:00,159.713,159.79999999999998,159.685,159.754,9499
2026-08-31T15:30:00+00:00,159.754,159.773,159.69299999999998,159.741,6098
2026-08-31T16:00:00+00:00,159.741,159.741,159.663,159.692,5032
2026-08-31T16:30:00+00:00,159.692,159.731,159.669,159.683,4990
2026-08-31T17:00:00+00:00,159.683,159.707,159.669,159.696,3634
2026-08-31T17:30:00+00:00,159.696,159.722,159.667,159.693,4365
2026-08-31T18:00:00+00:00,159.693,159.721,159.675,159.714,4742
2026-08-31T18:30:00+00:00,159.714,159.81,159.714,159.797,4894
2026-08-31T19:00:00+00:00,159.797,159.813,159.718,159.734,4173
2026-08-31T19:30:00+00:00,159.734,159.797,159.709,159.752,5500
2026-08-31T20:00:00+00:00,159.752,159.756,159.724,159.756,1635
2026-08-31T20:30:00+00:00,159.756,159.776,159.733,159.733,1930
2026-08-31T21:00:00+00:00,159.733,159.762,159.708,159.747,400
2026-08-31T21:30:00+00:00,159.747,159.766,159.726,159.73,504
2026-08-31T22:00:00+00:00,159.73,159.784,159.73,159.75,837
2026-08-31T22:30:00+00:00,159.75,159.779,159.747,159.777,656
2026-08-31T23:00:00+00:00,159.777,159.828,159.777,159.799,1543
2026-08-31T23:30:00+00:00,159.799,159.805,159.739,159.748,1697
2026-09-01T00:00:00+00:00,159.748,159.833,159.634,159.666,9313
2026-09-01T00:30:00+00:00,159.666,159.812,159.658,159.799,8209
2026-09-01T01:00:00+00:00,159.799,159.848,159.763,159.814,8702
2026-09-01T01:30:00+00:00,159.814,159.837,159.702,159.755,6244
2026-09-01T02:00:00+00:00,159.755,159.844,159.753,159.766,6692
2026-09-01T02:30:00+00:00,159.766,159.812,159.766,159.786,3949
2026-09-01T03:00:00+00:00,159.786,159.813,159.766,159.787,3628
2026-09-01T03:30:00+00:00,159.787,159.812,159.781,159.806,3133
2026-09-01T04:00:00+00:00,159.806,159.861,159.799,159.844,3624
2026-09-01T04:30:00+00:00,159.844,159.882,159.83,159.87,3071
2026-09-01T05:00:00+00:00,159.87,159.905,159.842,159.87199999999999,3721
2026-09-01T05:30:00+00:00,159.87199999999999,159.896,159.827,159.879,5391
2026-09-01T06:00:00+00:00,159.879,159.95499999999998,159.86499999999998,159.94899999999998,6407
2026-09-01T06:30:00+00:00,159.94899999999998,159.982,159.933,159.94799999999998,4427
2026-09-01T07:00:00+00:00,159.94799999999998,159.992,159.91799999999998,159.982,4577
2026-09-01T07:30:00+00:00,159.982,160.028,159.971,159.98499999999999,4143
2026-09-01T08:00:00+00:00,159.98499999999999,160.027,159.928,159.98999999999998,6072
2026-09-01T08:30:00+00:00,159.98999999999998,159.99099999999999,159.922,159.928,3553
2026-09-01T09:00:00+00:00,159.928,159.975,159.891,159.975,4748
2026-09-01T09:30:00+00:00,159.975,160.06099999999998,159.95499999999998,160.054,3931
2026-09-01T10:00:00+00:00,160.054,160.064,159.982,160.00799999999998,4163
2026-09-01T10:30:00+00:00,160.00799999999998,160.113,160.00799999999998,160.089,3713
2026-09-01T11:00:00+00:00,160.089,160.148,159.987,160.06099999999998,7823
2026-09-01T11:30:00+00:00,160.06099999999998,160.128,160.039,160.114,7082
2026-09-01T12:00:00+00:00,160.114,160.177,160.111,160.16899999999998,6512
2026-09-01T12:30:00+00:00,160.16899999999998,160.209,160.018,160.107,8137
2026-09-01T13:00:00+00:00,160.107,160.165,160.075,160.087,6318
2026-09-01T13:30:00+00:00,160.087,160.093,160.01299999999998,160.01299999999998,8653
2026-09-01T14:00:00+00:00,160.01299999999998,160.076,159.892,159.951,11776
2026-09-01T14:30:00+00:00,159.951,160.09099999999998,159.89499999999998,160.07299999999998,9837
2026-09-01T15:00:00+00:00,160.07299999999998,160.10899999999998,160.03699999999998,160.076,6909
2026-09-01T15:30:00+00:00,160.076,160.094,160.018,160.03199999999998,5188
2026-09-01T16:00:00+00:00,160.03199999999998,160.166,160.005,160.164,8723
2026-09-01T16:30:00+00:00,160.164,160.179,160.101,160.167,5173
2026-09-01T17:00:00+00:00,160.167,160.208,160.146,160.16899999999998,5221
2026-09-01T17:30:00+00:00,160.16899999999998,160.25,160.148,160.244,3978
2026-09-01T18:00:00+00:00,160.244,160.249,160.196,160.238,2839
2026-09-01T18:30:00+00:00,160.238,160.274,160.191,160.202,5125
2026-09-01T19:00:00+00:00,160.202,160.231,160.17499999999998,160.227,3569
2026-09-01T19:30:00+00:00,160.227,160.251,160.18699999999998,160.226,3812
2026-09-01T20:00:00+00:00,160.226,160.244,160.194,160.19799999999998,1309
2026-09-01T20:30:00+00:00,160.19799999999998,160.221,160.167,160.167,1206
2026-09-01T21:00:00+00:00,160.167,160.17499999999998,160.12199999999999,160.164,865
2026-09-01T21:30:00+00:00,160.164,160.172,160.126,160.161,1833
2026-09-01T22:00:00+00:00,160.161,160.183,160.159,160.183,498
2026-09-01T22:30:00+00:00,160.183,160.203,160.166,160.202,616
2026-09-01T23:00:00+00:00,160.202,160.232,160.195,160.201,947
2026-09-01T23:30:00+00:00,160.201,160.213,160.155,160.201,2123
2026-09-02T00:00:00+00:00,160.201,160.232,160.131,160.191,7723
2026-09-02T00:30:00+00:00,160.191,160.292,160.167,160.289,6967
2026-09-02T01:00:00+00:00,160.289,160.322,160.268,160.28099999999998,5055
2026-09-02T01:30:00+00:00,160.28099999999998,160.392,160.274,160.368,4254
2026-09-02T02:00:00+00:00,160.368,160.391,160.31099999999998,160.313,5683
2026-09-02T02:30:00+00:00,160.313,160.316,160.245,160.26299999999998,3397
2026-09-02T03:00:00+00:00,160.26299999999998,160.272,160.224,160.256,3751
2026-09-02T03:30:00+00:00,160.256,160.257,160.19899999999998,160.20999999999998,4461
2026-09-02T04:00:00+00:00,160.20999999999998,160.218,160.16199999999998,160.19899999999998,4985
2026-09-02T04:30:00+00:00,160.19899999999998,160.209,160.027,160.10899999999998,6925
2026-09-02T05:00:00+00:00,160.10899999999998,160.131,159.95,159.97299999999998,7684
2026-09-02T05:30:00+00:00,159.97299999999998,160.00199999999998,159.796,159.822,10477
2026-09-02T06:00:00+00:00,159.822,159.822,159.432,159.631,23898
2026-09-02T06:30:00+00:00,159.631,159.661,159.45999999999998,159.593,21702
2026-09-02T07:00:00+00:00,159.593,159.768,159.593,159.66299999999998,12877
2026-09-02T07:30:00+00:00,159.66299999999998,159.708,159.546,159.694,13112
2026-09-02T08:00:00+00:00,159.694,159.762,159.643,159.67,10090
2026-09-02T08:30:00+00:00,159.67,159.856,159.652,159.85399999999998,9193
2026-09-02T09:00:00+00:00,159.85399999999998,159.88299999999998,159.773,159.837,9790
2026-09-02T09:30:00+00:00,159.837,159.867,159.802,159.857,7031
2026-09-02T10:00:00+00:00,159.857,159.893,159.84,159.892,6430
2026-09-02T10:30:00+00:00,159.892,159.922,159.855,159.891,7893
2026-09-02T11:00:00+00:00,159.891,159.90599999999998,159.74699999999999,159.76899999999998,12150
2026-09-02T11:30:00+00:00,159.76899999999998,159.771,159.62,159.631,10675
2026-09-02T12:00:00+00:00,159.631,159.655,159.49599999999998,159.626,15890
2026-09-02T12:30:00+00:00,159.626,159.713,159.58599999999998,159.59099999999998,10264
2026-09-02T13:00:00+00:00,159.59099999999998,159.617,158.203,158.856,23250
2026-09-02T13:30:00+00:00,158.856,159.04299999999998,158.488,158.564,33669
2026-09-02T14:00:00+00:00,158.564,158.827,158.55499999999998,158.71699999999998,17366
2026-09-02T14:30:00+00:00,158.71699999999998,158.858,158.504,158.742,14408
2026-09-02T15:00:00+00:00,158.742,158.81199999999998,158.62099999999998,158.659,12779
2026-09-02T15:30:00+00:00,158.659,158.826,158.60399999999998,158.795,12828
2026-09-02T16:00:00+00:00,158.795,158.874,158.783,158.87199999999999,7920
2026-09-02T16:30:00+00:00,158.87199999999999,158.882,158.797,158.849,5047
2026-09-02T17:00:00+00:00,158.849,158.963,158.819,158.935,5063
2026-09-02T17:30:00+00:00,158.935,158.956,158.76999999999998,158.879,8402
2026-09-02T18:00:00+00:00,158.879,158.974,158.826,158.938,7378
2026-09-02T18:30:00+00:00,158.938,158.97299999999998,158.898,158.93599999999998,3605
2026-09-02T19:00:00+00:00,158.93599999999998,159.012,158.916,158.92,3998
2026-09-02T19:30:00+00:00,158.92,158.947,158.755,158.76899999999998,4589
2026-09-02T20:00:00+00:00,158.76899999999998,158.783,158.60899999999998,158.689,3679
2026-09-02T20:30:00+00:00,158.689,158.726,158.677,158.685,2185
2026-09-02T21:00:00+00:00,158.685,158.7,158.63799999999998,158.66899999999998,745
2026-09-02T21:30:00+00:00,158.66899999999998,158.714,158.66299999999998,158.676,4352
2026-09-02T22:00:00+00:00,158.676,158.792,158.67399999999998,158.75799999999998,991
2026-09-02T22:30:00+00:00,158.75799999999998,158.83599999999998,158.749,158.76899999999998,2023
2026-09-02T23:00:00+00:00,158.76899999999998,158.863,158.748,158.82299999999998,2643
2026-09-02T23:30:00+00:00,158.82299999999998,158.933,158.82299999999998,158.897,1929
2026-09-03T00:00:00+00:00,158.897,158.964,158.808,158.822,9461
2026-09-03T00:30:00+00:00,158.822,158.82399999999998,158.54399999999998,158.707,12765
2026-09-03T01:00:00+00:00,158.707,158.721,158.408,158.414,13575
2026-09-03T01:30:00+00:00,158.414,158.524,158.219,158.503,12848
2026-09-03T02:00:00+00:00,158.503,158.52499999999998,158.071,158.088,15091
2026-09-03T02:30:00+00:00,158.088,158.152,157.916,158.022,13610
2026-09-03T03:00:00+00:00,158.022,158.029,157.619,157.79299999999998,12574
2026-09-03T03:30:00+00:00,157.79299999999998,157.917,157.72799999999998,157.772,8547
2026-09-03T04:00:00+00:00,157.772,157.87099999999998,157.701,157.708,5799
2026-09-03T04:30:00+00:00,157.708,157.761,157.546,157.68099999999998,6909
2026-09-03T05:00:00+00:00,157.68099999999998,157.789,157.553,157.608,5720
2026-09-03T05:30:00+00:00,157.608,157.683,157.369,157.373,8014
2026-09-03T06:00:00+00:00,157.373,157.43599999999998,157.22199999999998,157.23999999999998,20777
2026-09-03T06:30:00+00:00,157.23999999999998,157.334,156.993,157.128,18010
2026-09-03T07:00:00+00:00,157.128,157.13,156.352,156.79399999999998,24278
2026-09-03T07:30:00+00:00,156.79399999999998,157.361,156.56199999999998,157.052,17587
2026-09-03T08:00:00+00:00,157.052,157.14399999999998,156.81099999999998,156.887,10645
2026-09-03T08:30:00+00:00,156.887,156.98999999999998,156.533,156.69799999999998,7519
2026-09-03T09:00:00+00:00,156.69799999999998,156.855,156.411,156.499,12777
2026-09-03T09:30:00+00:00,156.499,156.581,156.195,156.41199999999998,9089
2026-09-03T10:00:00+00:00,156.41199999999998,156.476,156.172,156.26899999999998,10158
2026-09-03T10:30:00+00:00,156.26899999999998,156.47899999999998,156.262,156.319,7769
2026-09-03T11:00:00+00:00,156.319,156.363,155.834,156.099,13917
2026-09-03T11:30:00+00:00,156.099,156.24699999999999,156.05499999999998,156.093,7474
2026-09-03T12:00:00+00:00,156.093,156.16199999999998,155.70399999999998,155.78,19057
2026-09-03T12:30:00+00:00,155.78,155.827,155.391,155.56199999999998,27141
2026-09-03T13:00:00+00:00,155.56199999999998,155.743,155.50799999999998,155.608,24492
2026-09-03T13:30:00+00:00,155.608,155.72799999999998,155.38,155.38,17273
2026-09-03T14:00:00+00:00,155.38,155.576,155.34099999999998,155.539,19916
2026-09-03T14:30:00+00:00,155.539,155.785,155.391,155.42,21135
2026-09-03T15:00:00+00:00,155.42,155.753,155.349,155.587,18720
2026-09-03T15:30:00+00:00,155.587,155.588,155.37099999999998,155.38899999999998,18458
2026-09-03T16:00:00+00:00,155.38899999999998,155.445,155.32899999999998,155.39499999999998,10610
2026-09-03T16:30:00+00:00,155.39499999999998,155.39499999999998,155.298,155.357,7370
2026-09-03T17:00:00+00:00,155.357,155.49099999999999,155.351,155.404,8939
2026-09-03T17:30:00+00:00,155.404,155.471,155.381,155.469,4536
2026-09-03T18:00:00+00:00,155.469,155.487,155.38899999999998,155.439,4930
2026-09-03T18:30:00+00:00,155.439,155.581,155.43599999999998,155.49599999999998,5729
2026-09-03T19:00:00+00:00,155.49599999999998,155.786,155.482,155.774,6049
2026-09-03T19:30:00+00:00,155.774,155.85399999999998,155.69299999999998,155.751,6561
2026-09-03T20:00:00+00:00,155.751,155.79399999999998,155.72899999999998,155.76299999999998,1651
2026-09-03T20:30:00+00:00,155.76299999999998,155.81199999999998,155.757,155.797,1795
2026-09-03T21:00:00+00:00,155.797,155.892,155.76399999999998,155.88299999999998,516
2026-09-03T21:30:00+00:00,155.88299999999998,155.89,155.813,155.846,995
2026-09-03T22:00:00+00:00,155.846,155.88299999999998,155.797,155.874,986
2026-09-03T22:30:00+00:00,155.874,156.141,155.87199999999999,156.123,3035
2026-09-03T23:00:00+00:00,156.123,156.16899999999998,155.971,155.975,2703
2026-09-03T23:30:00+00:00,155.975,155.976,155.62699999999998,155.64399999999998,7007
2026-09-04T00:00:00+00:00,155.64399999999998,155.85,155.289,155.846,11699
2026-09-04T00:30:00+00:00,155.846,155.95399999999998,155.529,155.76399999999998,13228
2026-09-04T01:00:00+00:00,155.76399999999998,156.04,155.67499999999998,155.911,12705
2026-09-04T01:30:00+00:00,155.911,156.076,155.856,155.857,9238
2026-09-04T02:00:00+00:00,155.857,156.053,155.77599999999998,155.998,4455
2026-09-04T02:30:00+00:00,155.998,156.096,155.927,156.07,4172
2026-09-04T03:00:00+00:00,156.07,156.118,156.033,156.099,3333
2026-09-04T03:30:00+00:00,156.099,156.44199999999998,156.09699999999998,156.367,7054
2026-09-04T04:00:00+00:00,156.367,156.447,156.273,156.364,5574
2026-09-04T04:30:00+00:00,156.364,156.387,156.254,156.325,3700
2026-09-04T05:00:00+00:00,156.325,156.42,156.233,156.29899999999998,3872
2026-09-04T05:30:00+00:00,156.29899999999998,156.41299999999998,156.28,156.333,4670
2026-09-04T06:00:00+00:00,156.333,156.44299999999998,156.17,156.178,16928
2026-09-04T06:30:00+00:00,156.178,156.284,156.07399999999998,156.267,11639
2026-09-04T07:00:00+00:00,156.267,156.407,156.248,156.279,11281
2026-09-04T07:30:00+00:00,156.279,156.342,156.208,156.3,9835
2026-09-04T08:00:00+00:00,156.3,156.399,156.295,156.318,8633
2026-09-04T08:30:00+00:00,156.318,156.43,156.287,156.411,6676
2026-09-04T09:00:00+00:00,156.411,156.438,156.306,156.372,6278
2026-09-04T09:30:00+00:00,156.372,156.582,156.372,156.475,8958
2026-09-04T10:00:00+00:00,156.475,156.482,156.296,156.338,7855
2026-09-04T10:30:00+00:00,156.338,156.393,156.28,156.326,8028
2026-09-04T11:00:00+00:00,156.326,156.364,156.257,156.291,7649
2026-09-04T11:30:00+00:00,156.291,156.308,156.169,156.263,6577
2026-09-04T12:00:00+00:00,156.263,156.272,155.975,155.996,9350
2026-09-04T12:30:00+00:00,155.996,156.742,155.35,155.683,45106
2026-09-04T13:00:00+00:00,155.683,156.139,155.597,155.617,25239
2026-09-04T13:30:00+00:00,155.617,155.896,155.484,155.846,22195
2026-09-04T14:00:00+00:00,155.846,156.147,155.834,156.045,19113
2026-09-04T14:30:00+00:00,156.045,156.194,155.863,156.119,12669
2026-09-04T15:00:00+00:00,156.119,156.169,155.935,156.057,12023
2026-09-04T15:30:00+00:00,156.057,156.125,155.984,156.112,8052
2026-09-04T16:00:00+00:00,156.112,156.136,155.997,156.084,6969
2026-09-04T16:30:00+00:00,156.084,156.102,155.978,156,5075
2026-09-04T17:00:00+00:00,156,156.193,156,156.123,6515
2026-09-04T17:30:00+00:00,156.123,156.155,156.055,156.145,5235
2026-09-04T18:00:00+00:00,156.145,156.186,156.12,156.185,4210
2026-09-04T18:30:00+00:00,156.185,156.283,156.164,156.225,4206
2026-09-04T19:00:00+00:00,156.225,156.246,156.199,156.225,2082
2026-09-04T19:30:00+00:00,156.225,156.258,156.213,156.238,1358
2026-09-04T20:00:00+00:00,156.238,156.277,156.179,156.239,1024
2026-09-04T20:30:00+00:00,156.239,156.273,156.194,156.195,1387
2026-09-06T21:00:00+00:00,155.976,156.076,155.94,156.065,715
2026-09-06T21:30:00+00:00,156.065,156.113,156.058,156.111,259
2026-09-06T22:00:00+00:00,156.111,156.273,156.087,156.246,928
2026-09-06T22:30:00+00:00,156.246,156.278,156.215,156.219,505
2026-09-06T23:00:00+00:00,156.219,156.219,156.108,156.133,1846
2026-09-06T23:30:00+00:00,156.133,156.242,156.092,156.205,3101
2026-09-07T00:00:00+00:00,156.205,156.256,155.894,155.901,10760
2026-09-07T00:30:00+00:00,155.901,155.963,155.802,155.887,9697
2026-09-07T01:00:00+00:00,155.887,156.069,155.851,156.034,10884
2026-09-07T01:30:00+00:00,156.034,156.122,155.988,156.034,6052
2026-09-07T02:00:00+00:00,156.034,156.201,156.021,156.129,4358
2026-09-07T02:30:00+00:00,156.129,156.245,156.106,156.193,3167
2026-09-07T03:00:00+00:00,156.193,156.215,156.049,156.059,3308
2026-09-07T03:30:00+00:00,156.059,156.144,156.043,156.051,3548
2026-09-07T04:00:00+00:00,156.051,156.174,156.046,156.169,3372
2026-09-07T04:30:00+00:00,156.169,156.175,156.032,156.05,4892
2026-09-07T05:00:00+00:00,156.05,156.101,156.019,156.037,3253
2026-09-07T05:30:00+00:00,156.037,156.049,155.787,155.805,5120
2026-09-07T06:00:00+00:00,155.805,155.91,155.545,155.693,7555
2026-09-07T06:30:00+00:00,155.693,155.873,155.623,155.87,7299
2026-09-07T07:00:00+00:00,155.87,155.904,155.661,155.661,7538
2026-09-07T07:30:00+00:00,155.661,155.817,155.521,155.549,10846
2026-09-07T08:00:00+00:00,155.549,155.573,154.13,154.143,32901
2026-09-07T08:30:00+00:00,154.143,154.572,154.055,154.469,21795
2026-09-07T09:00:00+00:00,154.469,154.519,154.218,154.244,9651
2026-09-07T09:30:00+00:00,154.244,154.569,154.241,154.503,6558
2026-09-07T10:00:00+00:00,154.503,154.703,154.46,154.678,6527
2026-09-07T10:30:00+00:00,154.678,154.749,154.582,154.649,6149
2026-09-07T11:00:00+00:00,154.649,154.775,154.644,154.659,6100
2026-09-07T11:30:00+00:00,154.659,154.734,154.61,154.731,4556
2026-09-07T12:00:00+00:00,154.731,154.806,154.476,154.481,7427
2026-09-07T12:30:00+00:00,154.481,154.506,154.248,154.49,9039
2026-09-07T13:00:00+00:00,154.49,154.542,154.36,154.47,6681
2026-09-07T13:30:00+00:00,154.47,154.582,154.389,154.512,6858
2026-09-07T14:00:00+00:00,154.512,154.637,154.351,154.361,8829
2026-09-07T14:30:00+00:00,154.361,154.466,154.273,154.287,7908
2026-09-07T15:00:00+00:00,154.287,154.415,154.256,154.266,6804
2026-09-07T15:30:00+00:00,154.266,154.441,154.229,154.396,2022
2026-09-07T16:00:00+00:00,154.396,154.433,154.364,154.373,1357
2026-09-07T16:30:00+00:00,154.373,154.373,154.277,154.294,1428
2026-09-07T17:00:00+00:00,154.294,154.336,154.291,154.326,1903
2026-09-07T17:30:00+00:00,154.326,154.387,154.326,154.357,1062
2026-09-07T18:00:00+00:00,154.357,154.36,154.348,154.358,390
2026-09-07T18:30:00+00:00,154.358,154.359,154.338,154.339,356
2026-09-07T19:00:00+00:00,154.339,154.371,154.335,154.34,695
2026-09-07T19:30:00+00:00,154.34,154.375,154.338,154.36,737
2026-09-07T20:00:00+00:00,154.36,154.385,154.347,154.361,520
2026-09-07T20:30:00+00:00,154.361,154.377,154.329,154.342,600
2026-09-07T21:00:00+00:00,154.342,154.343,154.299,154.325,256
2026-09-07T21:30:00+00:00,154.325,154.362,154.318,154.33,803
2026-09-07T22:00:00+00:00,154.33,154.377,154.163,154.174,1983
2026-09-07T22:30:00+00:00,154.174,154.258,154.155,154.162,2070
2026-09-07T23:00:00+00:00,154.162,154.165,153.802,153.945,8506
2026-09-07T23:30:00+00:00,153.945,154.039,153.805,153.828,8608
2026-09-08T00:00:00+00:00,153.828,153.888,153.536,153.547,14162
2026-09-08T00:30:00+00:00,153.547,153.826,153.527,153.791,8753
2026-09-08T01:00:00+00:00,153.791,153.807,153.42,153.437,9821
2026-09-08T01:30:00+00:00,153.437,153.615,153.351,153.351,8830
2026-09-08T02:00:00+00:00,153.351,153.351,152.89,153.03,12401
2026-09-08T02:30:00+00:00,153.03,153.363,153.028,153.352,9015
2026-09-08T03:00:00+00:00,153.352,153.363,153.182,153.288,5640
2026-09-08T03:30:00+00:00,153.288,153.355,153.123,153.332,4926
2026-09-08T04:00:00+00:00,153.332,153.516,153.24,153.491,6674
2026-09-08T04:30:00+00:00,153.491,153.585,153.435,153.47,4820
2026-09-08T05:00:00+00:00,153.47,153.544,153.28,153.544,5815
2026-09-08T05:30:00+00:00,153.544,153.594,153.322,153.324,6787
2026-09-08T06:00:00+00:00,153.324,153.794,153.262,153.736,13373
2026-09-08T06:30:00+00:00,153.736,153.918,153.677,153.779,12623
2026-09-08T07:00:00+00:00,153.779,153.962,153.726,153.826,15729
2026-09-08T07:30:00+00:00,153.826,153.972,153.76,153.802,14926
2026-09-08T08:00:00+00:00,153.802,154.071,153.736,153.89,20031
2026-09-08T08:30:00+00:00,153.89,154.295,153.884,154.171,14907
2026-09-08T09:00:00+00:00,154.171,154.187,153.983,154.003,10870
2026-09-08T09:30:00+00:00,154.003,154.119,153.832,153.915,14422
2026-09-08T10:00:00+00:00,153.915,154.112,153.913,154.109,8258
2026-09-08T10:30:00+00:00,154.109,154.252,154.109,154.245,6526
2026-09-08T11:00:00+00:00,154.245,154.423,154.221,154.223,8350
2026-09-08T11:30:00+00:00,154.223,154.387,154.146,154.266,7362
2026-09-08T12:00:00+00:00,154.266,154.317,153.936,153.969,11359
2026-09-08T12:30:00+00:00,153.969,154.079,153.793,153.801,14447
2026-09-08T13:00:00+00:00,153.801,153.927,153.721,153.779,13588
2026-09-08T13:30:00+00:00,153.779,153.92,153.703,153.812,14893
2026-09-08T14:00:00+00:00,153.812,154.13,153.789,154.05,12878
2026-09-08T14:30:00+00:00,154.05,154.057,153.91,154.006,10973
2026-09-08T15:00:00+00:00,154.006,154.265,154.006,154.208,7963
2026-09-08T15:30:00+00:00,154.208,154.247,154.117,154.245,7376
2026-09-08T16:00:00+00:00,154.245,154.382,154.22,154.292,5580
2026-09-08T16:30:00+00:00,154.292,154.349,154.247,154.269,5528
2026-09-08T17:00:00+00:00,154.269,154.287,154.221,154.247,5541
2026-09-08T17:30:00+00:00,154.247,154.327,154.222,154.223,3926
2026-09-08T18:00:00+00:00,154.223,154.395,154.214,154.247,6476
2026-09-08T18:30:00+00:00,154.247,154.316,153.442,153.596,12607
2026-09-08T19:00:00+00:00,153.596,153.952,153.596,153.949,9314
2026-09-08T19:30:00+00:00,153.949,154.009,153.821,153.985,4423
2026-09-08T20:00:00+00:00,153.985,154.015,153.926,153.997,2117
2026-09-08T20:30:00+00:00,153.997,154.02,153.973,153.973,2331
2026-09-08T21:00:00+00:00,153.973,153.973,153.878,153.878,8
2026-09-08T21:30:00+00:00,153.878,153.903,153.851,153.857,824
2026-09-08T22:00:00+00:00,153.857,153.977,153.666,153.666,1806
2026-09-08T22:30:00+00:00,153.666,153.768,153.628,153.732,1764
2026-09-08T23:00:00+00:00,153.732,153.733,153.514,153.557,4421
2026-09-08T23:30:00+00:00,153.557,153.641,153.425,153.451,7874
2026-09-09T00:00:00+00:00,153.451,153.458,153.252,153.358,15662
2026-09-09T00:30:00+00:00,153.358,153.738,153.357,153.571,13049
2026-09-09T01:00:00+00:00,153.571,153.831,153.569,153.803,11013
2026-09-09T01:30:00+00:00,153.803,153.81,153.54299999999998,153.552,10023
2026-09-09T02:00:00+00:00,153.552,153.56,153.542,153.56,172
